"Player";"Position";"third";"channel";"Player ID";"Short name";"Birthdate";"Minutes played per match";"Adjusted min TIP per match";"Count performances that pass the quality check";"Count performances that fail the quality check";"Count opportunities to pass to Runs in sample";"Count opportunities to pass to Runs per 100 Pass Opportunities";"Count pass attempts for Runs per 100 Pass Opportunities";"Threat of all opportunities to pass to Runs per 100 Pass Opportunities";"Threat of Runs to which a pass was attempted per 100 Pass Opportunities";"Pass completion ratio to Runs";"Count Runs made by teammate per 100 Pass Opportunities";"Threat of Runs to which a pass was completed per 100 Pass Opportunities";"Count completed passes for Runs per 100 Pass Opportunities";"Count completed passes leading to shot for Runs per 100 Pass Opportunities";"Count completed passes leading to goal for Runs per 100 Pass Opportunities";"Count opportunities to pass to dangerous Runs per 100 Pass Opportunities";"Count pass attempts for dangerous Runs per 100 Pass Opportunities";"Count completed passes for dangerous Runs per 100 Pass Opportunities"
"Anouar Ait El Hadj";"AM";"all";"all";"26161";"A. Ait El Hadj";"2002-04-20";"83.37";"17.77";"7";"0";"79";"100";"69.62";"1.54";"1.04";"69.09";"158.23";"0.56";"48.1";"6.33";"0";"26.58";"17.72";"8.86"
"Antoine Bernier";"RW";"all";"all";"14624";"A. Bernier";"1997-09-10";"80.09";"19.44";"28";"0";"331";"100";"69.49";"2.53";"1.9";"74.35";"169.18";"1.09";"51.66";"11.18";"1.51";"33.23";"25.38";"13.9"
"Adriano Bertaccini";"AM";"all";"all";"586540";"A. Bertaccini";"2000-08-13";"97.13";"20.34";"5";"0";"43";"100";"65.12";"3.43";"2.05";"60.71";"179.07";"0.75";"39.53";"4.65";"2.33";"39.53";"23.26";"11.63"
"Adriano Bertaccini";"CF";"all";"all";"586540";"A. Bertaccini";"2000-08-13";"86.53";"23.39";"7";"0";"62";"100";"67.74";"2.28";"1.6";"73.81";"169.35";"0.99";"50";"14.52";"1.61";"41.94";"30.65";"20.97"
"Adriano Bertaccini";"LF";"all";"all";"586540";"A. Bertaccini";"2000-08-13";"94.13";"24.18";"7";"0";"69";"100";"76.81";"2.28";"1.9";"71.7";"182.61";"0.74";"55.07";"7.25";"0";"21.74";"18.84";"10.14"
"Adriano Bertaccini";"LW";"all";"all";"586540";"A. Bertaccini";"2000-08-13";"92.1";"20.81";"7";"0";"60";"100";"71.67";"2.32";"1.8";"69.77";"165";"1.01";"50";"11.67";"5";"31.67";"25";"13.33"
"Archibald Norman Brown";"LB";"all";"all";"31221";"A. Brown";"2002-05-28";"97.2";"24.04";"17";"0";"303";"100";"63.37";"1.62";"1.05";"72.92";"163.7";"0.59";"46.2";"3.3";"0.99";"22.11";"13.2";"6.6"
"Archibald Norman Brown";"LWB";"all";"all";"31221";"A. Brown";"2002-05-28";"84.46";"18.51";"9";"0";"157";"100";"68.79";"1.93";"1.26";"72.22";"166.88";"0.63";"49.68";"3.82";"0.64";"27.39";"19.75";"9.55"
"Alessio Castro-Montes";"RWB";"all";"all";"14709";"A. Castro-Montes";"1997-05-17";"95.26";"20.7";"8";"1";"163";"100";"63.8";"1.4";"1.03";"68.27";"156.44";"0.5";"43.56";"7.98";"1.84";"22.09";"15.95";"7.36"
"Antoine Colassin";"CF";"all";"all";"26172";"A. Colassin";"2001-02-26";"80.1";"18.07";"11";"0";"110";"100";"77.27";"2.67";"2.16";"68.24";"160";"1.2";"52.73";"6.36";"0.91";"39.09";"32.73";"17.27"
"Ayrton Enrique Costa";"LB";"all";"all";"36734";"A. Costa";"1999-07-12";"88.96";"20.84";"12";"0";"157";"100";"60.51";"1.13";"0.63";"84.21";"131.85";"0.47";"50.96";"4.46";"0";"16.56";"8.28";"4.46"
"Alfie Devine";"AM";"all";"all";"37837";"A. Devine";"2004-08-01";"97.66";"21.88";"10";"0";"133";"100";"65.41";"2.14";"1.6";"79.31";"157.89";"0.87";"51.88";"12.03";"2.26";"21.8";"16.54";"9.02"
"Anders Dreyer";"RF";"all";"all";"22898";"A. Dreyer";"1998-05-02";"92.07";"25.07";"11";"0";"138";"100";"63.04";"1.98";"1.44";"67.82";"151.45";"0.88";"42.75";"10.87";"0.72";"25.36";"20.29";"13.04"
"Andrés Martín Ferrari Malviera";"CF";"all";"all";"163031";"A. Ferrari";"2003-01-03";"79.32";"18.74";"11";"0";"65";"100";"76.92";"3.21";"2.62";"70";"160";"1.54";"53.85";"9.23";"1.54";"36.92";"27.69";"18.46"
"Abu Francis";"RM";"all";"all";"27441";"A. Francis";"2001-04-27";"92.94";"17.23";"11";"0";"84";"100";"59.52";"1.29";"0.75";"76";"145.24";"0.46";"45.24";"3.57";"0";"16.67";"9.52";"4.76"
"Andri Lucas Gudjohnsen";"CF";"all";"all";"163721";"A. Gudjohnsen";"2002-01-29";"81.02";"20.39";"16";"0";"119";"100";"73.11";"2.22";"1.74";"74.71";"159.66";"1.04";"54.62";"5.88";"0";"30.25";"22.69";"16.81"
"Andréas Hountondji";"CF";"all";"all";"42607";"A. Hountondji";"2002-07-11";"90.05";"19.8";"8";"0";"58";"100";"77.59";"4.56";"3.98";"64.44";"187.93";"2.57";"50";"17.24";"3.45";"60.34";"50";"29.31"
"Atsuki Ito";"RDM";"all";"all";"151024";"A. Ito";"1998-08-11";"92.04";"20.22";"5";"0";"37";"100";"72.97";"2.51";"2.31";"77.78";"167.57";"0.98";"56.76";"10.81";"2.7";"21.62";"18.92";"10.81"
"Atsuki Ito";"RM";"all";"all";"151024";"A. Ito";"1998-08-11";"92.47";"22.01";"11";"1";"124";"100";"62.1";"1.76";"0.87";"80.52";"146.77";"0.63";"50";"4.84";"1.61";"25";"11.29";"6.45"
"Ardon Jashari";"DM";"all";"all";"30533";"A. Jashari";"2002-07-30";"92.54";"27.68";"5";"0";"107";"100";"54.21";"1.26";"0.75";"82.76";"130.84";"0.57";"44.86";"4.67";"0.93";"14.02";"6.54";"5.61"
"Ardon Jashari";"LDM";"all";"all";"30533";"A. Jashari";"2002-07-30";"91.98";"26.11";"23";"0";"429";"100";"58.04";"1.68";"0.96";"77.91";"148.02";"0.67";"45.22";"7.23";"1.4";"26.81";"14.45";"9.56"
"Abdelkahar Kadri";"LM";"all";"all";"63341";"A. Kadri";"2000-06-24";"92.7";"18.12";"10";"0";"119";"100";"58.82";"1.66";"1.09";"78.57";"152.1";"0.65";"46.22";"5.88";"0.84";"22.69";"14.29";"7.56"
"Anan Khalaili";"RWB";"all";"all";"514530";"A. Khalaili";"2004-09-03";"91.41";"19.24";"21";"0";"304";"100";"64.14";"2.28";"1.67";"66.15";"159.54";"0.7";"42.43";"5.92";"1.64";"23.36";"18.75";"7.24"
"Apostolos Konstantopoulos";"RB";"all";"all";"30068";"A. Konstantopoulos";"2002-08-02";"99.45";"21.66";"9";"0";"120";"100";"52.5";"0.65";"0.34";"77.78";"139.17";"0.23";"40.83";"1.67";"0";"5.83";"2.5";"0.83"
"Apostolos Konstantopoulos";"RCB";"all";"all";"30068";"A. Konstantopoulos";"2002-08-02";"98.22";"22.18";"20";"0";"248";"100";"47.98";"0.39";"0.2";"78.15";"129.03";"0.12";"37.5";"1.61";"0";"3.23";"2.02";"1.21"
"Ali Maamar";"LWB";"all";"all";"584981";"A. Maamar";"2005-03-23";"91.84";"24.51";"5";"0";"79";"100";"46.84";"1.03";"0.39";"78.38";"137.97";"0.29";"36.71";"5.06";"0";"11.39";"3.8";"2.53"
"Ali Maamar";"RB";"all";"all";"584981";"A. Maamar";"2005-03-23";"91.88";"23.94";"7";"0";"109";"100";"59.63";"1.6";"1.03";"83.08";"149.54";"0.59";"49.54";"6.42";"0.92";"18.35";"9.17";"5.5"
"Aiden O''Neill";"DM";"all";"all";"560883";"A. O''Neill";"1998-07-04";"97.66";"19.79";"19";"0";"158";"100";"58.23";"1.06";"0.63";"70.65";"128.48";"0.27";"41.14";"4.43";"0";"12.66";"7.59";"1.9"
"Aziz Mohammed Ouattara";"DM";"all";"all";"61122";"A. Ouattara";"2001-01-04";"94.62";"26.03";"5";"0";"61";"100";"52.46";"0.99";"0.67";"78.12";"144.26";"0.28";"40.98";"3.28";"1.64";"9.84";"9.84";"3.28"
"Aziz Mohammed Ouattara";"RM";"all";"all";"61122";"A. Ouattara";"2001-01-04";"92.74";"22.91";"10";"0";"85";"100";"54.12";"0.85";"0.47";"73.91";"134.12";"0.24";"40";"5.88";"2.35";"8.24";"4.71";"2.35"
"Arthur Piedfort";"LDM";"all";"all";"514749";"A. Piedfort";"2005-02-01";"82.94";"18.38";"7";"0";"55";"100";"72.73";"2.09";"1.34";"67.5";"187.27";"0.61";"49.09";"10.91";"0";"29.09";"16.36";"9.09"
"Allahyar Sayyadmanesh";"LW";"all";"all";"29498";"A. Sayyadmanesh";"2001-06-29";"81.8";"17.48";"16";"0";"168";"100";"59.52";"2.42";"1.59";"63";"164.29";"0.89";"37.5";"6.55";"1.79";"36.31";"22.62";"11.31"
"Aurélien Scheidler";"CF";"all";"all";"22162";"A. Scheidler";"1998-06-04";"85.55";"18.43";"23";"0";"228";"100";"77.63";"2.41";"1.95";"64.41";"156.14";"1.18";"50";"7.02";"0.88";"35.09";"26.75";"15.35"
"Abdoulaye Sissako";"RCB";"all";"all";"13367";"A. Sissako";"1998-05-26";"97.37";"20.32";"7";"0";"89";"100";"55.06";"0.37";"0.17";"89.8";"134.83";"0.13";"49.44";"1.12";"1.12";"1.12";"0";"0"
"Abdoulaye Sissako";"RM";"all";"all";"13367";"A. Sissako";"1998-05-26";"93.45";"17.17";"7";"0";"65";"100";"60";"1.44";"0.85";"76.92";"143.08";"0.51";"46.15";"3.08";"1.54";"24.62";"15.38";"7.69"
"Andreas Skov Olsen";"RW";"all";"all";"16470";"A. Skov Olsen";"1999-12-29";"77.62";"22.42";"11";"0";"186";"100";"61.29";"2.49";"1.76";"76.32";"161.29";"1.01";"46.77";"12.9";"2.69";"33.33";"25.81";"16.13"
"Ahmed Touba";"CB";"all";"all";"33487";"A. Touba";"1998-03-13";"95.14";"27.61";"9";"0";"110";"100";"50.91";"0.41";"0.19";"89.29";"124.55";"0.11";"45.45";"0.91";"0";"0.91";"0.91";"0"
"Ahmed Touba";"LCB";"all";"all";"33487";"A. Touba";"1998-03-13";"99.55";"26.13";"12";"0";"267";"100";"50.19";"0.63";"0.35";"79.85";"138.2";"0.23";"40.07";"1.12";"0";"4.49";"2.62";"1.87"
"Anthony Lenin Valencia Bajaña";"RW";"all";"all";"123701";"A. Valencia";"2003-07-21";"83.41";"21.55";"5";"0";"62";"100";"51.61";"2.39";"1.47";"75";"175.81";"0.78";"38.71";"8.06";"1.61";"38.71";"22.58";"12.9"
"Andi Zeqiri";"CF";"all";"all";"24408";"A. Zeqiri";"1999-06-22";"78.55";"16.47";"23";"0";"151";"100";"74.83";"2.54";"1.94";"76.99";"179.47";"1.21";"57.62";"12.58";"1.32";"34.44";"26.49";"17.22"
"Adem Zorgane";"LDM";"all";"all";"61694";"A. Zorgane";"2000-01-06";"97.3";"22.69";"20";"0";"517";"100";"60.35";"1.48";"0.86";"78.85";"142.55";"0.59";"47.58";"6.58";"0.77";"23.4";"13.73";"8.9"
"Adem Zorgane";"RDM";"all";"all";"61694";"A. Zorgane";"2000-01-06";"98.86";"23.82";"15";"0";"380";"100";"56.32";"1.32";"0.71";"80.37";"133.42";"0.48";"45.26";"7.63";"1.05";"18.68";"9.74";"6.58"
"Adryelson Shawann Lima Silva";"RCB";"all";"all";"32844";"Adryelson";"1998-03-23";"94.3";"25.11";"7";"0";"112";"100";"45.54";"0.38";"0.07";"96.08";"121.43";"0.06";"43.75";"0.89";"0";"0.89";"0";"0"
"Aiham Ousou";"LCB";"all";"all";"30606";"Aiham Ousou";"2000-01-09";"96.71";"22.42";"10";"0";"94";"100";"48.94";"0.37";"0.21";"82.61";"120.21";"0.15";"40.43";"1.06";"0";"4.26";"2.13";"1.06"
"Aiham Ousou";"RCB";"all";"all";"30606";"Aiham Ousou";"2000-01-09";"98.84";"23.64";"11";"0";"148";"100";"51.35";"0.35";"0.21";"86.84";"130.41";"0.15";"44.59";"1.35";"0";"2.7";"1.35";"1.35"
"Billal Brahimi";"RF";"all";"all";"18941";"B. Brahimi";"2000-03-14";"85.64";"22.29";"8";"0";"162";"100";"62.35";"2.17";"1.53";"67.33";"170.37";"0.81";"41.98";"8.64";"1.23";"32.72";"24.07";"12.96"
"Billal Brahimi";"RW";"all";"all";"18941";"B. Brahimi";"2000-03-14";"90.06";"19.31";"5";"0";"103";"100";"66.99";"2.88";"2.4";"75.36";"197.09";"1.77";"50.49";"15.53";"2.91";"41.75";"35.92";"25.24"
"Brecht Dejaegere";"RM";"all";"all";"1455";"B. Dejaegere";"1991-05-29";"72.14";"15.14";"7";"0";"63";"100";"71.43";"1.56";"1.27";"66.67";"155.56";"0.47";"47.62";"4.76";"1.59";"14.29";"12.7";"4.76"
"Bruno Godeau";"CB";"all";"all";"1502";"B. Godeau";"1992-05-10";"96.32";"23.8";"7";"0";"75";"100";"53.33";"0.55";"0.34";"82.5";"120";"0.24";"44";"0";"0";"8";"6.67";"5.33"
"Bruno Godeau";"LCB";"all";"all";"1502";"B. Godeau";"1992-05-10";"96.04";"23.09";"22";"0";"362";"100";"49.17";"0.67";"0.33";"80.9";"141.99";"0.22";"39.78";"2.49";"0.28";"7.18";"2.76";"1.93"
"Bryan Gonçalves";"LCB";"all";"all";"16110";"B. Gonçalves";"1996-07-19";"93.2";"19.66";"16";"0";"209";"100";"54.55";"0.68";"0.42";"71.93";"133.49";"0.2";"39.23";"1.91";"0";"5.74";"3.83";"1.44"
"Bryan Heynen";"LDM";"all";"all";"1539";"B. Heynen";"1997-02-06";"97.86";"28.81";"25";"0";"482";"100";"52.7";"1.27";"0.67";"79.92";"131.54";"0.44";"42.12";"4.77";"0.62";"14.94";"7.88";"4.98"
"Bryan Heynen";"LM";"all";"all";"1539";"B. Heynen";"1997-02-06";"99.28";"26.64";"8";"0";"116";"100";"62.07";"1.48";"0.99";"72.22";"138.79";"0.54";"44.83";"6.9";"0";"23.28";"15.52";"9.48"
"Bram Lagae";"LCB";"all";"all";"102829";"B. Lagae";"2004-01-14";"99.25";"19.44";"15";"0";"208";"100";"50.96";"0.68";"0.33";"73.58";"136.06";"0.22";"37.5";"2.88";"0";"5.77";"1.92";"1.44"
"Brandon Mechele";"LCB";"all";"all";"1441";"B. Mechele";"1993-01-28";"99.16";"27.33";"35";"0";"492";"100";"49.59";"0.43";"0.23";"86.48";"120.93";"0.17";"42.89";"2.24";"0.2";"3.46";"1.83";"1.02"
"Brandon Mechele";"RCB";"all";"all";"1441";"B. Mechele";"1993-01-28";"98.28";"30.37";"5";"0";"97";"100";"48.45";"0.42";"0.18";"89.36";"127.84";"0.11";"43.3";"2.06";"0";"4.12";"2.06";"0"
"Billal Messaoudi";"CF";"all";"all";"80636";"B. Messaoudi";"1997-12-21";"84.45";"16.97";"6";"0";"44";"100";"75";"2.52";"2.05";"78.79";"177.27";"0.85";"59.09";"9.09";"0";"27.27";"20.45";"11.36"
"Bruny Nsimba";"CF";"all";"all";"32774";"B. Nsimba";"2000-04-05";"89.46";"18.26";"27";"1";"270";"100";"69.26";"3.8";"2.83";"60.43";"168.52";"1.56";"41.85";"12.96";"2.59";"51.48";"37.78";"20.74"
"Brian Plat";"LB";"all";"all";"38013";"B. Plat";"2000-04-05";"91.28";"19.53";"16";"0";"126";"100";"49.21";"0.99";"0.51";"72.58";"136.51";"0.21";"35.71";"0.79";"0";"11.11";"3.97";"0.79"
"Brian Plat";"RB";"all";"all";"38013";"B. Plat";"2000-04-05";"93.88";"21.9";"6";"0";"43";"100";"51.16";"0.82";"0.3";"68.18";"141.86";"0.16";"34.88";"2.33";"0";"13.95";"2.33";"2.33"
"Benito Raman";"CF";"all";"all";"1266";"B. Raman";"1994-11-07";"79.38";"22.25";"13";"0";"97";"100";"81.44";"3.71";"3.24";"60.76";"171.13";"1.26";"49.48";"9.28";"2.06";"43.3";"35.05";"16.49"
"Bryan Reynolds";"RB";"all";"all";"27114";"B. Reynolds";"2001-06-28";"95.74";"21.18";"32";"0";"651";"100";"65.9";"1.24";"0.92";"75.29";"156.37";"0.5";"49.62";"6.76";"0.92";"15.21";"11.83";"6.14"
"Bas Van den Eynden";"CB";"all";"all";"32799";"B. Van den Eynden";"2002-01-07";"96.47";"22.15";"11";"0";"111";"100";"46.85";"0.29";"0.1";"86.54";"123.42";"0.08";"40.54";"0";"0";"1.8";"0";"0"
"Birger Verstraete";"DM";"all";"all";"1353";"B. Verstraete";"1994-04-16";"98.95";"22.78";"11";"0";"83";"100";"48.19";"0.87";"0.44";"67.5";"128.92";"0.3";"32.53";"6.02";"0";"10.84";"4.82";"3.61"
"Birger Verstraete";"LDM";"all";"all";"1353";"B. Verstraete";"1994-04-16";"96.69";"25.45";"9";"0";"75";"100";"56";"0.94";"0.58";"80.95";"132";"0.47";"45.33";"5.33";"1.33";"14.67";"9.33";"6.67"
"Birger Verstraete";"RM";"all";"all";"1353";"B. Verstraete";"1994-04-16";"90.02";"17.67";"5";"0";"28";"100";"57.14";"1.18";"0.71";"87.5";"117.86";"0.66";"50";"14.29";"3.57";"14.29";"7.14";"7.14"
"Boško Šutalo";"RCB";"all";"all";"16623";"B. Šutalo";"2000-01-01";"95.01";"18.81";"20";"0";"249";"100";"57.43";"0.34";"0.23";"76.92";"141.37";"0.13";"44.18";"1.2";"0";"1.61";"1.61";"0.8"
"Christopher Bonsu Baah";"LF";"all";"all";"626475";"C. Bonsu Baah";"2004-12-14";"87.35";"26.2";"5";"0";"78";"100";"62.82";"2.28";"1.5";"67.35";"148.72";"0.7";"42.31";"7.69";"0";"32.05";"21.79";"12.82"
"Christopher Bonsu Baah";"LW";"all";"all";"626475";"C. Bonsu Baah";"2004-12-14";"85.06";"25.5";"21";"0";"336";"100";"61.61";"2.64";"1.78";"78.74";"156.85";"1.2";"48.51";"11.61";"2.98";"38.1";"25";"16.96"
"Christian Burgess";"CB";"all";"all";"18975";"C. Burgess";"1991-10-07";"98.74";"20.61";"28";"1";"174";"100";"49.43";"0.37";"0.2";"79.07";"119.54";"0.14";"39.08";"1.72";"0.57";"2.87";"1.72";"1.15"
"Colin Dagba";"RB";"all";"all";"12154";"C. Dagba";"1998-09-09";"90.37";"19.47";"11";"0";"159";"100";"55.97";"0.6";"0.39";"77.53";"135.22";"0.26";"43.4";"5.66";"1.26";"6.92";"4.4";"3.14"
"Colin Dagba";"RW";"all";"all";"12154";"C. Dagba";"1998-09-09";"73.47";"16.8";"5";"0";"37";"100";"62.16";"1.06";"0.69";"69.57";"127.03";"0.22";"43.24";"2.7";"0";"10.81";"5.41";"0"
"Charles Chukwubuikem Ikwuemesi";"CF";"all";"all";"586396";"C. Ikwuemesi";"2001-08-05";"92.47";"23.19";"22";"0";"141";"100";"65.96";"2.95";"2.27";"72.04";"174.47";"1.49";"47.52";"9.22";"0";"41.84";"31.91";"18.44"
"Charly Keita";"CF";"all";"all";"63428";"C. Keita";"1999-06-16";"85.96";"18.31";"9";"0";"42";"100";"66.67";"1.69";"0.9";"71.43";"157.14";"0.59";"47.62";"9.52";"0";"19.05";"9.52";"4.76"
"Cheick Keita";"LCB";"all";"all";"550448";"C. Keita";"2003-04-02";"97.87";"21.28";"5";"0";"29";"100";"41.38";"0.86";"0.21";"91.67";"131.03";"0.14";"37.93";"3.45";"0";"10.34";"3.45";"0"
"Cheick Keita";"RCB";"all";"all";"550448";"C. Keita";"2003-04-02";"93.7";"21.19";"13";"0";"143";"100";"55.24";"0.27";"0.16";"79.75";"130.07";"0.1";"44.06";"1.4";"0.7";"1.4";"0.7";"0.7"
"Christiaan Ravych";"CB";"all";"all";"116555";"C. Ravych";"2002-07-30";"98.87";"17.55";"21";"0";"106";"100";"61.32";"0.67";"0.5";"76.92";"148.11";"0.23";"47.17";"4.72";"0";"7.55";"6.6";"1.89"
"Christiaan Ravych";"LCB";"all";"all";"116555";"C. Ravych";"2002-07-30";"98.57";"18.62";"5";"0";"72";"100";"63.89";"1.42";"0.82";"71.74";"170.83";"0.42";"45.83";"4.17";"0";"11.11";"8.33";"2.78"
"Chemsdine Talbi";"RW";"all";"all";"73364";"C. Talbi";"2005-05-09";"79.66";"23.82";"9";"0";"147";"100";"60.54";"2.92";"2.06";"69.66";"183.67";"1.18";"42.18";"14.97";"2.72";"40.14";"29.93";"18.37"
"Christos Tzolis";"LW";"all";"all";"29032";"C. Tzolis";"2002-01-30";"86.54";"25.37";"23";"0";"351";"100";"64.67";"3.18";"2.06";"71.37";"173.22";"1.11";"46.15";"9.69";"1.14";"45.87";"31.34";"17.38"
"Christos Tzolis";"RW";"all";"all";"29032";"C. Tzolis";"2002-01-30";"92.55";"27.6";"7";"0";"128";"100";"60.16";"3.2";"2.35";"71.43";"164.84";"1.22";"42.97";"11.72";"2.34";"42.97";"30.47";"16.41"
"Charles Vanhoutte";"DM";"all";"all";"14650";"C. Vanhoutte";"1998-09-16";"93.78";"20.7";"17";"1";"167";"100";"55.09";"1.17";"0.65";"65.22";"135.93";"0.33";"35.93";"3.59";"0";"14.97";"7.78";"4.19"
"Charles Vanhoutte";"LM";"all";"all";"14650";"C. Vanhoutte";"1998-09-16";"97.02";"18.78";"6";"0";"55";"100";"65.45";"1.12";"0.62";"88.89";"140";"0.5";"58.18";"5.45";"0";"20";"7.27";"5.45"
"Charles Vanhoutte";"RM";"all";"all";"14650";"C. Vanhoutte";"1998-09-16";"98.44";"18.94";"6";"0";"48";"100";"64.58";"1.1";"0.57";"77.42";"137.5";"0.36";"50";"10.42";"2.08";"10.42";"2.08";"0"
"David Bates";"CB";"all";"all";"19363";"D. Bates";"1996-10-05";"95.7";"16.3";"9";"0";"57";"100";"50.88";"0.27";"0.11";"86.21";"121.05";"0.1";"43.86";"0";"0";"1.75";"0";"0"
"Dion De Neve";"LWB";"all";"all";"60040";"D. De Neve";"2001-06-12";"91.56";"19.5";"15";"0";"205";"100";"70.24";"2.39";"1.9";"63.19";"162.44";"0.68";"44.39";"6.34";"0.98";"32.68";"24.88";"9.76"
"Daan Dierckx";"RCB";"all";"all";"35550";"D. Dierckx";"2003-02-24";"88.69";"18.59";"9";"0";"60";"100";"60";"0.36";"0.25";"77.78";"136.67";"0.15";"46.67";"5";"0";"1.67";"1.67";"1.67"
"Dennis Eckert Ayensa";"CF";"all";"all";"13928";"D. Eckert Ayensa";"1997-01-09";"89.3";"19.51";"30";"0";"336";"100";"71.13";"2.31";"1.7";"73.64";"174.4";"1.12";"52.38";"6.85";"0.89";"35.71";"25";"15.77"
"Daam Foulon";"LWB";"all";"all";"14748";"D. Foulon";"1999-03-23";"99.66";"26.8";"14";"0";"297";"100";"60.27";"1.45";"1.04";"74.3";"156.57";"0.51";"44.78";"3.7";"1.01";"20.2";"15.15";"6.06"
"Doğucan Haspolat";"DM";"all";"all";"19028";"D. Haspolat";"2000-02-11";"99.2";"21.74";"8";"0";"50";"100";"74";"1.28";"1";"81.08";"128";"0.62";"60";"14";"2";"16";"14";"10"
"Doğucan Haspolat";"RDM";"all";"all";"19028";"D. Haspolat";"2000-02-11";"100.31";"21.09";"16";"0";"156";"100";"58.33";"1.07";"0.6";"80.22";"142.95";"0.45";"46.79";"6.41";"1.92";"12.18";"7.05";"5.77"
"Doğucan Haspolat";"RM";"all";"all";"19028";"D. Haspolat";"2000-02-11";"94.35";"21.1";"6";"0";"47";"100";"55.32";"0.79";"0.38";"69.23";"129.79";"0.26";"38.3";"6.38";"2.13";"12.77";"4.26";"4.26"
"Daan Heymans";"AM";"all";"all";"29935";"D. Heymans";"1999-06-15";"98.23";"23.07";"33";"0";"580";"100";"70.34";"1.9";"1.32";"79.66";"147.24";"0.84";"56.03";"8.45";"0.86";"26.03";"17.76";"11.9"
"David Hrnčár";"RWB";"all";"all";"16856";"D. Hrnčár";"1997-12-10";"90.99";"20.04";"23";"0";"381";"100";"62.2";"1.49";"1.07";"62.87";"147.24";"0.5";"39.11";"4.99";"0.52";"17.32";"11.55";"5.25"
"Didier Lamkel Zé";"CF";"all";"all";"14622";"D. Lamkel Zé";"1996-09-17";"88.59";"20";"9";"0";"104";"100";"67.31";"2.49";"1.75";"57.14";"168.27";"0.96";"38.46";"7.69";"0";"41.35";"27.88";"17.31"
"Denis Odoi";"LCB";"all";"all";"2614";"D. Odoi";"1988-05-27";"92.69";"24.51";"5";"0";"67";"100";"53.73";"0.72";"0.54";"80.56";"126.87";"0.3";"43.28";"2.99";"0";"2.99";"2.99";"1.49"
"Denis Odoi";"RDM";"all";"all";"2614";"D. Odoi";"1988-05-27";"99.13";"25.06";"12";"0";"144";"100";"52.78";"1.04";"0.63";"80.26";"135.42";"0.43";"42.36";"3.47";"2.08";"13.19";"8.33";"4.86"
"Dennis Praet";"LDM";"all";"all";"2645";"D. Praet";"1994-05-14";"83.22";"19.71";"6";"0";"46";"100";"54.35";"1.12";"0.56";"72";"113.04";"0.3";"39.13";"2.17";"0";"21.74";"8.7";"2.17"
"Dennis Praet";"RDM";"all";"all";"2645";"D. Praet";"1994-05-14";"79.48";"20.56";"6";"0";"51";"100";"70.59";"1.27";"1.09";"63.89";"133.33";"0.84";"45.1";"1.96";"0";"15.69";"13.73";"11.76"
"Daishawn Redan";"CF";"all";"all";"24946";"D. Redan";"2001-02-02";"88.68";"22.87";"5";"0";"27";"100";"74.07";"2.2";"1.51";"70";"162.96";"0.83";"51.85";"18.52";"7.41";"33.33";"22.22";"11.11"
"Dembo Sylla";"RWB";"all";"all";"187090";"D. Sylla";"2002-11-10";"80.57";"17.14";"8";"0";"80";"100";"65";"1.71";"1.42";"73.08";"151.25";"0.8";"47.5";"2.5";"0";"22.5";"18.75";"11.25"
"Derrick Katuku Tshimanga";"LCB";"all";"all";"2665";"D. Tshimanga";"1988-11-06";"99.81";"23.02";"8";"0";"104";"100";"58.65";"0.7";"0.38";"72.13";"134.62";"0.25";"42.31";"1.92";"0";"4.81";"1.92";"1.92"
"Dante Vanzeir";"CF";"all";"all";"25069";"D. Vanzeir";"1998-04-16";"88.25";"20.81";"16";"0";"195";"100";"75.9";"3.15";"2.5";"70.27";"166.67";"1.54";"53.33";"13.33";"1.03";"42.56";"32.82";"17.95"
"Ezechiel Banzuzi";"LM";"all";"all";"70886";"E. Banzuzi";"2005-02-16";"87.84";"19.65";"11";"0";"106";"100";"63.21";"1.43";"0.79";"80.6";"158.49";"0.5";"50.94";"5.66";"0";"19.81";"10.38";"5.66"
"Ezechiel Banzuzi";"RDM";"all";"all";"70886";"E. Banzuzi";"2005-02-16";"97.61";"25.32";"8";"0";"90";"100";"55.56";"1.52";"0.8";"90";"136.67";"0.63";"50";"10";"2.22";"22.22";"10";"7.78"
"Emin Bayram";"LCB";"all";"all";"24461";"E. Bayram";"2003-04-02";"97.96";"20.29";"12";"0";"139";"100";"48.92";"0.5";"0.25";"88.24";"128.78";"0.19";"43.17";"2.16";"0";"5.04";"1.44";"1.44"
"Emin Bayram";"RCB";"all";"all";"24461";"E. Bayram";"2003-04-02";"96.04";"22.83";"11";"0";"163";"100";"57.06";"0.59";"0.3";"77.42";"132.52";"0.16";"44.17";"4.29";"0";"7.98";"3.68";"1.23"
"Etienne Camara";"LDM";"all";"all";"179276";"E. Camara";"2003-03-30";"90.07";"22.01";"10";"0";"95";"100";"51.58";"0.92";"0.54";"93.88";"134.74";"0.42";"48.42";"5.26";"0";"12.63";"9.47";"7.37"
"Ewan Henderson";"RW";"all";"all";"30486";"E. Henderson";"2000-03-27";"97.05";"22.28";"13";"0";"178";"100";"67.98";"1.82";"1.37";"68.6";"153.37";"0.7";"46.63";"7.3";"1.12";"28.09";"21.91";"11.8"
"Emmanuel Kakou";"LCB";"all";"all";"819000";"E. Kakou";"2005-06-30";"97.1";"15.65";"11";"0";"60";"100";"46.67";"0.74";"0.43";"67.86";"126.67";"0.17";"31.67";"0";"0";"5";"3.33";"1.67"
"Ewoud Pletinckx";"CB";"all";"all";"14682";"E. Pletinckx";"2000-10-10";"96.94";"17.33";"5";"0";"28";"100";"60.71";"0.22";"0.16";"94.12";"128.57";"0.15";"57.14";"7.14";"3.57";"0";"0";"0"
"Ewoud Pletinckx";"RCB";"all";"all";"14682";"E. Pletinckx";"2000-10-10";"91.68";"22.28";"8";"0";"103";"100";"49.51";"0.24";"0.1";"80.39";"128.16";"0.06";"39.81";"0.97";"0";"0.97";"0";"0"
"Edgaras Utkus";"LCB";"all";"all";"34444";"E. Utkus";"2000-06-22";"96.41";"21.48";"5";"0";"43";"100";"46.51";"0.89";"0.3";"75";"134.88";"0.16";"34.88";"4.65";"0";"9.3";"0";"0"
"Edgaras Utkus";"RCB";"all";"all";"34444";"E. Utkus";"2000-06-22";"95.02";"18.46";"6";"0";"54";"100";"37.04";"0.69";"0.36";"60";"127.78";"0.26";"22.22";"1.85";"0";"5.56";"3.7";"3.7"
"Erick Nunes Barbosa dos Santos";"RWB";"all";"all";"809827";"Erick";"2004-02-29";"84.09";"15.25";"14";"0";"125";"100";"72.8";"2.76";"1.94";"59.34";"151.2";"0.74";"43.2";"10.4";"0.8";"34.4";"24.8";"12.8"
"Francis Amuzu";"LF";"all";"all";"14536";"F. Amuzu";"1999-08-23";"81.37";"23.72";"5";"0";"70";"100";"60";"2.97";"1.96";"64.29";"171.43";"0.62";"38.57";"1.43";"0";"45.71";"28.57";"10"
"Fabio Ferraro";"LWB";"all";"all";"70426";"F. Ferraro";"2002-09-03";"87.72";"18.76";"30";"0";"458";"100";"62.66";"1.63";"1.11";"68.64";"158.73";"0.56";"43.01";"3.93";"0.44";"22.27";"16.16";"6.77"
"Fredrik Hammar";"DM";"all";"all";"28940";"F. Hammar";"2001-02-26";"98.53";"23.89";"6";"0";"33";"100";"57.58";"0.63";"0.38";"73.68";"127.27";"0.32";"42.42";"3.03";"0";"6.06";"3.03";"3.03"
"Fredrik Hammar";"RM";"all";"all";"28940";"F. Hammar";"2001-02-26";"89.03";"23.76";"8";"0";"58";"100";"50";"0.98";"0.44";"62.07";"129.31";"0.17";"31.03";"0";"0";"12.07";"3.45";"1.72"
"Franjo Ivanović";"CF";"all";"all";"105825";"F. Ivanović";"2003-10-01";"85.53";"17.99";"23";"1";"221";"100";"69.68";"3.5";"2.66";"68.83";"175.11";"1.5";"47.96";"10.86";"1.81";"44.8";"33.03";"19.91"
"Franjo Ivanović";"RF";"all";"all";"105825";"F. Ivanović";"2003-10-01";"82.63";"18.94";"5";"0";"44";"100";"45.45";"2.34";"1.13";"80";"156.82";"0.9";"36.36";"9.09";"4.55";"40.91";"15.91";"11.36"
"Fedde Leysen";"LCB";"all";"all";"39736";"F. Leysen";"2003-07-09";"95.48";"22.34";"13";"1";"175";"100";"48.57";"0.95";"0.45";"62.35";"137.71";"0.17";"30.29";"2.86";"0";"9.71";"4";"0"
"Federico Ricca Rostagnol";"LCB";"all";"all";"3346";"F. Ricca";"1994-12-01";"98.81";"22.99";"21";"1";"347";"100";"49.57";"0.61";"0.28";"81.4";"130.84";"0.17";"40.35";"0.29";"0";"7.2";"2.02";"0.58"
"Franck Surdez";"LW";"all";"all";"769783";"F. Surdez";"2002-05-05";"78.85";"21.49";"7";"0";"104";"100";"60.58";"2.43";"1.41";"79.37";"157.69";"0.94";"48.08";"9.62";"3.85";"30.77";"17.31";"12.5"
"Faisal Al Ghamdi";"LDM";"all";"all";"732074";"Faisal Al Ghamdi";"2001-08-13";"91.12";"22.28";"10";"0";"135";"100";"68.89";"1.6";"1.09";"69.89";"143.7";"0.42";"48.15";"5.93";"0";"20.74";"13.33";"4.44"
"Faisal Al Ghamdi";"LM";"all";"all";"732074";"Faisal Al Ghamdi";"2001-08-13";"98.09";"20.81";"12";"0";"132";"100";"60.61";"1.94";"0.95";"76.25";"156.06";"0.65";"46.21";"6.82";"0.76";"27.27";"17.42";"12.12"
"Felipe Augusto da Silva";"CF";"all";"all";"55009";"Felipe Augusto";"2004-02-18";"88.11";"15.73";"11";"0";"62";"100";"79.03";"3.31";"2.88";"53.06";"172.58";"1.41";"41.94";"8.06";"0";"43.55";"35.48";"17.74"
"Ferrán Jutglà Blanch";"CF";"all";"all";"26601";"Ferrán Jutglà";"1999-02-01";"83.3";"24.23";"9";"0";"110";"100";"71.82";"2.61";"1.83";"75.95";"169.09";"1.09";"54.55";"14.55";"0.91";"43.64";"33.64";"21.82"
"Ferrán Jutglà Blanch";"LW";"all";"all";"26601";"Ferrán Jutglà";"1999-02-01";"90.76";"28.87";"6";"0";"97";"100";"65.98";"2.71";"2.03";"82.81";"170.1";"1.55";"54.64";"16.49";"2.06";"39.18";"28.87";"20.62"
"Flávio Basilua Jacinto Nazinho";"LB";"all";"all";"42119";"Flávio Nazinho";"2003-07-20";"94.95";"14.98";"5";"0";"45";"100";"64.44";"2.1";"1.29";"75.86";"157.78";"0.7";"48.89";"6.67";"0";"26.67";"17.78";"8.89"
"Flávio Basilua Jacinto Nazinho";"LWB";"all";"all";"42119";"Flávio Nazinho";"2003-07-20";"87.14";"15.4";"9";"0";"114";"100";"68.42";"2.71";"1.54";"58.97";"174.56";"0.78";"40.35";"7.02";"0.88";"36.84";"21.05";"10.53"
"Gilles Dewaele";"RWB";"all";"all";"32764";"G. Dewaele";"1996-02-13";"84.82";"17.98";"8";"0";"89";"100";"71.91";"1.13";"0.96";"68.75";"137.08";"0.43";"49.44";"5.62";"2.25";"12.36";"11.24";"4.49"
"Geoffry Hairemans";"RM";"all";"all";"25065";"G. Hairemans";"1991-10-21";"86.36";"22.18";"6";"0";"138";"100";"73.91";"2";"1.46";"68.63";"150.72";"0.8";"50.72";"5.8";"0";"31.16";"20.29";"9.42"
"Gyrano Kerk";"LW";"all";"all";"4167";"G. Kerk";"1995-12-02";"88.58";"23.28";"14";"0";"163";"100";"76.69";"2.67";"2.17";"65.6";"160.74";"1.19";"50.31";"9.82";"0.61";"39.26";"31.29";"18.4"
"Gyrano Kerk";"RW";"all";"all";"4167";"G. Kerk";"1995-12-02";"87.75";"20.57";"16";"0";"163";"100";"76.07";"4.01";"3.24";"62.1";"162.58";"1.47";"47.24";"11.04";"1.23";"43.56";"34.97";"17.18"
"Grejohn Kyei";"CF";"all";"all";"4092";"G. Kyei";"1995-08-12";"69.61";"17.34";"5";"0";"31";"100";"61.29";"2.25";"1.77";"73.68";"167.74";"0.86";"45.16";"16.13";"0";"29.03";"22.58";"12.9"
"Gary Magnée";"LWB";"all";"all";"28832";"G. Magnée";"1999-10-12";"84.12";"15.6";"16";"0";"171";"100";"63.74";"1.77";"1.26";"64.22";"156.14";"0.63";"40.94";"4.09";"0.58";"29.24";"21.05";"9.36"
"Gary Magnée";"RWB";"all";"all";"28832";"G. Magnée";"1999-10-12";"82.92";"15.51";"5";"0";"56";"100";"58.93";"1.43";"1.01";"39.39";"148.21";"0.25";"23.21";"1.79";"0";"21.43";"14.29";"1.79"
"Gustaf Nilsson";"CF";"all";"all";"28110";"G. Nilsson";"1997-05-23";"86.78";"24.59";"20";"0";"138";"100";"73.19";"2.94";"2.44";"66.34";"162.32";"1.28";"48.55";"13.04";"1.45";"39.13";"30.43";"17.39"
"Gilles Ruyssen";"RCB";"all";"all";"3934";"G. Ruyssen";"1994-06-18";"97.37";"20.27";"36";"0";"434";"100";"48.16";"0.28";"0.14";"90.43";"126.27";"0.1";"43.55";"0.92";"0.23";"0.69";"0.46";"0"
"Griffin Yow";"RW";"all";"all";"27108";"G. Yow";"2002-09-25";"86.23";"19.54";"18";"0";"213";"100";"69.01";"2.55";"2.07";"57.82";"166.2";"0.94";"39.91";"5.16";"0.94";"34.27";"27.7";"12.21"
"Haruya Fujii";"RCB";"all";"all";"26915";"H. Fujii";"2000-12-26";"95.5";"19.12";"17";"0";"154";"100";"47.4";"0.49";"0.26";"71.23";"138.96";"0.12";"33.77";"1.95";"0";"4.55";"2.6";"1.3"
"Hugo Gambor";"RB";"all";"all";"33195";"H. Gambor";"2002-12-30";"90.7";"21.8";"10";"0";"188";"100";"59.04";"0.77";"0.48";"73.87";"159.57";"0.32";"43.62";"2.13";"0";"9.04";"5.85";"3.19"
"Hasan Kuruçay";"CB";"all";"all";"152166";"H. Kuruçay";"1997-08-31";"97.83";"22.39";"5";"1";"58";"100";"37.93";"0.56";"0.26";"77.27";"136.21";"0.06";"29.31";"1.72";"0";"6.9";"5.17";"0"
"Hasan Kuruçay";"RCB";"all";"all";"152166";"H. Kuruçay";"1997-08-31";"97.39";"24.51";"11";"0";"196";"100";"44.9";"0.46";"0.19";"88.64";"130.61";"0.14";"39.8";"1.53";"0.51";"4.08";"1.53";"1.53"
"Henry Lawrence";"LCB";"all";"all";"29800";"H. Lawrence";"2001-09-21";"98.71";"20.07";"12";"0";"182";"100";"53.3";"0.69";"0.39";"76.29";"138.46";"0.25";"40.66";"3.85";"0";"5.49";"3.3";"2.2"
"Henry Lawrence";"LWB";"all";"all";"29800";"H. Lawrence";"2001-09-21";"85.84";"14.21";"5";"0";"45";"100";"60";"1.3";"0.49";"74.07";"137.78";"0.32";"44.44";"2.22";"0";"11.11";"2.22";"2.22"
"Henry Lawrence";"RCB";"all";"all";"29800";"H. Lawrence";"2001-09-21";"96.83";"20.1";"7";"0";"92";"100";"52.17";"0.27";"0.13";"79.17";"131.52";"0.06";"41.3";"1.09";"0";"0";"0";"0"
"Hervé Matthys";"CB";"all";"all";"19022";"H. Matthys";"1996-01-19";"99.17";"24.39";"6";"0";"64";"100";"51.56";"0.42";"0.16";"78.79";"125";"0.07";"40.62";"3.12";"1.56";"3.12";"1.56";"0"
"Hakim Sahabo";"RDM";"all";"all";"800343";"H. Sahabo";"2005-06-16";"94.09";"20.82";"5";"0";"53";"100";"58.49";"1.57";"1.05";"83.87";"149.06";"0.89";"49.06";"11.32";"1.89";"16.98";"9.43";"7.55"
"Hakim Sahabo";"RM";"all";"all";"800343";"H. Sahabo";"2005-06-16";"92.4";"21.04";"7";"0";"66";"100";"57.58";"0.99";"0.68";"73.68";"154.55";"0.44";"42.42";"4.55";"0";"12.12";"9.09";"6.06"
"Hugo Siquet";"RB";"all";"all";"34216";"H. Siquet";"2002-07-09";"74.41";"20.02";"5";"0";"82";"100";"64.63";"0.91";"0.7";"79.25";"154.88";"0.39";"51.22";"7.32";"1.22";"9.76";"8.54";"3.66"
"Hannes Van der Bruggen";"LM";"all";"all";"4193";"H. Van der Bruggen";"1993-04-01";"87.57";"16.23";"24";"0";"201";"100";"62.69";"1.68";"1";"68.25";"132.34";"0.55";"42.79";"6.47";"0.5";"26.87";"15.92";"7.96"
"Hans Vanaken";"AM";"all";"all";"4202";"H. Vanaken";"1992-08-24";"97.03";"27.29";"29";"0";"599";"100";"57.26";"1.83";"1.06";"88.05";"146.24";"0.85";"50.42";"8.18";"2";"31.89";"18.03";"13.69"
"Hans Vanaken";"LM";"all";"all";"4202";"H. Vanaken";"1992-08-24";"98.58";"26.98";"6";"0";"108";"100";"57.41";"1.53";"1.06";"82.26";"141.67";"0.78";"47.22";"8.33";"0.93";"28.7";"21.3";"14.81"
"Hugo Vetlesen";"RDM";"all";"all";"60697";"H. Vetlesen";"2000-02-29";"91.33";"25.77";"7";"0";"85";"100";"54.12";"2.61";"1.77";"78.26";"147.06";"1.18";"42.35";"14.12";"0";"40";"27.06";"20"
"Ibrahima Sory Bangoura";"RDM";"all";"all";"584972";"I. Bangoura";"2004-01-05";"93.46";"27.77";"11";"0";"73";"100";"50.68";"0.84";"0.43";"97.3";"127.4";"0.39";"49.32";"10.96";"0";"10.96";"5.48";"4.11"
"Ilay Camara";"LW";"all";"all";"584982";"I. Camara";"2003-01-18";"89.45";"19.22";"5";"0";"75";"100";"56";"1.92";"1.12";"73.81";"154.67";"0.63";"41.33";"5.33";"0";"33.33";"17.33";"9.33"
"Ilay Camara";"LWB";"all";"all";"584982";"I. Camara";"2003-01-18";"93.29";"19.29";"21";"0";"291";"100";"62.54";"1.91";"1.19";"67.58";"180.07";"0.68";"42.27";"6.87";"0.34";"29.55";"20.27";"11.34"
"Ibrahim Diakité";"RCB";"all";"all";"92776";"I. Diakité";"2003-10-31";"95.87";"17.46";"20";"0";"177";"100";"55.93";"0.94";"0.62";"77.78";"132.77";"0.36";"43.5";"2.26";"0";"6.78";"4.52";"2.26"
"Ibe Hautekiet";"CB";"all";"all";"73357";"I. Hautekiet";"2002-04-13";"96.71";"20.59";"26";"0";"226";"100";"50.88";"0.24";"0.1";"91.3";"124.34";"0.06";"46.46";"1.33";"0";"1.33";"0.44";"0"
"Ibe Hautekiet";"LCB";"all";"all";"73357";"I. Hautekiet";"2002-04-13";"95.7";"16.65";"7";"0";"61";"100";"47.54";"0.74";"0.25";"82.76";"118.03";"0.19";"39.34";"0";"0";"11.48";"3.28";"3.28"
"Ibrahim Karamoko";"DM";"all";"all";"26646";"I. Karamoko";"2001-07-23";"93.01";"20";"13";"0";"77";"100";"54.55";"1";"0.58";"69.05";"119.48";"0.26";"37.66";"2.6";"0";"11.69";"6.49";"3.9"
"Konan Ignace Jocelyn N’Dri";"RW";"all";"all";"27680";"I. N'Dri";"2000-10-27";"81.17";"20.22";"9";"0";"92";"100";"67.39";"2.8";"2.15";"69.35";"166.3";"0.79";"46.74";"16.3";"1.09";"34.78";"28.26";"16.3"
"Isaac Price";"RM";"all";"all";"42776";"I. Price";"2003-09-26";"96.66";"19.82";"15";"0";"257";"100";"70.43";"1.77";"1.4";"67.4";"172.76";"0.83";"47.47";"9.73";"0";"26.07";"20.62";"10.89"
"Isa Sakamoto";"AM";"all";"all";"254506";"I. Sakamoto";"2003-08-26";"86.27";"18.71";"7";"0";"55";"100";"70.91";"2.04";"1.44";"84.62";"156.36";"1.15";"60";"16.36";"5.45";"29.09";"20";"16.36"
"Josimar Angelo Alcócer McCook";"LW";"all";"all";"301578";"J. Alcócer";"2004-07-07";"77.88";"18";"8";"0";"90";"100";"57.78";"2.24";"1.23";"76.92";"151.11";"0.68";"44.44";"12.22";"0";"40";"23.33";"13.33"
"Jelle Bataille";"RB";"all";"all";"14665";"J. Bataille";"1999-05-20";"88.5";"21.93";"18";"0";"324";"100";"61.42";"1.12";"0.77";"80.4";"139.2";"0.51";"49.38";"8.02";"0.93";"11.73";"7.72";"4.63"
"Jean-Kévin Duverne";"RWB";"all";"all";"11417";"J. Duverne";"1997-07-12";"98.9";"22.88";"6";"0";"129";"100";"70.54";"1.33";"1.02";"69.23";"158.14";"0.51";"48.84";"5.43";"1.55";"14.73";"12.4";"3.1"
"Joel Chima Fujita";"LM";"all";"all";"152118";"J. Fujita";"2002-02-16";"96.08";"21.37";"9";"0";"82";"100";"74.39";"1.54";"1.09";"70.49";"146.34";"0.86";"52.44";"6.1";"1.22";"21.95";"15.85";"10.98"
"Joel Chima Fujita";"RM";"all";"all";"152118";"J. Fujita";"2002-02-16";"98.46";"23.33";"20";"0";"265";"100";"55.47";"1.39";"0.87";"80.95";"144.15";"0.54";"44.91";"7.55";"0.38";"21.13";"13.21";"8.68"
"Joris Kayembe Ditu ";"LB";"all";"all";"5369";"J. Kayembe";"1994-08-08";"95.86";"27.42";"32";"0";"741";"100";"59.11";"1.1";"0.63";"78.77";"143.59";"0.4";"46.56";"4.32";"0.67";"15.25";"8.5";"4.86"
"Jacob Ondrejka";"LW";"all";"all";"29460";"J. Ondrejka";"2002-09-02";"86.04";"21.04";"14";"0";"157";"100";"67.52";"2.95";"1.98";"67.92";"164.97";"1.11";"45.86";"11.46";"1.91";"42.04";"30.57";"16.56"
"Joel Leandro Ordóñez Guerrero";"RCB";"all";"all";"123702";"J. Ordóñez";"2004-04-21";"94.88";"26.18";"29";"0";"462";"100";"47.4";"0.48";"0.17";"85.39";"129.44";"0.1";"40.48";"1.08";"0";"3.25";"1.08";"0.22"
"Joedrick Pupe";"LCB";"all";"all";"564779";"J. Pupe";"1997-06-04";"97.83";"20.82";"20";"0";"377";"100";"52.79";"0.9";"0.47";"74.87";"145.62";"0.27";"39.52";"2.92";"0.27";"10.61";"3.98";"1.59"
"Joedrick Pupe";"LWB";"all";"all";"564779";"J. Pupe";"1997-06-04";"94.06";"17.72";"5";"0";"101";"100";"57.43";"1.04";"0.62";"75.86";"152.48";"0.37";"43.56";"0.99";"0";"15.84";"7.92";"2.97"
"Jérémy Pétris";"RB";"all";"all";"175257";"J. Pétris";"1998-01-28";"93.04";"21.68";"29";"0";"426";"100";"60.09";"1.48";"1";"76.56";"155.4";"0.5";"46.01";"3.99";"0.94";"18.31";"12.44";"6.57"
"Jérémy Pétris";"RW";"all";"all";"175257";"J. Pétris";"1998-01-28";"91.22";"21.38";"5";"0";"63";"100";"60.32";"1.93";"1.33";"76.32";"150.79";"0.45";"46.03";"6.35";"0";"23.81";"17.46";"6.35"
"Jaïro Riedewald";"LCB";"all";"all";"4616";"J. Riedewald";"1996-09-09";"81.73";"20.96";"6";"0";"87";"100";"50.57";"0.46";"0.23";"84.09";"125.29";"0.15";"42.53";"0";"0";"1.15";"1.15";"1.15"
"Joaquin Seys";"RB";"all";"all";"564770";"J. Seys";"2005-03-28";"84.99";"24.24";"18";"0";"362";"100";"49.72";"0.91";"0.53";"85.56";"143.09";"0.31";"42.54";"4.7";"0.28";"10.77";"6.91";"4.42"
"Jan-Carlo Simić";"LCB";"all";"all";"69934";"J. Simić";"2005-05-02";"92.25";"23.25";"10";"0";"113";"100";"49.56";"0.52";"0.24";"83.93";"126.55";"0.15";"41.59";"1.77";"0";"4.42";"1.77";"0.88"
"Jan-Carlo Simić";"RCB";"all";"all";"69934";"J. Simić";"2005-05-02";"96.83";"24.93";"20";"0";"254";"100";"44.09";"0.44";"0.13";"82.14";"123.23";"0.08";"36.22";"0.79";"0";"4.72";"0.79";"0.39"
"Jorne Spileers";"RCB";"all";"all";"73361";"J. Spileers";"2005-01-21";"98.62";"28.8";"5";"0";"87";"100";"47.13";"0.41";"0.11";"92.68";"114.94";"0.1";"43.68";"0";"0";"5.75";"1.15";"1.15"
"Jarne Steuckers";"RF";"all";"all";"36090";"J. Steuckers";"2002-02-04";"96.71";"27.42";"9";"0";"225";"100";"62.67";"2.12";"1.53";"68.79";"152.89";"0.91";"43.11";"8.89";"1.33";"26.67";"17.33";"8.89"
"Jarne Steuckers";"RW";"all";"all";"36090";"J. Steuckers";"2002-02-04";"88.02";"26.15";"28";"0";"617";"100";"62.56";"2.38";"1.69";"70.98";"157.54";"0.89";"44.41";"8.75";"0.97";"33.55";"22.53";"12.16"
"Jordan Torunarigha";"LCB";"all";"all";"19088";"J. Torunarigha";"1997-08-07";"95.17";"22.5";"21";"0";"307";"100";"51.14";"0.69";"0.38";"75.16";"143.97";"0.25";"38.44";"2.61";"0.65";"8.14";"4.56";"2.93"
"José Martínez Marsà";"LCB";"all";"all";"53344";"José Marsà";"2002-03-04";"95.92";"24.6";"17";"0";"321";"100";"47.04";"0.76";"0.41";"78.15";"142.68";"0.26";"36.76";"1.87";"0.62";"8.72";"4.67";"2.49"
"José Martínez Marsà";"LWB";"all";"all";"53344";"José Marsà";"2002-03-04";"91.66";"23.41";"10";"0";"192";"100";"61.98";"1.99";"1.49";"67.23";"167.19";"0.73";"41.67";"6.25";"1.04";"26.56";"18.75";"9.38"
"João Pedro Eira Antunes da Silva";"CB";"all";"all";"35875";"João Silva";"1999-01-14";"96.57";"17.62";"13";"0";"63";"100";"50.79";"0.4";"0.24";"78.13";"120.63";"0.12";"39.68";"1.59";"0";"4.76";"1.59";"0"
"João Pedro Eira Antunes da Silva";"LCB";"all";"all";"35875";"João Silva";"1999-01-14";"98.42";"19.01";"6";"0";"49";"100";"36.73";"0.48";"0.2";"66.67";"130.61";"0.08";"24.49";"0";"0";"2.04";"0";"0"
"Kobe Cools";"CB";"all";"all";"23984";"K. Cools";"1997-07-25";"97.14";"20.14";"35";"0";"216";"100";"48.61";"0.18";"0.1";"88.57";"123.15";"0.09";"43.06";"1.85";"0";"0.46";"0.46";"0.46"
"Kévin Ahoueke Denkey";"CF";"all";"all";"21016";"K. Denkey";"2000-11-30";"98.15";"17";"14";"0";"129";"100";"73.64";"2.94";"2.12";"72.63";"152.71";"1.18";"53.49";"9.3";"0.78";"44.19";"33.33";"20.93"
"Kasper Dolberg";"CF";"all";"all";"11562";"K. Dolberg";"1997-10-06";"86.13";"23.04";"28";"0";"186";"100";"70.97";"2.65";"1.82";"75";"167.2";"1.22";"53.23";"15.05";"1.61";"32.8";"20.97";"14.52"
"Konstantinos Karetsas";"AM";"all";"all";"644194";"K. Karetsas";"2007-11-19";"76.49";"23.81";"15";"0";"197";"100";"65.99";"2.19";"1.54";"70.77";"160.41";"0.91";"46.7";"10.15";"1.52";"35.53";"25.38";"14.21"
"Kevin Mac Allister";"RCB";"all";"all";"35577";"K. Mac Allister";"1997-11-07";"93.1";"19.22";"28";"0";"288";"100";"49.65";"0.49";"0.25";"84.62";"129.86";"0.18";"42.01";"1.74";"0.35";"4.17";"2.43";"1.74"
"Koki Machida";"CB";"all";"all";"26883";"K. Machida";"1997-08-25";"100.32";"21.1";"7";"0";"41";"100";"46.34";"0.46";"0.21";"84.21";"129.27";"0.15";"39.02";"2.44";"0";"0";"0";"0"
"Koki Machida";"LCB";"all";"all";"26883";"K. Machida";"1997-08-25";"98.09";"19.7";"22";"0";"250";"100";"58.4";"0.87";"0.54";"77.4";"142.8";"0.35";"45.2";"1.6";"0.4";"8";"4.4";"2"
"Kerim Mrabti";"AM";"all";"all";"16493";"K. Mrabti";"1994-05-20";"88.73";"30.67";"5";"0";"63";"100";"57.14";"1.72";"1.3";"75";"152.38";"0.36";"42.86";"1.59";"0";"17.46";"11.11";"4.76"
"Kerim Mrabti";"RF";"all";"all";"16493";"K. Mrabti";"1994-05-20";"89.77";"22.39";"6";"0";"76";"100";"64.47";"2.04";"1.53";"73.47";"148.68";"0.68";"47.37";"6.58";"0";"23.68";"14.47";"9.21"
"Kerim Mrabti";"RM";"all";"all";"16493";"K. Mrabti";"1994-05-20";"91.26";"24.46";"7";"0";"73";"100";"53.42";"2.82";"2.15";"71.79";"156.16";"0.74";"38.36";"12.33";"4.11";"28.77";"19.18";"9.59"
"Kazeem Aderemi Olaigbe";"LF";"all";"all";"25375";"K. Olaigbe";"2003-01-02";"73.56";"15.29";"5";"0";"61";"100";"68.85";"3.1";"2.11";"69.05";"147.54";"0.97";"47.54";"4.92";"0";"44.26";"31.15";"14.75"
"Kyriani Sabbe";"RB";"all";"all";"73359";"K. Sabbe";"2005-01-26";"85.26";"24.58";"12";"0";"235";"100";"57.87";"1";"0.59";"77.21";"140.85";"0.35";"44.68";"4.68";"0.43";"14.04";"8.51";"3.4"
"Killian Sardella";"RB";"all";"all";"26169";"K. Sardella";"2002-05-02";"96.8";"25.75";"17";"0";"297";"100";"57.91";"1.38";"0.99";"75";"154.21";"0.52";"43.43";"6.4";"0.34";"17.51";"12.79";"7.07"
"Kamiel Van De Perre";"LM";"all";"all";"167040";"K. Van De Perre";"2004-02-12";"95.93";"17.39";"5";"0";"36";"100";"63.89";"2.01";"1.26";"60.87";"150";"0.59";"38.89";"13.89";"0";"25";"16.67";"5.56"
"Kahveh Zahiroleslam";"CF";"all";"all";"764330";"K. Zahiroleslam";"2002-06-13";"86.49";"21.71";"11";"0";"103";"100";"70.87";"2.22";"1.77";"79.45";"168.93";"1.2";"56.31";"12.62";"1.94";"31.07";"23.3";"16.5"
"Lawrence Agyekum";"AM";"all";"all";"311623";"L. Agyekum";"2003-11-23";"83.37";"16.94";"6";"0";"45";"100";"75.56";"3.54";"3.21";"67.65";"162.22";"1.89";"51.11";"4.44";"0";"46.67";"42.22";"24.44"
"Lawrence Agyekum";"RM";"all";"all";"311623";"L. Agyekum";"2003-11-23";"91.36";"15.88";"12";"0";"95";"100";"61.05";"1.96";"1.28";"55.17";"136.84";"0.65";"33.68";"3.16";"0";"28.42";"20";"7.37"
"Jean Thierry Lazare Amani";"RM";"all";"all";"14706";"L. Amani";"1998-03-07";"81.77";"17.79";"9";"0";"110";"100";"60.91";"1.8";"1.19";"61.19";"156.36";"0.53";"37.27";"2.73";"0.91";"24.55";"17.27";"7.27"
"Ludwig Augustinsson";"LB";"all";"all";"11493";"L. Augustinsson";"1994-04-21";"94.98";"23.54";"12";"0";"200";"100";"63";"1.05";"0.6";"78.57";"138";"0.39";"49.5";"2.5";"0.5";"11";"5";"2.5"
"Leander Dendoncker";"DM";"all";"all";"6088";"L. Dendoncker";"1995-04-15";"97.91";"27";"8";"0";"94";"100";"43.62";"1.22";"0.47";"85.37";"129.79";"0.26";"37.23";"3.19";"0";"19.15";"5.32";"2.13"
"Leander Dendoncker";"RDM";"all";"all";"6088";"L. Dendoncker";"1995-04-15";"97.8";"24.63";"5";"0";"41";"100";"51.22";"1.06";"0.31";"90.48";"141.46";"0.27";"46.34";"4.88";"2.44";"4.88";"0";"0"
"Leander Dendoncker";"RM";"all";"all";"6088";"L. Dendoncker";"1995-04-15";"99.41";"25.75";"9";"0";"77";"100";"46.75";"0.75";"0.37";"77.78";"132.47";"0.25";"36.36";"2.6";"0";"3.9";"2.6";"1.3"
"Lennard Hens";"RM";"all";"all";"840896";"L. Hens";"1996-02-08";"78.42";"15.72";"9";"0";"96";"100";"63.54";"1.35";"0.87";"65.57";"141.67";"0.57";"41.67";"4.17";"1.04";"22.92";"14.58";"10.42"
"Lucas Boel Hey";"RCB";"all";"all";"48961";"L. Hey";"2003-04-13";"93.49";"23.99";"7";"0";"102";"100";"48.04";"0.66";"0.33";"71.43";"140.2";"0.16";"34.31";"0.98";"0";"4.9";"1.96";"0.98"
"Léandre Filipe Kuavita";"LM";"all";"all";"483331";"L. Kuavita";"2004-05-31";"85.99";"17.52";"19";"0";"175";"100";"73.14";"2.23";"1.64";"60.16";"146.86";"0.65";"44";"4";"0.57";"33.14";"25.14";"9.14"
"Loïc Lapoussin";"LWB";"all";"all";"18469";"L. Lapoussin";"1996-03-27";"93.78";"19.4";"12";"0";"241";"100";"71.37";"1.68";"1.28";"72.09";"156.85";"0.76";"51.45";"4.15";"0.41";"24.9";"19.09";"12.03"
"Lion Lauberbach";"CF";"all";"all";"25544";"L. Lauberbach";"1998-02-15";"83.97";"22.91";"19";"0";"159";"100";"80.5";"2.89";"2.43";"68.75";"179.87";"1.06";"55.35";"12.58";"0.63";"36.48";"30.82";"15.09"
"Loïc Junior Mbe Soh";"LCB";"all";"all";"22253";"L. Mbe Soh";"2001-06-13";"99.13";"23";"13";"0";"135";"100";"54.07";"0.51";"0.28";"82.19";"122.96";"0.17";"44.44";"0";"0";"4.44";"2.22";"0.74"
"Loïc Junior Mbe Soh";"RCB";"all";"all";"22253";"L. Mbe Soh";"2001-06-13";"99.69";"20.25";"14";"0";"122";"100";"50.82";"0.37";"0.18";"80.65";"131.15";"0.07";"40.98";"1.64";"0.82";"3.28";"1.64";"0"
"Louis Patris";"RWB";"all";"all";"32391";"L. Patris";"2001-06-07";"95.57";"22.16";"24";"0";"370";"100";"70.27";"2.15";"1.83";"58.08";"168.11";"0.76";"40.81";"5.68";"1.35";"26.22";"21.35";"8.38"
"Lucas Perrin";"LCB";"all";"all";"12122";"L. Perrin";"1998-11-19";"101.16";"17.92";"6";"0";"62";"100";"64.52";"1.08";"0.77";"75";"148.39";"0.28";"48.39";"3.23";"1.61";"11.29";"8.06";"1.61"
"Lucas Stassin";"CF";"all";"all";"306321";"L. Stassin";"2004-11-29";"89.38";"17.89";"5";"0";"43";"100";"69.77";"3.23";"2.46";"76.67";"167.44";"1.85";"53.49";"18.6";"4.65";"44.19";"30.23";"23.26"
"Luka Vušković";"LCB";"all";"all";"569859";"L. Vušković";"2007-02-24";"98.92";"21.98";"14";"0";"166";"100";"50";"0.83";"0.43";"81.93";"132.53";"0.27";"40.96";"2.41";"0";"12.05";"6.63";"3.61"
"Luka Vušković";"RCB";"all";"all";"569859";"L. Vušković";"2007-02-24";"99.39";"20.92";"15";"0";"172";"100";"41.86";"0.67";"0.34";"84.72";"121.51";"0.22";"35.47";"5.23";"0.58";"7.56";"3.49";"2.33"
"Luis Ismael Vázquez";"CF";"all";"all";"36827";"L. Vázquez";"2001-04-24";"86.06";"22.77";"8";"0";"66";"100";"78.79";"2.17";"1.57";"80.77";"162.12";"1.18";"63.64";"1.52";"0";"42.42";"33.33";"24.24"
"Lequincio Zeefuik";"CF";"all";"all";"67773";"L. Zeefuik";"2004-11-26";"68.84";"15.15";"6";"0";"26";"100";"88.46";"1.52";"1.15";"65.22";"146.15";"0.99";"57.69";"23.08";"0";"30.77";"23.08";"23.08"
"Leonardo da Silva Lopes";"DM";"all";"all";"18823";"Leonardo Lopes";"1998-11-30";"92.72";"22.36";"8";"0";"64";"100";"56.25";"1.44";"1.08";"75";"143.75";"0.91";"42.19";"3.12";"1.56";"21.88";"17.19";"12.5"
"Leonardo da Silva Lopes";"RM";"all";"all";"18823";"Leonardo Lopes";"1998-11-30";"95.45";"21.33";"5";"0";"35";"100";"54.29";"1.12";"0.38";"68.42";"117.14";"0.27";"37.14";"0";"0";"8.57";"2.86";"2.86"
"Michel-Ange Balikwisha";"AM";"all";"all";"32775";"M. Balikwisha";"2001-05-10";"96.26";"24.91";"8";"0";"121";"100";"66.12";"2.66";"1.85";"73.75";"154.55";"0.94";"48.76";"10.74";"0.83";"35.54";"22.31";"11.57"
"Mohamed Bayo";"CF";"all";"all";"18383";"M. Bayo";"1998-06-04";"79.43";"20.22";"6";"0";"44";"100";"72.73";"2.44";"2.02";"81.25";"175";"1.24";"59.09";"13.64";"4.55";"40.91";"31.82";"20.45"
"Mohamed Berte";"CF";"all";"all";"48536";"M. Berte";"2002-03-25";"76.77";"18.86";"14";"0";"141";"100";"75.18";"2.82";"2.12";"68.87";"165.25";"1.25";"51.77";"6.38";"0";"41.13";"29.08";"17.02"
"Marko Bulat";"LM";"all";"all";"36946";"M. Bulat";"2001-09-26";"86.02";"16.77";"8";"0";"65";"100";"66.15";"2";"1.35";"67.44";"150.77";"0.88";"44.62";"1.54";"0";"24.62";"12.31";"6.15"
"Marko Bulat";"RM";"all";"all";"36946";"M. Bulat";"2001-09-26";"75.39";"14.51";"7";"0";"58";"100";"68.97";"1.72";"1.22";"67.5";"155.17";"0.48";"46.55";"3.45";"1.72";"20.69";"13.79";"3.45"
"Maxim De Cuyper";"LB";"all";"all";"24894";"M. De Cuyper";"2000-12-22";"96.04";"26.45";"33";"0";"750";"100";"60.27";"1.65";"1.03";"75";"151.2";"0.6";"45.2";"7.07";"0.93";"24.13";"14.4";"7.33"
"Max Dean";"CF";"all";"all";"521206";"M. Dean";"2004-02-21";"80.25";"17.99";"10";"1";"76";"100";"72.37";"3.04";"2.32";"61.82";"160.53";"1.47";"44.74";"9.21";"0";"40.79";"27.63";"19.74"
"Mathias Delorge-Knieper";"LDM";"all";"all";"60859";"M. Delorge";"2004-07-31";"97.7";"22.71";"7";"0";"84";"100";"57.14";"1.58";"0.84";"72.92";"158.33";"0.53";"41.67";"7.14";"0";"28.57";"13.1";"8.33"
"Mathias Delorge-Knieper";"LM";"all";"all";"60859";"M. Delorge";"2004-07-31";"91.83";"22.03";"19";"0";"271";"100";"56.83";"1.48";"0.91";"68.83";"148.34";"0.48";"39.11";"4.06";"0";"21.4";"12.92";"5.9"
"Mahamadou Doumbia";"LDM";"all";"all";"809015";"M. Doumbia";"2004-05-15";"90.94";"23.14";"21";"0";"230";"100";"54.78";"1.33";"0.67";"84.13";"148.26";"0.5";"46.09";"7.39";"0.43";"16.96";"7.39";"5.22"
"Mahamadou Doumbia";"RDM";"all";"all";"809015";"M. Doumbia";"2004-05-15";"95.73";"22.39";"5";"0";"53";"100";"54.72";"1.67";"0.95";"86.21";"166.04";"0.68";"47.17";"13.21";"0";"20.75";"11.32";"7.55"
"Marlon Fossey";"RW";"all";"all";"101724";"M. Fossey";"1998-09-09";"96.56";"20.37";"5";"0";"55";"100";"78.18";"1.66";"1.2";"79.07";"189.09";"0.54";"61.82";"5.45";"0";"18.18";"14.55";"7.27"
"Marlon Fossey";"RWB";"all";"all";"101724";"M. Fossey";"1998-09-09";"97.03";"19.64";"32";"0";"417";"100";"72.18";"1.82";"1.35";"73.42";"149.64";"0.75";"53";"9.11";"0.72";"23.02";"16.79";"8.63"
"Matija Frigan";"CF";"all";"all";"34748";"M. Frigan";"2003-02-11";"90.52";"20.19";"28";"0";"209";"100";"74.64";"3.47";"2.89";"61.54";"175.12";"1.37";"45.93";"12.92";"1.44";"44.02";"35.41";"19.62"
"Mohammed Gadaf Fuseini";"CF";"all";"all";"178840";"M. Fuseini";"2002-05-16";"84.79";"17.05";"10";"0";"75";"100";"73.33";"3.99";"3.14";"78.18";"192";"2.01";"57.33";"17.33";"1.33";"60";"42.67";"29.33"
"Marco Ilaimaharitra";"LM";"all";"all";"6777";"M. Ilaimaharitra";"1995-07-26";"91.81";"22.4";"5";"0";"60";"100";"60";"1.17";"0.74";"91.67";"128.33";"0.52";"55";"6.67";"0";"16.67";"10";"5"
"Mathias Jattah-Njie Jørgensen";"LCB";"all";"all";"7157";"M. Jørgensen";"1990-04-23";"97.13";"25.91";"15";"0";"237";"100";"57.38";"0.57";"0.29";"83.82";"126.58";"0.21";"48.1";"2.53";"1.27";"4.64";"1.69";"1.27"
"Mathieu Maertens";"CF";"all";"all";"32379";"M. Maertens";"1995-03-27";"79.98";"20.88";"5";"0";"37";"100";"72.97";"3.66";"2.16";"66.67";"186.49";"0.9";"48.65";"8.11";"0";"48.65";"35.14";"13.51"
"Mark Rene Mampassi";"RCB";"all";"all";"32465";"M. Mampassi";"2003-03-12";"98.11";"18.69";"10";"0";"72";"100";"54.17";"0.37";"0.19";"79.49";"133.33";"0.15";"43.06";"1.39";"0";"0";"0";"0"
"Moussa N'Diaye";"LB";"all";"all";"54979";"M. N'Diaye";"2002-06-18";"86.6";"24.15";"19";"0";"343";"100";"58.6";"0.97";"0.57";"80.6";"135.28";"0.38";"47.23";"2.33";"0.29";"10.79";"7";"4.08"
"Mardochée Nzita";"LB";"all";"all";"27591";"M. Nzita";"2000-02-24";"82.03";"19.61";"11";"0";"129";"100";"58.14";"1.32";"0.86";"78.67";"151.16";"0.55";"45.74";"5.43";"1.55";"17.05";"13.18";"7.75"
"Manuel Osifo";"LB";"all";"all";"48537";"M. Osifo";"2003-07-31";"82.58";"20.37";"7";"0";"67";"100";"61.19";"1.04";"0.67";"85.37";"143.28";"0.4";"52.24";"4.48";"0";"8.96";"5.97";"2.99"
"Mathias Knutsen Rasmussen";"RM";"all";"all";"16463";"M. Rasmussen";"1997-11-25";"72.98";"16.42";"5";"0";"37";"100";"70.27";"1.41";"1.13";"80.77";"164.86";"0.85";"56.76";"10.81";"0";"16.22";"13.51";"8.11"
"Mats Rits";"DM";"all";"all";"7209";"M. Rits";"1993-07-18";"92.4";"22.61";"7";"0";"66";"100";"46.97";"1.33";"0.55";"58.06";"121.21";"0.32";"27.27";"7.58";"0";"21.21";"7.58";"4.55"
"Mats Rits";"RM";"all";"all";"7209";"M. Rits";"1993-07-18";"92.05";"24.97";"7";"0";"68";"100";"57.35";"1.53";"0.69";"66.67";"139.71";"0.29";"38.24";"4.41";"1.47";"20.59";"7.35";"1.47"
"Matisse Samoise";"RB";"all";"all";"32398";"M. Samoise";"2001-11-21";"91.51";"22.23";"9";"0";"196";"100";"62.76";"1.04";"0.76";"74.8";"157.14";"0.36";"46.94";"3.06";"0";"10.2";"7.14";"3.06"
"Matisse Samoise";"RWB";"all";"all";"32398";"M. Samoise";"2001-11-21";"87.45";"22.23";"8";"0";"158";"100";"60.76";"0.98";"0.75";"70.83";"154.43";"0.34";"43.04";"6.33";"0";"12.66";"10.13";"3.16"
"Matte Smets";"CB";"all";"all";"176456";"M. Smets";"2004-01-04";"102.04";"29.93";"5";"0";"57";"100";"45.61";"0.38";"0.2";"96.15";"121.05";"0.2";"43.86";"5.26";"1.75";"1.75";"1.75";"1.75"
"Matte Smets";"LCB";"all";"all";"176456";"M. Smets";"2004-01-04";"99.42";"28.6";"30";"0";"317";"100";"45.11";"0.47";"0.2";"85.31";"121.45";"0.15";"38.49";"2.52";"0";"3.15";"0.63";"0.32"
"Momodou Lamin Sonko";"RW";"all";"all";"160758";"M. Sonko";"2005-01-31";"86.39";"22.56";"6";"0";"88";"100";"56.82";"3.26";"2.28";"64";"180.68";"1.07";"36.36";"4.55";"1.14";"38.64";"26.14";"13.64"
"Massamba Sow";"LCB";"all";"all";"841417";"M. Sow";"2004-06-13";"94.93";"24.41";"7";"0";"59";"100";"61.02";"0.42";"0.27";"91.67";"116.95";"0.12";"55.93";"0";"0";"3.39";"1.69";"0"
"Mario Stroeykens";"AM";"all";"all";"35453";"M. Stroeykens";"2004-09-29";"81.82";"21.82";"8";"0";"125";"100";"58.4";"2.05";"1.12";"82.19";"152.8";"0.75";"48";"12";"2.4";"25.6";"12";"8.8"
"Mario Stroeykens";"LM";"all";"all";"35453";"M. Stroeykens";"2004-09-29";"80.81";"19.81";"5";"0";"74";"100";"52.7";"1.67";"0.8";"79.49";"145.95";"0.52";"41.89";"4.05";"1.35";"17.57";"9.46";"5.41"
"Malcolm Viltard";"LM";"all";"all";"34873";"M. Viltard";"2002-10-24";"78.54";"16.66";"8";"0";"75";"100";"66.67";"1.57";"1.27";"60";"137.33";"0.43";"40";"4";"1.33";"22.67";"17.33";"5.33"
"Malcolm Viltard";"RM";"all";"all";"34873";"M. Viltard";"2002-10-24";"76.7";"16.8";"6";"0";"61";"100";"65.57";"1.87";"1.49";"57.5";"157.38";"0.73";"37.7";"8.2";"0";"29.51";"24.59";"9.84"
"Marwan Al Sahafi";"CF";"all";"all";"737573";"Marwan Al Sahafi";"2004-02-17";"90.34";"19.17";"18";"0";"119";"100";"71.43";"3.55";"2.62";"72.94";"169.75";"1.46";"52.1";"13.45";"0";"42.02";"32.77";"18.49"
"Mujaid Sadick Aliu";"RCB";"all";"all";"25791";"Mujaid Sadick";"2000-03-14";"98.34";"28.48";"37";"0";"542";"100";"44.46";"0.24";"0.08";"93.36";"121.59";"0.07";"41.51";"0.92";"0.18";"0.55";"0";"0"
"Noah  Adedeji-Sternberg";"LW";"all";"all";"68926";"N. Adedeji-Sternberg";"2005-06-19";"78.61";"23.82";"7";"0";"84";"100";"60.71";"3.16";"2.08";"72.55";"169.05";"1.2";"44.05";"9.52";"3.57";"44.05";"26.19";"16.67"
"Noah Fadiga";"RWB";"all";"all";"33516";"N. Fadiga";"1999-12-03";"75.84";"16.47";"7";"0";"70";"100";"61.43";"1.91";"1.47";"81.4";"165.71";"0.99";"50";"8.57";"0";"28.57";"21.43";"14.29"
"Nayel Mehssatou Sepúlveda";"LM";"all";"all";"108081";"N. Mehssatou";"2002-04-11";"95.44";"17.46";"8";"0";"78";"100";"57.69";"2.32";"1.21";"82.22";"138.46";"0.86";"47.44";"11.54";"6.41";"30.77";"15.38";"11.54"
"Nayel Mehssatou Sepúlveda";"LWB";"all";"all";"108081";"N. Mehssatou";"2002-04-11";"89.31";"16.95";"6";"0";"67";"100";"68.66";"1.56";"1.04";"82.61";"140.3";"0.75";"56.72";"4.48";"0";"22.39";"8.96";"5.97"
"Nayel Mehssatou Sepúlveda";"RM";"all";"all";"108081";"N. Mehssatou";"2002-04-11";"93.05";"22.53";"6";"0";"70";"100";"58.57";"1.17";"0.77";"85.37";"144.29";"0.59";"50";"1.43";"0";"22.86";"14.29";"10"
"Nathan Ngoy";"LCB";"all";"all";"43288";"N. Ngoy";"2003-06-10";"95.51";"20.68";"10";"0";"156";"100";"47.44";"1.01";"0.64";"72.97";"144.23";"0.44";"34.62";"1.28";"0";"5.77";"3.85";"1.92"
"Nathan Rôdes";"DM";"all";"all";"14553";"N. Rôdes";"1997-12-11";"97.25";"20.69";"29";"0";"242";"100";"54.96";"1.14";"0.65";"67.67";"132.23";"0.35";"37.19";"4.13";"0.41";"15.29";"10.33";"4.96"
"Noah Sadiki";"LM";"all";"all";"161655";"N. Sadiki";"2004-12-17";"94.62";"19.42";"16";"0";"171";"100";"59.06";"1.98";"1.38";"73.27";"156.14";"0.77";"43.27";"9.94";"0.58";"28.65";"18.13";"11.11"
"Noah Sadiki";"RM";"all";"all";"161655";"N. Sadiki";"2004-12-17";"96.41";"20.68";"18";"1";"177";"100";"60.45";"2.01";"1.27";"83.18";"144.07";"0.97";"50.28";"8.47";"0";"28.25";"18.64";"14.12"
"Nikolas Sattlberger";"RDM";"all";"all";"174310";"N. Sattlberger";"2004-01-18";"87.91";"26.94";"11";"0";"82";"100";"45.12";"0.76";"0.31";"81.08";"120.73";"0.22";"36.59";"4.88";"1.22";"8.54";"3.66";"2.44"
"Nikola Storm";"CF";"all";"all";"25072";"N. Storm";"1994-09-30";"77.3";"22";"5";"0";"62";"100";"59.68";"2.54";"1.73";"64.86";"183.87";"0.83";"38.71";"9.68";"3.23";"35.48";"19.35";"8.06"
"Nikola Storm";"LF";"all";"all";"25072";"N. Storm";"1994-09-30";"75.78";"18.58";"10";"0";"106";"100";"63.21";"2.78";"1.94";"76.12";"188.68";"1.11";"48.11";"12.26";"1.89";"41.51";"29.25";"17.92"
"Nikola Storm";"LW";"all";"all";"25072";"N. Storm";"1994-09-30";"76.21";"19.65";"6";"0";"71";"100";"66.2";"3.15";"2.12";"68.09";"173.24";"1.1";"45.07";"8.45";"1.41";"45.07";"28.17";"12.68"
"Nikola Štulić";"CF";"all";"all";"84589";"N. Štulić";"2001-09-08";"95.34";"22.9";"26";"0";"190";"100";"70.53";"1.87";"1.21";"79.85";"144.21";"0.92";"56.32";"7.89";"1.05";"26.32";"17.89";"13.16"
"Ignacio Ferri Julià";"CF";"all";"all";"762385";"Nacho Ferri";"2004-10-05";"90.36";"18.27";"23";"0";"141";"100";"74.47";"3.03";"2.56";"70.48";"141.13";"1.53";"52.48";"11.35";"0";"46.1";"37.59";"25.53"
"Olivier Deman";"LB";"all";"all";"14652";"O. Deman";"2000-04-06";"97.28";"24.6";"17";"0";"257";"100";"55.25";"1.33";"0.87";"75.35";"128.79";"0.35";"41.63";"3.5";"0.78";"17.12";"10.51";"3.11"
"Omri Gandelman";"AM";"all";"all";"35776";"O. Gandelman";"2000-05-16";"95.86";"22.34";"9";"1";"63";"100";"65.08";"1.87";"1.14";"73.17";"160.32";"0.57";"47.62";"7.94";"1.59";"31.75";"20.63";"9.52"
"Ousseynou Niang";"LWB";"all";"all";"630682";"O. Niang";"2001-10-12";"86.57";"18.48";"18";"0";"238";"100";"57.98";"2.23";"1.32";"76.81";"158.82";"0.82";"44.54";"5.04";"0.84";"27.73";"17.23";"11.76"
"Omar Fayed Abdelwahab Elrakhawy";"LCB";"all";"all";"758003";"Omar Fayed";"2003-07-04";"100.98";"17.97";"7";"0";"58";"100";"53.45";"0.7";"0.38";"83.87";"131.03";"0.27";"44.83";"6.9";"1.72";"10.34";"6.9";"3.45"
"Promise Oluwatobi Emmanuel David";"CF";"all";"all";"840900";"P. David";"2001-07-03";"80.16";"17.59";"21";"0";"166";"100";"77.71";"3.23";"2.61";"56.59";"168.07";"1.12";"43.98";"9.04";"2.41";"45.18";"36.75";"15.66"
"Parfait Guiagon";"LW";"all";"all";"182529";"P. Guiagon";"2001-02-22";"84.36";"19.8";"32";"0";"506";"100";"63.83";"2.18";"1.31";"78.33";"165.61";"0.9";"50";"7.31";"1.98";"34.98";"22.33";"15.42"
"Patrik Hrošovský";"AM";"all";"all";"13229";"P. Hrošovský";"1992-04-22";"87.48";"25.31";"14";"0";"169";"100";"65.68";"1.67";"1.21";"84.68";"139.64";"0.95";"55.62";"8.88";"0.59";"26.63";"18.93";"14.79"
"Patrick Pflücke";"RWB";"all";"all";"39743";"P. Pflücke";"1996-11-30";"91.06";"24.58";"13";"0";"284";"100";"53.52";"1.34";"0.9";"78.95";"168.66";"0.5";"42.25";"4.58";"1.06";"17.61";"11.27";"6.69"
"Ryan Alebiosu";"RWB";"all";"all";"107201";"R. Alebiosu";"2001-12-17";"79.54";"14.09";"6";"0";"65";"100";"61.54";"1.9";"1.45";"82.5";"147.69";"0.86";"50.77";"9.23";"0";"23.08";"16.92";"12.31"
"Rafik Belghali";"RB";"all";"all";"167175";"R. Belghali";"2002-06-07";"90.97";"23.32";"9";"0";"174";"100";"56.9";"0.97";"0.58";"73.74";"142.53";"0.25";"41.95";"1.72";"0.57";"11.49";"7.47";"1.72"
"Rafik Belghali";"RWB";"all";"all";"167175";"R. Belghali";"2002-06-07";"88.83";"23.09";"13";"0";"236";"100";"64.41";"1.55";"1.15";"78.95";"165.68";"0.69";"50.85";"3.81";"0.42";"15.25";"9.75";"4.66"
"Ryotaro Ito";"LM";"all";"all";"606986";"R. Ito";"1998-02-06";"87.79";"20.9";"17";"0";"253";"100";"64.82";"1.82";"1.31";"79.27";"156.52";"0.7";"51.38";"9.49";"1.19";"28.85";"19.76";"11.07"
"Roman Květ";"AM";"all";"all";"37413";"R. Květ";"1997-12-17";"85.35";"18.55";"6";"0";"89";"100";"62.92";"2.81";"2.03";"76.79";"161.8";"0.88";"48.31";"3.37";"1.12";"30.34";"16.85";"7.87"
"Roman Květ";"LM";"all";"all";"37413";"R. Květ";"1997-12-17";"75.04";"17.04";"10";"0";"125";"100";"66.4";"1.47";"0.85";"78.31";"150.4";"0.68";"52";"3.2";"0.8";"23.2";"12";"8.8"
"Roman Květ";"RM";"all";"all";"37413";"R. Květ";"1997-12-17";"87.94";"20.63";"16";"0";"230";"100";"66.09";"1.69";"1.18";"75.66";"156.52";"0.78";"50";"8.26";"1.3";"22.17";"14.78";"9.57"
"Roman Neustädter";"LCB";"all";"all";"9259";"R. Neustädter";"1988-02-18";"101.11";"19.85";"7";"0";"47";"100";"42.55";"0.36";"0.14";"90";"121.28";"0.12";"38.3";"0";"0";"4.26";"0";"0"
"Roman Neustädter";"RCB";"all";"all";"9259";"R. Neustädter";"1988-02-18";"97.59";"19.91";"10";"0";"87";"100";"44.83";"0.26";"0.09";"94.87";"135.63";"0.08";"42.53";"0";"0";"1.15";"0";"0"
"Ryoya Ogawa";"LCB";"all";"all";"26854";"R. Ogawa";"1996-11-24";"97.34";"20.98";"6";"0";"107";"100";"57.94";"0.99";"0.58";"67.74";"142.99";"0.28";"39.25";"1.87";"0";"11.21";"6.54";"3.74"
"Ryoya Ogawa";"LWB";"all";"all";"26854";"R. Ogawa";"1996-11-24";"96.42";"23.11";"27";"0";"517";"100";"64.22";"1.67";"1.21";"65.36";"158.8";"0.54";"41.97";"6.19";"0.97";"21.47";"15.86";"5.03"
"Raphael Onyedika";"LDM";"all";"all";"58981";"R. Onyedika";"2001-04-19";"91.69";"24.91";"7";"0";"76";"100";"40.79";"1.19";"0.51";"80.65";"119.74";"0.4";"32.89";"5.26";"0";"18.42";"7.89";"6.58"
"Raphael Onyedika";"RDM";"all";"all";"58981";"R. Onyedika";"2001-04-19";"89.61";"26.3";"15";"0";"142";"100";"40.85";"0.98";"0.39";"82.76";"128.87";"0.24";"33.8";"3.52";"0";"14.79";"7.04";"3.52"
"Ragnar Oratmangoen";"LM";"all";"all";"39832";"R. Oratmangoen";"1998-01-21";"79.83";"19.41";"8";"0";"105";"100";"63.81";"1.33";"0.88";"85.07";"154.29";"0.64";"54.29";"5.71";"0";"21.9";"14.29";"9.52"
"Ryan Sanusi";"RM";"all";"all";"13103";"R. Sanusi";"1992-01-05";"99.51";"21.41";"7";"0";"74";"100";"75.68";"0.68";"0.5";"76.79";"131.08";"0.29";"58.11";"4.05";"0";"8.11";"5.41";"2.7"
"Rob Schoofs";"LM";"all";"all";"9073";"R. Schoofs";"1994-03-23";"96.8";"26.13";"31";"0";"626";"100";"61.66";"1.86";"1.11";"79.27";"164.22";"0.74";"48.88";"7.35";"0.64";"25.56";"14.22";"9.58"
"Ross Sykes";"RCB";"all";"all";"61421";"R. Sykes";"1999-03-26";"97.28";"21.21";"9";"1";"71";"100";"47.89";"0.67";"0.4";"82.35";"142.25";"0.28";"39.44";"5.63";"0";"7.04";"4.23";"2.82"
"Ryotaro  Tsunoda";"CB";"all";"all";"152113";"R. Tsunoda";"1999-06-27";"98.75";"23.53";"6";"0";"44";"100";"61.36";"0.52";"0.33";"74.07";"136.36";"0.19";"45.45";"0";"0";"4.55";"2.27";"0"
"Ryotaro  Tsunoda";"LCB";"all";"all";"152113";"R. Tsunoda";"1999-06-27";"97.47";"20.34";"5";"0";"30";"100";"40";"0.56";"0.21";"66.67";"120";"0.06";"26.67";"0";"0";"6.67";"3.33";"0"
"Rein Van Helden";"RCB";"all";"all";"125508";"R. Van Helden";"2002-07-24";"95.36";"22.52";"27";"0";"412";"100";"53.16";"0.4";"0.19";"85.84";"143.2";"0.13";"45.63";"2.43";"0.24";"2.91";"1.21";"0.73"
"Robert-Jan Vanwesemael";"RWB";"all";"all";"801766";"R. Vanwesemael";"2002-03-26";"78.7";"18.69";"11";"0";"147";"100";"62.59";"1.32";"1.01";"67.39";"161.9";"0.24";"42.18";"3.4";"0";"12.93";"8.84";"0.68"
"Romeo Vermant";"CF";"all";"all";"73355";"R. Vermant";"2004-01-24";"75.39";"21.07";"11";"0";"94";"100";"69.15";"2.73";"2.01";"70.77";"174.47";"1.24";"48.94";"14.89";"4.26";"44.68";"31.91";"20.21"
"Rihito Yamamoto";"RM";"all";"all";"291473";"R. Yamamoto";"2001-12-12";"84.42";"20.03";"9";"0";"74";"100";"60.81";"1.71";"1.19";"88.89";"145.95";"0.94";"54.05";"5.41";"0";"27.03";"20.27";"13.51"
"Rajiv van La Parra";"LW";"all";"all";"8848";"R. van La Parra";"1991-06-04";"93.4";"21.57";"10";"0";"110";"100";"48.18";"2.04";"1.24";"75.47";"142.73";"0.61";"36.36";"3.64";"2.73";"24.55";"15.45";"6.36"
"Sotiris Alexandropoulos";"LM";"all";"all";"15183";"S. Alexandropoulos";"2001-11-26";"79.58";"17.41";"9";"0";"144";"100";"63.19";"1.27";"0.65";"73.63";"139.58";"0.45";"46.53";"4.17";"0";"18.06";"7.64";"4.86"
"Stelios Andreou";"LCB";"all";"all";"60026";"S. Andreou";"2002-07-24";"98";"23.03";"19";"0";"202";"100";"52.48";"0.45";"0.22";"83.96";"135.64";"0.16";"44.06";"0.99";"0";"1.98";"0.5";"0.5"
"Stelios Andreou";"RCB";"all";"all";"60026";"S. Andreou";"2002-07-24";"96.62";"23.85";"16";"0";"170";"100";"44.12";"0.36";"0.14";"89.33";"122.94";"0.12";"39.41";"1.18";"0";"1.76";"0.59";"0.59"
"Samuel Edozie";"LW";"all";"all";"70461";"S. Edozie";"2003-01-28";"74.48";"20.73";"9";"0";"93";"100";"60.22";"2.14";"1.42";"75";"150.54";"0.8";"45.16";"5.38";"3.23";"30.11";"18.28";"10.75"
"Samuel Kotto";"LCB";"all";"all";"634268";"S. Kotto";"2003-09-03";"98.25";"24.6";"5";"0";"77";"100";"63.64";"0.32";"0.21";"85.71";"125.97";"0.16";"54.55";"2.6";"0";"1.3";"0";"0"
"Senna Miangue";"LCB";"all";"all";"13752";"S. Miangue";"1997-02-05";"97.72";"16.54";"7";"0";"46";"100";"67.39";"0.79";"0.57";"48.39";"141.3";"0.25";"32.61";"0";"0";"8.7";"8.7";"2.17"
"Stefan Mitrović";"LCB";"all";"all";"9982";"S. Mitrović";"1990-05-22";"98.48";"25.35";"7";"0";"103";"100";"51.46";"0.61";"0.22";"88.68";"141.75";"0.14";"45.63";"0.97";"0";"6.8";"2.91";"1.94"
"Stefan Mitrović";"LW";"all";"all";"178839";"S. Mitrović";"2002-08-15";"84.51";"19.25";"7";"0";"69";"100";"57.97";"2.74";"1.84";"75";"162.32";"0.99";"43.48";"1.45";"0";"26.09";"15.94";"7.25"
"Semm Renders";"RB";"all";"all";"903825";"S. Renders";"2007-12-17";"75.66";"20.27";"9";"0";"118";"100";"53.39";"0.64";"0.42";"80.95";"138.98";"0.26";"43.22";"0";"0";"6.78";"5.08";"1.69"
"Siebe Schrijvers";"LM";"all";"all";"9835";"S. Schrijvers";"1996-07-18";"93.63";"21.71";"8";"1";"105";"100";"49.52";"2.12";"1.25";"76.92";"144.76";"0.9";"38.1";"3.81";"0";"37.14";"18.1";"13.33"
"Siebe Schrijvers";"RM";"all";"all";"9835";"S. Schrijvers";"1996-07-18";"89.33";"19.73";"11";"0";"130";"100";"56.92";"1.17";"0.63";"68.92";"146.92";"0.39";"39.23";"3.85";"0.77";"17.69";"9.23";"3.85"
"Shogo Taniguchi";"CB";"all";"all";"26894";"S. Taniguchi";"1991-07-15";"98.31";"24.21";"6";"0";"66";"100";"39.39";"0.26";"0.12";"92.31";"125.76";"0.09";"36.36";"0";"0";"1.52";"1.52";"1.52"
"Stephen Welsh";"RCB";"all";"all";"13668";"S. Welsh";"2000-01-19";"94.16";"26";"11";"0";"145";"100";"48.28";"0.4";"0.17";"94.29";"126.9";"0.14";"45.52";"2.76";"0.69";"2.76";"1.38";"0.69"
"Takahiro Akimoto";"LB";"all";"all";"151020";"T. Akimoto";"1998-01-31";"95.75";"22.63";"13";"0";"169";"100";"56.8";"1.11";"0.72";"75";"143.79";"0.41";"42.6";"5.92";"0";"14.2";"8.88";"5.33"
"Toby Alderweireld";"RCB";"all";"all";"10424";"T. Alderweireld";"1989-03-02";"98.77";"23.75";"25";"0";"357";"100";"49.58";"0.51";"0.28";"72.88";"126.05";"0.12";"36.13";"0.84";"0";"4.76";"1.96";"0.56"
"Thierry Ambrose";"CF";"all";"all";"13189";"T. Ambrose";"1997-03-28";"88.86";"17.65";"16";"0";"164";"100";"76.22";"2.89";"2.18";"74.4";"176.22";"1.43";"56.71";"7.93";"0.61";"35.98";"27.44";"17.68"
"Toluwalase Emmanuel Arokodare";"CF";"all";"all";"32028";"T. Arokodare";"2000-11-23";"86.95";"25.86";"37";"0";"300";"100";"64.33";"3.09";"1.98";"76.17";"168.33";"1.29";"49";"9";"0.67";"41.33";"24.67";"16.67"
"Tjaronn Chery";"AM";"all";"all";"10410";"T. Chery";"1988-06-04";"85.57";"20.82";"22";"0";"254";"100";"70.08";"2.22";"1.76";"72.47";"158.66";"1.06";"50.79";"7.48";"1.57";"32.28";"26.77";"16.93"
"Tjaronn Chery";"RW";"all";"all";"10410";"T. Chery";"1988-06-04";"86.92";"23.15";"12";"0";"185";"100";"63.24";"2.6";"1.69";"67.52";"151.89";"0.93";"42.7";"11.35";"0.54";"41.62";"27.03";"15.68"
"Thomas Foket";"RB";"all";"all";"10286";"T. Foket";"1994-09-25";"94.33";"25.55";"5";"0";"76";"100";"53.95";"1.37";"0.99";"75.61";"139.47";"0.58";"40.79";"5.26";"0";"17.11";"10.53";"3.95"
"Takuro Kaneko";"RW";"all";"all";"26845";"T. Kaneko";"1997-07-30";"77.4";"15.24";"8";"0";"85";"100";"64.71";"2.55";"1.32";"70.91";"163.53";"0.71";"45.88";"4.71";"1.18";"28.24";"12.94";"8.24"
"Théo Leoni";"LM";"all";"all";"35257";"T. Leoni";"2000-04-21";"87.66";"21.16";"8";"0";"90";"100";"51.11";"1.91";"0.69";"80.43";"138.89";"0.46";"41.11";"6.67";"0";"22.22";"8.89";"4.44"
"Takuma Ominami";"LCB";"all";"all";"26068";"T. Ominami";"1997-12-13";"95.11";"25.96";"6";"0";"53";"100";"50.94";"0.39";"0.17";"88.89";"113.21";"0.1";"45.28";"0";"0";"5.66";"1.89";"1.89"
"Takuma Ominami";"RCB";"all";"all";"26068";"T. Ominami";"1997-12-13";"88.09";"20.4";"10";"2";"99";"100";"59.6";"0.26";"0.21";"86.44";"116.16";"0.07";"51.52";"2.02";"0";"1.01";"1.01";"0"
"Toon Raemaekers";"CB";"all";"all";"32385";"T. Raemaekers";"2000-09-09";"98.32";"25.93";"5";"0";"74";"100";"51.35";"0.34";"0.18";"86.84";"152.7";"0.13";"44.59";"1.35";"0";"1.35";"1.35";"1.35"
"Toon Raemaekers";"LCB";"all";"all";"32385";"T. Raemaekers";"2000-09-09";"92.88";"24.85";"7";"0";"118";"100";"40.68";"0.67";"0.23";"83.33";"124.58";"0.15";"33.9";"0.85";"0";"7.63";"1.69";"0.85"
"Toon Raemaekers";"RCB";"all";"all";"32385";"T. Raemaekers";"2000-09-09";"94.01";"24.5";"20";"0";"439";"100";"48.29";"0.35";"0.13";"82.08";"145.79";"0.08";"39.64";"1.59";"0.23";"1.82";"0.46";"0"
"Tuur Rommens";"LB";"all";"all";"25354";"T. Rommens";"2003-03-26";"97.03";"21.31";"34";"0";"544";"100";"64.52";"1.61";"1.1";"71.51";"155.15";"0.56";"46.14";"5.15";"0.37";"20.22";"14.52";"6.99"
"Thibo Somers";"AM";"all";"all";"27673";"T. Somers";"1999-03-16";"98.72";"15.82";"8";"0";"63";"100";"82.54";"2.73";"2.46";"59.62";"177.78";"0.93";"49.21";"7.94";"0";"38.1";"34.92";"15.87"
"Thibo Somers";"CF";"all";"all";"27673";"T. Somers";"1999-03-16";"96.73";"17.34";"5";"0";"36";"100";"69.44";"2.36";"1.83";"72";"133.33";"0.79";"50";"5.56";"0";"36.11";"25";"11.11"
"Thibo Somers";"RF";"all";"all";"27673";"T. Somers";"1999-03-16";"100.57";"19.62";"8";"0";"81";"100";"72.84";"2.08";"1.71";"61.02";"150.62";"0.87";"44.44";"4.94";"0";"38.27";"34.57";"19.75"
"Thibo Somers";"RW";"all";"all";"27673";"T. Somers";"1999-03-16";"99.37";"17.7";"5";"0";"28";"100";"82.14";"2.58";"2.32";"60.87";"128.57";"1.7";"50";"25";"14.29";"39.29";"32.14";"25"
"Tomoki Takamine";"DM";"all";"all";"254436";"T. Takamine";"1997-12-29";"91.72";"17.15";"5";"0";"36";"100";"44.44";"1.27";"0.44";"87.5";"130.56";"0.35";"38.89";"2.78";"0";"19.44";"8.33";"5.56"
"Thomas Van Den Keybus";"LDM";"all";"all";"32455";"T. Van den Keybus";"2001-04-25";"85.31";"17.6";"7";"0";"60";"100";"63.33";"1.63";"1.25";"76.32";"166.67";"1.05";"48.33";"6.67";"0";"23.33";"18.33";"15"
"Thomas Van Den Keybus";"LM";"all";"all";"32455";"T. Van den Keybus";"2001-04-25";"93.68";"22.3";"6";"0";"70";"100";"48.57";"1.74";"0.65";"79.41";"145.71";"0.51";"38.57";"4.29";"0";"32.86";"10";"7.14"
"Thibaud Verlinden";"CF";"all";"all";"18710";"T. Verlinden";"1999-07-09";"73.7";"15.39";"5";"0";"32";"100";"65.62";"2.77";"2.04";"42.86";"150";"0.4";"28.12";"3.12";"0";"37.5";"28.12";"3.12"
"Thibaud Verlinden";"LW";"all";"all";"18710";"T. Verlinden";"1999-07-09";"94.77";"21.47";"16";"0";"259";"100";"59.46";"2.84";"2.06";"55.19";"169.5";"0.67";"32.82";"5.79";"0.39";"35.91";"25.87";"8.88"
"Thibault Vlietinck";"RB";"all";"all";"12674";"T. Vlietinck";"1997-08-19";"91.22";"22.14";"8";"0";"115";"100";"53.04";"0.82";"0.56";"83.61";"135.65";"0.24";"44.35";"3.48";"0.87";"8.7";"6.09";"1.74"
"Thibault Vlietinck";"RWB";"all";"all";"12674";"T. Vlietinck";"1997-08-19";"86.91";"17.67";"8";"1";"89";"100";"76.4";"1.88";"1.65";"66.18";"150.56";"0.56";"50.56";"6.74";"0";"25.84";"21.35";"10.11"
"Tsuyoshi Watanabe";"CB";"all";"all";"26860";"T. Watanabe";"1997-02-05";"97.29";"23.99";"8";"0";"68";"100";"51.47";"0.45";"0.18";"94.29";"133.82";"0.16";"48.53";"4.41";"0";"5.88";"1.47";"1.47"
"Tsuyoshi Watanabe";"RCB";"all";"all";"26860";"T. Watanabe";"1997-02-05";"97.96";"22.74";"26";"0";"336";"100";"46.43";"0.46";"0.21";"80.13";"136.9";"0.15";"37.2";"1.49";"0.3";"4.17";"2.08";"1.19"
"Tiago Filipe Alves Araújo";"LB";"all";"all";"34753";"Tiago Araújo";"2001-03-27";"87.5";"22.12";"5";"0";"82";"100";"64.63";"1.75";"1.1";"67.92";"153.66";"0.47";"43.9";"2.44";"0";"23.17";"15.85";"6.1"
"Tiago Filipe Alves Araújo";"LWB";"all";"all";"34753";"Tiago Araújo";"2001-03-27";"81.16";"17.11";"7";"0";"88";"100";"57.95";"1.64";"0.93";"64.71";"150";"0.44";"37.5";"4.55";"0";"29.55";"19.32";"9.09"
"Vetle Winger Dragsnes";"LB";"all";"all";"72013";"V. Dragsnes";"1994-02-06";"93.04";"21.82";"28";"0";"431";"100";"61.02";"1.33";"0.81";"80.23";"155.92";"0.4";"48.96";"4.64";"0";"15.55";"9.28";"3.71"
"Vincent Janssen";"CF";"all";"all";"10709";"V. Janssen";"1994-06-15";"97.59";"24.77";"30";"0";"308";"100";"62.66";"2.73";"1.84";"74.09";"165.58";"1.06";"46.43";"10.39";"2.27";"39.29";"25.32";"15.26"
"Visar Musliu";"CB";"all";"all";"17864";"V. Musliu";"1994-11-13";"99.71";"22.55";"8";"0";"52";"100";"63.46";"0.3";"0.21";"81.82";"119.23";"0.17";"51.92";"1.92";"0";"1.92";"1.92";"1.92"
"William Balikwisha";"LW";"all";"all";"13757";"W. Balikwisha";"1999-05-12";"71.97";"19.05";"5";"0";"57";"100";"42.11";"1.54";"0.69";"79.17";"143.86";"0.41";"33.33";"1.75";"0";"21.05";"8.77";"3.51"
"Welat Cagro";"LM";"all";"all";"39670";"W. Cagro";"1999-05-31";"89.35";"19.37";"5";"0";"37";"100";"51.35";"1.3";"0.66";"63.16";"124.32";"0.5";"32.43";"0";"0";"5.41";"2.7";"2.7"
"Wolke Janssens";"RCB";"all";"all";"28828";"W. Janssens";"1995-01-11";"93.65";"22.16";"9";"0";"108";"100";"51.85";"0.38";"0.21";"80.36";"125.93";"0.13";"41.67";"0.93";"0";"0.93";"0.93";"0.93"
"Youssef Maziz";"AM";"all";"all";"23030";"Y. Maziz";"1998-06-24";"80.38";"21.08";"14";"0";"181";"100";"62.98";"1.73";"1.14";"71.93";"159.67";"0.6";"45.3";"8.84";"0.55";"24.31";"16.57";"9.39"
"Yacine Titraoui";"RDM";"all";"all";"163342";"Y. Titraoui";"2003-07-26";"89.96";"21.64";"18";"0";"314";"100";"63.06";"1.55";"1.01";"80.3";"145.54";"0.7";"50.64";"6.05";"0.32";"23.25";"14.33";"9.24"
"Yari Verschaeren";"LM";"all";"all";"22880";"Y. Verschaeren";"2001-07-12";"76.84";"21.83";"8";"0";"87";"100";"59.77";"1.88";"1.17";"80.77";"148.28";"0.87";"48.28";"6.9";"0";"26.44";"16.09";"12.64"
"Zineddine Belaid";"CB";"all";"all";"163344";"Z. Belaid";"1999-03-20";"91.36";"20.97";"10";"0";"98";"100";"47.96";"0.22";"0.11";"85.11";"125.51";"0.09";"40.82";"2.04";"0";"0";"0";"0"
"Zakaria El Ouahdi";"RB";"all";"all";"167195";"Z. El Ouahdi";"2001-12-31";"95.11";"27.24";"30";"1";"472";"100";"55.72";"1.1";"0.72";"80.61";"148.09";"0.41";"44.92";"5.3";"0.64";"14.83";"10.17";"5.72"
"Zaid Abner Romero";"LCB";"all";"all";"28553";"Z. Romero";"1999-12-15";"94.59";"28.99";"5";"0";"71";"100";"36.62";"0.44";"0.06";"96.15";"108.45";"0.05";"35.21";"1.41";"0";"2.82";"0";"0"
"Zeno Van den Bosch";"LCB";"all";"all";"40040";"Z. Van den Bosch";"2003-07-06";"98.91";"23.83";"28";"0";"349";"100";"45.27";"0.47";"0.17";"86.08";"117.77";"0.1";"38.97";"0.29";"0";"2.58";"1.43";"0.57"
"Zeno Van den Bosch";"RCB";"all";"all";"40040";"Z. Van den Bosch";"2003-07-06";"98.95";"27.5";"12";"0";"202";"100";"46.53";"0.39";"0.2";"84.04";"124.26";"0.12";"39.11";"0.5";"0.5";"2.97";"1.98";"0.5"
"Óscar Gil Regaño";"RB";"all";"all";"27511";"Óscar Gil";"1998-04-26";"85.21";"21.26";"13";"0";"195";"100";"54.87";"1.03";"0.64";"73.83";"149.23";"0.27";"40.51";"3.59";"0";"12.31";"7.69";"2.56"
"Žan Rogelj";"RB";"all";"all";"32704";"Ž. Rogelj";"1999-11-25";"95.25";"23.02";"9";"0";"126";"100";"59.52";"1.07";"0.65";"81.33";"158.73";"0.5";"48.41";"6.35";"0.79";"12.7";"7.14";"4.76"