"Player";"Position";"third";"channel";"Player ID";"Short name";"Birthdate";"Minutes played per match";"Adjusted min TIP per match";"Count performances that pass the quality check";"Count performances that fail the quality check";"Count Pressures received in sample";"Count Pressures received per 100 Pressures";"Count forced losses under Pressure per 100 Pressures";"Count ball retentions under Pressure per 100 Pressures";"Ball retention ratio under Pressure";"Pass completion ratio under Pressure";"Count pass attempts under Pressure per 100 Pressures";"Count completed passes under Pressure per 100 Pressures";"Count dangerous pass attempts under Pressure per 100 Pressures";"Count dangerous passes completed under Pressure per 100 Pressures";"Dangerous pass completion ratio under Pressure";"Count difficult pass attempts under Pressure per 100 Pressures";"Count difficult passes completed under Pressure per 100 Pressures";"Difficult pass completion ratio under Pressure"
"Tjaronn Chery";"AM";"all";"all";"10410";"T. Chery";"1988-06-04";"85.57";"20.82";"22";"0";"518";"100";"24.52";"75.48";"75.48";"80";"74.32";"59.46";"12.36";"7.34";"59.38";"16.6";"8.49";"51.16"
"Patrik Hrošovský";"AM";"all";"all";"13229";"P. Hrošovský";"1992-04-22";"87.48";"25.31";"14";"0";"367";"100";"23.43";"76.57";"76.57";"82.96";"73.57";"61.04";"7.36";"5.18";"70.37";"14.17";"8.45";"59.62"
"Hans Vanaken";"AM";"all";"all";"4202";"H. Vanaken";"1992-08-24";"97.03";"27.29";"29";"0";"1118";"100";"11.63";"88.37";"88.37";"89.75";"88.1";"79.07";"9.39";"6.8";"72.38";"12.79";"8.77";"68.53"
"Kerim Mrabti";"AM";"all";"all";"16493";"K. Mrabti";"1994-05-20";"88.73";"30.67";"5";"0";"165";"100";"20";"80";"80";"81.95";"80.61";"66.06";"5.45";"2.42";"44.44";"13.94";"5.45";"39.13"
"Roman Květ";"AM";"all";"all";"37413";"R. Květ";"1997-12-17";"85.35";"18.55";"6";"0";"157";"100";"22.93";"77.07";"77.07";"79.51";"77.71";"61.78";"10.19";"7.01";"68.75";"16.56";"10.19";"61.54"
"Youssef Maziz";"AM";"all";"all";"23030";"Y. Maziz";"1998-06-24";"80.38";"21.08";"14";"0";"378";"100";"25.93";"74.07";"74.07";"77.14";"74.07";"57.14";"9.79";"5.03";"51.35";"17.46";"8.47";"48.48"
"Thibo Somers";"AM";"all";"all";"27673";"T. Somers";"1999-03-16";"98.72";"15.82";"8";"0";"155";"100";"43.87";"56.13";"56.13";"57.28";"66.45";"38.06";"16.13";"6.45";"40";"32.9";"11.61";"35.29"
"Daan Heymans";"AM";"all";"all";"29935";"D. Heymans";"1999-06-15";"98.23";"23.07";"33";"0";"894";"100";"23.04";"76.96";"76.96";"81.08";"84.56";"68.57";"9.84";"6.04";"61.36";"19.91";"12.08";"60.67"
"Omri Gandelman";"AM";"all";"all";"35776";"O. Gandelman";"2000-05-16";"95.86";"22.34";"9";"1";"151";"100";"34.44";"65.56";"65.56";"68";"82.78";"56.29";"17.22";"5.96";"34.62";"27.81";"11.26";"40.48"
"Adriano Bertaccini";"AM";"all";"all";"586540";"A. Bertaccini";"2000-08-13";"97.13";"20.34";"5";"0";"108";"100";"34.26";"65.74";"65.74";"70.37";"50";"35.19";"14.81";"7.41";"50";"13.89";"2.78";"20"
"Michel-Ange Balikwisha";"AM";"all";"all";"32775";"M. Balikwisha";"2001-05-10";"96.26";"24.91";"8";"0";"234";"100";"20.51";"79.49";"79.49";"82.7";"79.06";"65.38";"9.83";"4.27";"43.48";"13.25";"6.41";"48.39"
"Anouar Ait El Hadj";"AM";"all";"all";"26161";"A. Ait El Hadj";"2002-04-20";"83.37";"17.77";"7";"0";"169";"100";"24.26";"75.74";"75.74";"75.54";"82.25";"62.13";"13.61";"8.88";"65.22";"15.38";"7.1";"46.15"
"Isa Sakamoto";"AM";"all";"all";"254506";"I. Sakamoto";"2003-08-26";"86.27";"18.71";"7";"0";"145";"100";"22.07";"77.93";"77.93";"80.23";"59.31";"47.59";"9.66";"6.21";"64.29";"8.28";"4.83";"58.33"
"Lawrence Agyekum";"AM";"all";"all";"311623";"L. Agyekum";"2003-11-23";"83.37";"16.94";"6";"0";"138";"100";"32.61";"67.39";"67.39";"77.33";"54.35";"42.03";"10.87";"6.52";"60";"10.14";"5.8";"57.14"
"Alfie Devine";"AM";"all";"all";"37837";"A. Devine";"2004-08-01";"97.66";"21.88";"10";"0";"264";"100";"22.73";"77.27";"77.27";"79.41";"77.27";"61.36";"10.23";"4.92";"48.15";"15.15";"5.68";"37.5"
"Mario Stroeykens";"AM";"all";"all";"35453";"M. Stroeykens";"2004-09-29";"81.82";"21.82";"8";"0";"310";"100";"19.68";"80.32";"80.32";"85.15";"73.87";"62.9";"10.97";"8.39";"76.47";"10.32";"6.13";"59.38"
"Konstantinos Karetsas";"AM";"all";"all";"644194";"K. Karetsas";"2007-11-19";"76.49";"23.81";"15";"0";"494";"100";"26.52";"73.48";"73.48";"77.78";"60.12";"46.76";"11.54";"6.88";"59.65";"16.19";"8.7";"53.75"
"Shogo Taniguchi";"CB";"all";"all";"26894";"S. Taniguchi";"1991-07-15";"98.31";"24.21";"6";"0";"125";"100";"12.8";"87.2";"87.2";"88.7";"92";"81.6";"2.4";"2.4";"100";"16";"12.8";"80"
"Christian Burgess";"CB";"all";"all";"18975";"C. Burgess";"1991-10-07";"98.74";"20.61";"28";"1";"460";"100";"24.57";"75.43";"75.43";"79.14";"90.65";"71.74";"1.96";"0.22";"11.11";"23.48";"12.61";"53.7"
"Bruno Godeau";"CB";"all";"all";"1502";"B. Godeau";"1992-05-10";"96.32";"23.8";"7";"0";"139";"100";"13.67";"86.33";"86.33";"91.8";"87.77";"80.58";"2.16";"1.44";"66.67";"13.67";"10.07";"73.68"
"Visar Musliu";"CB";"all";"all";"17864";"V. Musliu";"1994-11-13";"99.71";"22.55";"8";"0";"164";"100";"21.95";"78.05";"78.05";"79.86";"87.8";"70.12";"1.83";"1.22";"66.67";"20.12";"10.98";"54.55"
"Hervé Matthys";"CB";"all";"all";"19022";"H. Matthys";"1996-01-19";"99.17";"24.39";"6";"0";"186";"100";"16.13";"83.87";"83.87";"85.54";"89.25";"76.34";"2.15";"1.08";"50";"13.98";"6.45";"46.15"
"David Bates";"CB";"all";"all";"19363";"D. Bates";"1996-10-05";"95.7";"16.3";"9";"0";"111";"100";"36.94";"63.06";"63.06";"67.02";"84.68";"56.76";"1.8";"0.9";"50";"30.63";"14.41";"47.06"
"Tsuyoshi Watanabe";"CB";"all";"all";"26860";"T. Watanabe";"1997-02-05";"97.29";"23.99";"8";"0";"171";"100";"15.2";"84.8";"84.8";"88.31";"90.06";"79.53";"0.58";"0";"0";"12.87";"6.43";"50"
"Kobe Cools";"CB";"all";"all";"23984";"K. Cools";"1997-07-25";"97.14";"20.14";"35";"0";"539";"100";"30.8";"69.2";"69.2";"74.25";"86.46";"64.19";"1.11";"0.37";"33.33";"24.12";"16.88";"70"
"Koki Machida";"CB";"all";"all";"26883";"K. Machida";"1997-08-25";"100.32";"21.1";"7";"0";"92";"100";"27.17";"72.83";"72.83";"77.38";"91.3";"70.65";"0";"0";"";"21.74";"9.78";"45"
"Hasan Kuruçay";"CB";"all";"all";"152166";"H. Kuruçay";"1997-08-31";"97.83";"22.39";"5";"1";"113";"100";"16.81";"83.19";"83.19";"84.31";"90.27";"76.11";"0.88";"0";"0";"15.04";"5.31";"35.29"
"Ahmed Touba";"CB";"all";"all";"33487";"A. Touba";"1998-03-13";"95.14";"27.61";"9";"0";"161";"100";"12.42";"87.58";"87.58";"91.18";"84.47";"77.02";"3.11";"1.86";"60";"11.8";"8.07";"68.42"
"João Pedro Eira Antunes da Silva";"CB";"all";"all";"35875";"João Silva";"1999-01-14";"96.57";"17.62";"13";"0";"147";"100";"25.85";"74.15";"74.15";"76.42";"83.67";"63.95";"1.36";"0.68";"50";"20.41";"14.29";"70"
"Zineddine Belaid";"CB";"all";"all";"163344";"Z. Belaid";"1999-03-20";"91.36";"20.97";"10";"0";"167";"100";"16.17";"83.83";"83.83";"84.67";"89.82";"76.05";"0";"0";"";"14.37";"10.78";"75"
"Ryotaro  Tsunoda";"CB";"all";"all";"152113";"R. Tsunoda";"1999-06-27";"98.75";"23.53";"6";"0";"99";"100";"38.38";"61.62";"61.62";"60.26";"78.79";"47.47";"0";"0";"";"30.3";"15.15";"50"
"Toon Raemaekers";"CB";"all";"all";"32385";"T. Raemaekers";"2000-09-09";"98.32";"25.93";"5";"0";"120";"100";"20.83";"79.17";"79.17";"80";"87.5";"70";"0.83";"0.83";"100";"18.33";"10";"54.55"
"Ewoud Pletinckx";"CB";"all";"all";"14682";"E. Pletinckx";"2000-10-10";"96.94";"17.33";"5";"0";"57";"100";"29.82";"70.18";"70.18";"78.57";"73.68";"57.89";"0";"0";"";"26.32";"17.54";"66.67"
"Bas Van den Eynden";"CB";"all";"all";"32799";"B. Van den Eynden";"2002-01-07";"96.47";"22.15";"11";"0";"228";"100";"17.98";"82.02";"82.02";"84.54";"85.09";"71.93";"0.88";"0";"0";"17.54";"9.65";"55"
"Ibe Hautekiet";"CB";"all";"all";"73357";"I. Hautekiet";"2002-04-13";"96.71";"20.59";"26";"0";"366";"100";"25.41";"74.59";"74.59";"80.32";"86.07";"69.13";"0.82";"0.55";"66.67";"26.5";"15.85";"59.79"
"Christiaan Ravych";"CB";"all";"all";"116555";"C. Ravych";"2002-07-30";"98.87";"17.55";"21";"0";"318";"100";"32.7";"67.3";"67.3";"68.13";"78.93";"53.77";"2.52";"0.94";"37.5";"28.3";"14.15";"50"
"Matte Smets";"CB";"all";"all";"176456";"M. Smets";"2004-01-04";"102.04";"29.93";"5";"0";"124";"100";"10.48";"89.52";"89.52";"92.04";"91.13";"83.87";"1.61";"1.61";"100";"7.26";"5.65";"77.78"
"Vincent Janssen";"CF";"all";"all";"10709";"V. Janssen";"1994-06-15";"97.59";"24.77";"30";"0";"686";"100";"24.64";"75.36";"75.36";"76.33";"62.83";"47.96";"12.54";"7.43";"59.3";"12.54";"7.14";"56.98"
"Nikola Storm";"CF";"all";"all";"25072";"N. Storm";"1994-09-30";"77.3";"22";"5";"0";"146";"100";"20.55";"79.45";"79.45";"79.35";"63.01";"50";"8.9";"4.79";"53.85";"14.38";"6.85";"47.62"
"Benito Raman";"CF";"all";"all";"1266";"B. Raman";"1994-11-07";"79.38";"22.25";"13";"0";"170";"100";"38.82";"61.18";"61.18";"64.95";"57.06";"37.06";"16.47";"8.24";"50";"24.12";"9.41";"39.02"
"Mathieu Maertens";"CF";"all";"all";"32379";"M. Maertens";"1995-03-27";"79.98";"20.88";"5";"0";"84";"100";"30.95";"69.05";"69.05";"70.37";"64.29";"45.24";"17.86";"10.71";"60";"21.43";"9.52";"44.44"
"Grejohn Kyei";"CF";"all";"all";"4092";"G. Kyei";"1995-08-12";"69.61";"17.34";"5";"0";"73";"100";"28.77";"71.23";"71.23";"70.45";"60.27";"42.47";"17.81";"12.33";"69.23";"20.55";"12.33";"60"
"Didier Lamkel Zé";"CF";"all";"all";"14622";"D. Lamkel Zé";"1996-09-17";"88.59";"20";"9";"0";"232";"100";"34.05";"65.95";"65.95";"65.52";"62.5";"40.95";"11.21";"6.03";"53.85";"17.67";"5.6";"31.71"
"Dennis Eckert Ayensa";"CF";"all";"all";"13928";"D. Eckert Ayensa";"1997-01-09";"89.3";"19.51";"30";"0";"632";"100";"27.85";"72.15";"72.15";"74.69";"63.77";"47.63";"13.77";"8.07";"58.62";"18.2";"8.54";"46.96"
"Thierry Ambrose";"CF";"all";"all";"13189";"T. Ambrose";"1997-03-28";"88.86";"17.65";"16";"0";"395";"100";"30.89";"69.11";"69.11";"74.76";"52.15";"38.99";"13.92";"7.85";"56.36";"14.43";"7.85";"54.39"
"Gustaf Nilsson";"CF";"all";"all";"28110";"G. Nilsson";"1997-05-23";"86.78";"24.59";"20";"0";"246";"100";"39.02";"60.98";"60.98";"61.34";"48.37";"29.67";"16.67";"6.91";"41.46";"17.89";"6.1";"34.09"
"Kasper Dolberg";"CF";"all";"all";"11562";"K. Dolberg";"1997-10-06";"86.13";"23.04";"28";"0";"388";"100";"27.06";"72.94";"72.94";"77.59";"59.79";"46.39";"11.6";"6.96";"60";"12.11";"5.93";"48.94"
"Billal Messaoudi";"CF";"all";"all";"80636";"B. Messaoudi";"1997-12-21";"84.45";"16.97";"6";"0";"116";"100";"30.17";"69.83";"69.83";"76.79";"48.28";"37.07";"12.93";"6.03";"46.67";"15.52";"7.76";"50"
"Lion Lauberbach";"CF";"all";"all";"25544";"L. Lauberbach";"1998-02-15";"83.97";"22.91";"19";"0";"318";"100";"32.08";"67.92";"67.92";"72.07";"56.29";"40.57";"10.69";"5.97";"55.88";"13.52";"6.6";"48.84"
"Dante Vanzeir";"CF";"all";"all";"25069";"D. Vanzeir";"1998-04-16";"88.25";"20.81";"16";"0";"333";"100";"34.83";"65.17";"65.17";"69.91";"64.86";"45.35";"14.41";"7.81";"54.17";"19.82";"8.71";"43.94"
"Aurélien Scheidler";"CF";"all";"all";"22162";"A. Scheidler";"1998-06-04";"85.55";"18.43";"23";"0";"409";"100";"33.5";"66.5";"66.5";"68.18";"64.55";"44.01";"15.4";"8.8";"57.14";"23.23";"9.29";"40"
"Mohamed Bayo";"CF";"all";"all";"18383";"M. Bayo";"1998-06-04";"79.43";"20.22";"6";"0";"82";"100";"26.83";"73.17";"73.17";"80.39";"62.2";"50";"18.29";"12.2";"66.67";"12.2";"4.88";"40"
"Ferrán Jutglà Blanch";"CF";"all";"all";"26601";"Ferrán Jutglà";"1999-02-01";"83.3";"24.23";"9";"0";"202";"100";"26.73";"73.27";"73.27";"76.55";"71.78";"54.95";"18.32";"10.4";"56.76";"18.32";"9.9";"54.05"
"Thibo Somers";"CF";"all";"all";"27673";"T. Somers";"1999-03-16";"96.73";"17.34";"5";"0";"109";"100";"36.7";"63.3";"63.3";"69.23";"59.63";"41.28";"15.6";"8.26";"52.94";"27.52";"12.84";"46.67"
"Charly Keita";"CF";"all";"all";"63428";"C. Keita";"1999-06-16";"85.96";"18.31";"9";"0";"103";"100";"31.07";"68.93";"68.93";"87.23";"45.63";"39.81";"3.88";"2.91";"75";"9.71";"4.85";"50"
"Andi Zeqiri";"CF";"all";"all";"24408";"A. Zeqiri";"1999-06-22";"78.55";"16.47";"23";"0";"311";"100";"30.87";"69.13";"69.13";"71.69";"53.38";"38.26";"16.72";"9";"53.85";"18.33";"9.32";"50.88"
"Thibaud Verlinden";"CF";"all";"all";"18710";"T. Verlinden";"1999-07-09";"73.7";"15.39";"5";"0";"81";"100";"39.51";"60.49";"60.49";"53.66";"50.62";"27.16";"16.05";"0";"0";"23.46";"6.17";"26.32"
"Bruny Nsimba";"CF";"all";"all";"32774";"B. Nsimba";"2000-04-05";"89.46";"18.26";"27";"1";"531";"100";"37.1";"62.9";"62.9";"65.2";"55.74";"36.35";"21.66";"12.43";"57.39";"20.34";"9.79";"48.15"
"Adriano Bertaccini";"CF";"all";"all";"586540";"A. Bertaccini";"2000-08-13";"86.53";"23.39";"7";"0";"130";"100";"32.31";"67.69";"67.69";"77.78";"48.46";"37.69";"11.54";"8.46";"73.33";"9.23";"5.38";"58.33"
"Toluwalase Emmanuel Arokodare";"CF";"all";"all";"32028";"T. Arokodare";"2000-11-23";"86.95";"25.86";"37";"0";"539";"100";"32.84";"67.16";"67.16";"78.66";"58.26";"45.83";"12.62";"8.53";"67.65";"11.32";"5.75";"50.82"
"Kévin Ahoueke Denkey";"CF";"all";"all";"21016";"K. Denkey";"2000-11-30";"98.15";"17";"14";"0";"317";"100";"33.12";"66.88";"66.88";"71.43";"57.41";"41.01";"15.14";"9.46";"62.5";"18.93";"9.78";"51.67"
"Daishawn Redan";"CF";"all";"all";"24946";"D. Redan";"2001-02-02";"88.68";"22.87";"5";"0";"60";"100";"33.33";"66.67";"66.67";"75.76";"55";"41.67";"16.67";"10";"60";"10";"1.67";"16.67"
"Antoine Colassin";"CF";"all";"all";"26172";"A. Colassin";"2001-02-26";"80.1";"18.07";"11";"0";"260";"100";"31.92";"68.08";"68.08";"69.75";"62.31";"43.46";"13.08";"6.92";"52.94";"22.31";"10.38";"46.55"
"Luis Ismael Vázquez";"CF";"all";"all";"36827";"L. Vázquez";"2001-04-24";"86.06";"22.77";"8";"0";"119";"100";"32.77";"67.23";"67.23";"78.12";"53.78";"42.02";"10.08";"6.72";"66.67";"10.92";"5.88";"53.85"
"Promise Oluwatobi Emmanuel David";"CF";"all";"all";"840900";"P. David";"2001-07-03";"80.16";"17.59";"21";"0";"286";"100";"42.66";"57.34";"57.34";"55.56";"50.35";"27.97";"19.93";"8.39";"42.11";"19.23";"6.64";"34.55"
"Charles Chukwubuikem Ikwuemesi";"CF";"all";"all";"586396";"C. Ikwuemesi";"2001-08-05";"92.47";"23.19";"22";"0";"369";"100";"33.6";"66.4";"66.4";"71.72";"39.3";"28.18";"11.92";"6.78";"56.82";"10.84";"3.52";"32.5"
"Nikola Štulić";"CF";"all";"all";"84589";"N. Štulić";"2001-09-08";"95.34";"22.9";"26";"0";"384";"100";"22.4";"77.6";"77.6";"80.43";"71.88";"57.81";"10.68";"6.51";"60.98";"18.75";"11.2";"59.72"
"Andri Lucas Gudjohnsen";"CF";"all";"all";"163721";"A. Gudjohnsen";"2002-01-29";"81.02";"20.39";"16";"0";"251";"100";"31.47";"68.53";"68.53";"75.34";"58.17";"43.82";"12.35";"7.57";"61.29";"17.53";"9.16";"52.27"
"Mohamed Berte";"CF";"all";"all";"48536";"M. Berte";"2002-03-25";"76.77";"18.86";"14";"0";"260";"100";"26.54";"73.46";"73.46";"76.92";"60";"46.15";"20";"12.69";"63.46";"13.85";"7.31";"52.78"
"Mohammed Gadaf Fuseini";"CF";"all";"all";"178840";"M. Fuseini";"2002-05-16";"84.79";"17.05";"10";"0";"153";"100";"39.22";"60.78";"60.78";"67.14";"45.75";"30.72";"18.95";"9.15";"48.28";"15.69";"6.54";"41.67"
"Kahveh Zahiroleslam";"CF";"all";"all";"764330";"K. Zahiroleslam";"2002-06-13";"86.49";"21.71";"11";"0";"253";"100";"32.81";"67.19";"67.19";"75.65";"45.45";"34.39";"9.09";"6.72";"73.91";"10.67";"5.14";"48.15"
"Andréas Hountondji";"CF";"all";"all";"42607";"A. Hountondji";"2002-07-11";"90.05";"19.8";"8";"0";"117";"100";"37.61";"62.39";"62.39";"72.13";"52.14";"37.61";"17.95";"11.97";"66.67";"17.95";"11.11";"61.9"
"Andrés Martín Ferrari Malviera";"CF";"all";"all";"163031";"A. Ferrari";"2003-01-03";"79.32";"18.74";"11";"0";"186";"100";"30.65";"69.35";"69.35";"75";"34.41";"25.81";"8.06";"6.45";"80";"10.22";"4.84";"47.37"
"Matija Frigan";"CF";"all";"all";"34748";"M. Frigan";"2003-02-11";"90.52";"20.19";"28";"0";"413";"100";"35.59";"64.41";"64.41";"64.58";"58.11";"37.53";"16.71";"7.99";"47.83";"22.28";"9.93";"44.57"
"Franjo Ivanović";"CF";"all";"all";"105825";"F. Ivanović";"2003-10-01";"85.53";"17.99";"23";"1";"582";"100";"31.62";"68.38";"68.38";"73.86";"52.58";"38.83";"14.6";"8.59";"58.82";"13.23";"6.36";"48.05"
"Romeo Vermant";"CF";"all";"all";"73355";"R. Vermant";"2004-01-24";"75.39";"21.07";"11";"0";"195";"100";"26.67";"73.33";"73.33";"79";"51.28";"40.51";"12.82";"8.72";"68";"11.28";"6.15";"54.55"
"Marwan Al Sahafi";"CF";"all";"all";"737573";"Marwan Al Sahafi";"2004-02-17";"90.34";"19.17";"18";"0";"267";"100";"40.82";"59.18";"59.18";"71.03";"40.07";"28.46";"13.11";"7.12";"54.29";"13.11";"5.24";"40"
"Felipe Augusto da Silva";"CF";"all";"all";"55009";"Felipe Augusto";"2004-02-18";"88.11";"15.73";"11";"0";"185";"100";"40";"60";"60";"54.88";"44.32";"24.32";"14.59";"5.95";"40.74";"18.38";"4.86";"26.47"
"Max Dean";"CF";"all";"all";"521206";"M. Dean";"2004-02-21";"80.25";"17.99";"10";"1";"145";"100";"44.14";"55.86";"55.86";"57.83";"57.24";"33.1";"13.1";"6.9";"52.63";"23.45";"7.59";"32.35"
"Ignacio Ferri Julià";"CF";"all";"all";"762385";"Nacho Ferri";"2004-10-05";"90.36";"18.27";"23";"0";"354";"100";"35.59";"64.41";"64.41";"70.47";"54.52";"38.42";"16.1";"10.45";"64.91";"22.88";"12.71";"55.56"
"Lequincio Zeefuik";"CF";"all";"all";"67773";"L. Zeefuik";"2004-11-26";"68.84";"15.15";"6";"0";"83";"100";"36.14";"63.86";"63.86";"75";"28.92";"21.69";"9.64";"7.23";"75";"9.64";"4.82";"50"
"Lucas Stassin";"CF";"all";"all";"306321";"L. Stassin";"2004-11-29";"89.38";"17.89";"5";"0";"84";"100";"28.57";"71.43";"71.43";"72.92";"57.14";"41.67";"19.05";"13.1";"68.75";"11.9";"4.76";"40"
"Mats Rits";"DM";"all";"all";"7209";"M. Rits";"1993-07-18";"92.4";"22.61";"7";"0";"153";"100";"28.76";"71.24";"71.24";"72.6";"95.42";"69.28";"4.58";"2.61";"57.14";"22.88";"10.46";"45.71"
"Birger Verstraete";"DM";"all";"all";"1353";"B. Verstraete";"1994-04-16";"98.95";"22.78";"11";"0";"254";"100";"15.35";"84.65";"84.65";"85.71";"88.19";"75.59";"3.54";"3.15";"88.89";"14.17";"9.06";"63.89"
"Leander Dendoncker";"DM";"all";"all";"6088";"L. Dendoncker";"1995-04-15";"97.91";"27";"8";"0";"287";"100";"16.72";"83.28";"83.28";"89.41";"82.23";"73.52";"3.14";"2.09";"66.67";"8.01";"3.83";"47.83"
"Nathan Rôdes";"DM";"all";"all";"14553";"N. Rôdes";"1997-12-11";"97.25";"20.69";"29";"0";"790";"100";"22.03";"77.97";"77.97";"79.07";"79.24";"62.66";"4.18";"2.03";"48.48";"16.08";"7.22";"44.88"
"Tomoki Takamine";"DM";"all";"all";"254436";"T. Takamine";"1997-12-29";"91.72";"17.15";"5";"0";"92";"100";"21.74";"78.26";"78.26";"81.01";"85.87";"69.57";"3.26";"3.26";"100";"11.96";"8.7";"72.73"
"Aiden O''Neill";"DM";"all";"all";"560883";"A. O''Neill";"1998-07-04";"97.66";"19.79";"19";"0";"529";"100";"20.23";"79.77";"79.77";"80.86";"83.93";"67.86";"2.65";"1.13";"42.86";"14.93";"8.32";"55.7"
"Charles Vanhoutte";"DM";"all";"all";"14650";"C. Vanhoutte";"1998-09-16";"93.78";"20.7";"17";"1";"526";"100";"20.53";"79.47";"79.47";"81.08";"88.4";"71.67";"4.56";"2.09";"45.83";"16.35";"8.56";"52.33"
"Leonardo da Silva Lopes";"DM";"all";"all";"18823";"Leonardo Lopes";"1998-11-30";"92.72";"22.36";"8";"0";"218";"100";"20.18";"79.82";"79.82";"83.01";"70.18";"58.26";"2.29";"0.92";"40";"11.47";"6.88";"60"
"Doğucan Haspolat";"DM";"all";"all";"19028";"D. Haspolat";"2000-02-11";"99.2";"21.74";"8";"0";"179";"100";"22.35";"77.65";"77.65";"80.56";"80.45";"64.8";"5.59";"3.35";"60";"15.08";"7.26";"48.15"
"Aziz Mohammed Ouattara";"DM";"all";"all";"61122";"A. Ouattara";"2001-01-04";"94.62";"26.03";"5";"0";"162";"100";"16.05";"83.95";"83.95";"87.1";"76.54";"66.67";"4.32";"2.47";"57.14";"4.94";"1.85";"37.5"
"Fredrik Hammar";"DM";"all";"all";"28940";"F. Hammar";"2001-02-26";"98.53";"23.89";"6";"0";"141";"100";"20.57";"79.43";"79.43";"83.62";"82.27";"68.79";"1.42";"1.42";"100";"16.31";"9.93";"60.87"
"Ibrahim Karamoko";"DM";"all";"all";"26646";"I. Karamoko";"2001-07-23";"93.01";"20";"13";"0";"237";"100";"27.43";"72.57";"72.57";"69.52";"78.9";"54.85";"4.64";"2.53";"54.55";"20.25";"7.59";"37.5"
"Ardon Jashari";"DM";"all";"all";"30533";"A. Jashari";"2002-07-30";"92.54";"27.68";"5";"0";"202";"100";"11.88";"88.12";"88.12";"89.09";"81.68";"72.77";"3.96";"1.49";"37.5";"11.39";"5.94";"52.17"
"Vetle Winger Dragsnes";"LB";"all";"all";"72013";"V. Dragsnes";"1994-02-06";"93.04";"21.82";"28";"0";"652";"100";"23.31";"76.69";"76.69";"78.48";"84.82";"66.56";"7.67";"3.83";"50";"23.47";"11.04";"47.06"
"Ludwig Augustinsson";"LB";"all";"all";"11493";"L. Augustinsson";"1994-04-21";"94.98";"23.54";"12";"0";"346";"100";"28.61";"71.39";"71.39";"74.35";"89.02";"66.18";"6.36";"3.47";"54.55";"31.5";"15.32";"48.62"
"Joris Kayembe Ditu ";"LB";"all";"all";"5369";"J. Kayembe";"1994-08-08";"95.86";"27.42";"32";"0";"1110";"100";"19.1";"80.9";"80.9";"83.26";"82.34";"68.56";"4.68";"2.97";"63.46";"17.21";"9.73";"56.54"
"Takahiro Akimoto";"LB";"all";"all";"151020";"T. Akimoto";"1998-01-31";"95.75";"22.63";"13";"0";"317";"100";"19.87";"80.13";"80.13";"83.73";"79.5";"66.56";"5.36";"4.1";"76.47";"21.45";"11.99";"55.88"
"Ayrton Enrique Costa";"LB";"all";"all";"36734";"A. Costa";"1999-07-12";"88.96";"20.84";"12";"0";"279";"100";"23.66";"76.34";"76.34";"76.67";"86.02";"65.95";"7.17";"3.23";"45";"22.58";"11.11";"49.21"
"Mardochée Nzita";"LB";"all";"all";"27591";"M. Nzita";"2000-02-24";"82.03";"19.61";"11";"0";"224";"100";"20.09";"79.91";"79.91";"80.93";"86.61";"70.09";"6.7";"3.12";"46.67";"21.88";"11.61";"53.06"
"Brian Plat";"LB";"all";"all";"38013";"B. Plat";"2000-04-05";"91.28";"19.53";"16";"0";"346";"100";"28.61";"71.39";"71.39";"78.46";"75.14";"58.96";"4.05";"2.02";"50";"19.94";"10.4";"52.17"
"Olivier Deman";"LB";"all";"all";"14652";"O. Deman";"2000-04-06";"97.28";"24.6";"17";"0";"428";"100";"22.66";"77.34";"77.34";"79.36";"80.37";"63.79";"5.84";"2.8";"48";"20.09";"10.51";"52.33"
"Maxim De Cuyper";"LB";"all";"all";"24894";"M. De Cuyper";"2000-12-22";"96.04";"26.45";"33";"0";"926";"100";"23.54";"76.46";"76.46";"77.99";"86.83";"67.71";"11.12";"5.4";"48.54";"23.54";"12.1";"51.38"
"Tiago Filipe Alves Araújo";"LB";"all";"all";"34753";"Tiago Araújo";"2001-03-27";"87.5";"22.12";"5";"0";"128";"100";"35.94";"64.06";"64.06";"61.68";"83.59";"51.56";"9.38";"5.47";"58.33";"32.81";"12.5";"38.1"
"Archibald Norman Brown";"LB";"all";"all";"31221";"A. Brown";"2002-05-28";"97.2";"24.04";"17";"0";"509";"100";"33.6";"66.4";"66.4";"69.27";"75.44";"52.26";"11";"4.13";"37.5";"24.56";"7.86";"32"
"Moussa N'Diaye";"LB";"all";"all";"54979";"M. N'Diaye";"2002-06-18";"86.6";"24.15";"19";"0";"604";"100";"19.21";"80.79";"80.79";"84.07";"78.97";"66.39";"4.47";"2.48";"55.56";"12.91";"5.3";"41.03"
"Tuur Rommens";"LB";"all";"all";"25354";"T. Rommens";"2003-03-26";"97.03";"21.31";"34";"0";"924";"100";"30.09";"69.91";"69.91";"71.49";"76.3";"54.55";"8.87";"3.57";"40.24";"25.54";"11.15";"43.64"
"Flávio Basilua Jacinto Nazinho";"LB";"all";"all";"42119";"Flávio Nazinho";"2003-07-20";"94.95";"14.98";"5";"0";"112";"100";"32.14";"67.86";"67.86";"67.05";"78.57";"52.68";"11.61";"6.25";"53.85";"33.93";"16.07";"47.37"
"Manuel Osifo";"LB";"all";"all";"48537";"M. Osifo";"2003-07-31";"82.58";"20.37";"7";"0";"129";"100";"31.01";"68.99";"68.99";"73.68";"73.64";"54.26";"6.2";"2.33";"37.5";"18.6";"6.98";"37.5"
"Roman Neustädter";"LCB";"all";"all";"9259";"R. Neustädter";"1988-02-18";"101.11";"19.85";"7";"0";"123";"100";"18.7";"81.3";"81.3";"83.78";"90.24";"75.61";"0.81";"0";"0";"21.14";"13.01";"61.54"
"Denis Odoi";"LCB";"all";"all";"2614";"D. Odoi";"1988-05-27";"92.69";"24.51";"5";"0";"104";"100";"12.5";"87.5";"87.5";"87.36";"83.65";"73.08";"1.92";"0.96";"50";"10.58";"6.73";"63.64"
"Derrick Katuku Tshimanga";"LCB";"all";"all";"2665";"D. Tshimanga";"1988-11-06";"99.81";"23.02";"8";"0";"175";"100";"25.14";"74.86";"74.86";"77.4";"83.43";"64.57";"2.29";"1.71";"75";"16";"8";"50"
"Mathias Jattah-Njie Jørgensen";"LCB";"all";"all";"7157";"M. Jørgensen";"1990-04-23";"97.13";"25.91";"15";"0";"377";"100";"15.12";"84.88";"84.88";"86.11";"95.49";"82.23";"1.06";"1.06";"100";"11.14";"6.37";"57.14"
"Stefan Mitrović";"LCB";"all";"all";"9982";"S. Mitrović";"1990-05-22";"98.48";"25.35";"7";"0";"135";"100";"13.33";"86.67";"86.67";"89.68";"93.33";"83.7";"1.48";"0.74";"50";"8.15";"4.44";"54.55"
"Bruno Godeau";"LCB";"all";"all";"1502";"B. Godeau";"1992-05-10";"96.04";"23.09";"22";"0";"516";"100";"20.93";"79.07";"79.07";"81.51";"90.12";"73.45";"2.71";"1.55";"57.14";"18.41";"9.69";"52.63"
"Brandon Mechele";"LCB";"all";"all";"1441";"B. Mechele";"1993-01-28";"99.16";"27.33";"35";"0";"689";"100";"16.26";"83.74";"83.74";"86.86";"90.57";"78.66";"2.03";"1.74";"85.71";"14.8";"8.85";"59.8"
"Federico Ricca Rostagnol";"LCB";"all";"all";"3346";"F. Ricca";"1994-12-01";"98.81";"22.99";"21";"1";"501";"100";"21.56";"78.44";"78.44";"78.92";"89.02";"70.26";"2";"1.4";"70";"26.55";"16.17";"60.9"
"Bryan Gonçalves";"LCB";"all";"all";"16110";"B. Gonçalves";"1996-07-19";"93.2";"19.66";"16";"0";"329";"100";"31";"69";"69";"70.98";"86.93";"61.7";"2.74";"1.22";"44.44";"28.57";"15.2";"53.19"
"Jaïro Riedewald";"LCB";"all";"all";"4616";"J. Riedewald";"1996-09-09";"81.73";"20.96";"6";"0";"112";"100";"17.86";"82.14";"82.14";"82.35";"91.07";"75";"0";"0";"";"18.75";"10.71";"57.14"
"Ryoya Ogawa";"LCB";"all";"all";"26854";"R. Ogawa";"1996-11-24";"97.34";"20.98";"6";"0";"151";"100";"31.13";"68.87";"68.87";"71.32";"90.07";"64.24";"4.64";"2.65";"57.14";"21.85";"8.61";"39.39"
"Senna Miangue";"LCB";"all";"all";"13752";"S. Miangue";"1997-02-05";"97.72";"16.54";"7";"0";"83";"100";"48.19";"51.81";"51.81";"55.88";"81.93";"45.78";"2.41";"0";"0";"33.73";"10.84";"32.14"
"Joedrick Pupe";"LCB";"all";"all";"564779";"J. Pupe";"1997-06-04";"97.83";"20.82";"20";"0";"609";"100";"28.08";"71.92";"71.92";"73.52";"83.09";"61.08";"5.25";"2.46";"46.88";"30.21";"16.09";"53.26"
"Jordan Torunarigha";"LCB";"all";"all";"19088";"J. Torunarigha";"1997-08-07";"95.17";"22.5";"21";"0";"486";"100";"26.13";"73.87";"73.87";"77.72";"81.28";"63.17";"1.23";"1.03";"83.33";"18.52";"9.67";"52.22"
"Koki Machida";"LCB";"all";"all";"26883";"K. Machida";"1997-08-25";"98.09";"19.7";"22";"0";"382";"100";"28.27";"71.73";"71.73";"74.13";"90.05";"66.75";"2.09";"0.52";"25";"24.61";"11.26";"45.74"
"Takuma Ominami";"LCB";"all";"all";"26068";"T. Ominami";"1997-12-13";"95.11";"25.96";"6";"0";"107";"100";"15.89";"84.11";"84.11";"85.86";"92.52";"79.44";"0.93";"0.93";"100";"12.15";"7.48";"61.54"
"Ahmed Touba";"LCB";"all";"all";"33487";"A. Touba";"1998-03-13";"99.55";"26.13";"12";"0";"369";"100";"14.09";"85.91";"85.91";"86.57";"90.79";"78.59";"2.17";"1.36";"62.5";"18.16";"10.84";"59.7"
"Lucas Perrin";"LCB";"all";"all";"12122";"L. Perrin";"1998-11-19";"101.16";"17.92";"6";"0";"126";"100";"23.81";"76.19";"76.19";"77";"79.37";"61.11";"7.94";"3.97";"50";"31.75";"18.25";"57.5"
"João Pedro Eira Antunes da Silva";"LCB";"all";"all";"35875";"João Silva";"1999-01-14";"98.42";"19.01";"6";"0";"97";"100";"27.84";"72.16";"72.16";"75";"86.6";"64.95";"0";"0";"";"17.53";"7.22";"41.18"
"Ryotaro  Tsunoda";"LCB";"all";"all";"152113";"R. Tsunoda";"1999-06-27";"97.47";"20.34";"5";"0";"110";"100";"33.64";"66.36";"66.36";"61.84";"69.09";"42.73";"0.91";"0";"0";"28.18";"11.82";"41.94"
"Zaid Abner Romero";"LCB";"all";"all";"28553";"Z. Romero";"1999-12-15";"94.59";"28.99";"5";"0";"133";"100";"14.29";"85.71";"85.71";"88.7";"86.47";"76.69";"0.75";"0.75";"100";"12.78";"6.02";"47.06"
"Aiham Ousou";"LCB";"all";"all";"30606";"Aiham Ousou";"2000-01-09";"96.71";"22.42";"10";"0";"188";"100";"22.34";"77.66";"77.66";"81.76";"84.57";"69.15";"1.06";"1.06";"100";"19.15";"11.17";"58.33"
"Edgaras Utkus";"LCB";"all";"all";"34444";"E. Utkus";"2000-06-22";"96.41";"21.48";"5";"0";"95";"100";"29.47";"70.53";"70.53";"75.64";"82.11";"62.11";"1.05";"1.05";"100";"27.37";"14.74";"53.85"
"Toon Raemaekers";"LCB";"all";"all";"32385";"T. Raemaekers";"2000-09-09";"92.88";"24.85";"7";"0";"151";"100";"17.22";"82.78";"82.78";"85.38";"86.09";"73.51";"1.32";"0.66";"50";"11.26";"4.64";"41.18"
"Loïc Junior Mbe Soh";"LCB";"all";"all";"22253";"L. Mbe Soh";"2001-06-13";"99.13";"23";"13";"0";"292";"100";"15.41";"84.59";"84.59";"86.96";"86.64";"75.34";"1.71";"1.03";"60";"12.33";"8.22";"66.67"
"Henry Lawrence";"LCB";"all";"all";"29800";"H. Lawrence";"2001-09-21";"98.71";"20.07";"12";"0";"410";"100";"26.34";"73.66";"73.66";"74.23";"79.51";"59.02";"1.71";"1.22";"71.43";"21.71";"10.49";"48.31"
"José Martínez Marsà";"LCB";"all";"all";"53344";"José Marsà";"2002-03-04";"95.92";"24.6";"17";"0";"420";"100";"25.95";"74.05";"74.05";"76";"83.33";"63.33";"2.38";"1.43";"60";"20.48";"11.19";"54.65"
"Ibe Hautekiet";"LCB";"all";"all";"73357";"I. Hautekiet";"2002-04-13";"95.7";"16.65";"7";"0";"88";"100";"23.86";"76.14";"76.14";"80";"85.23";"68.18";"3.41";"2.27";"66.67";"22.73";"13.64";"60"
"Stelios Andreou";"LCB";"all";"all";"60026";"S. Andreou";"2002-07-24";"98";"23.03";"19";"0";"330";"100";"22.73";"77.27";"77.27";"82.56";"85.15";"70.3";"0.61";"0.61";"100";"19.09";"11.52";"60.32"
"Christiaan Ravych";"LCB";"all";"all";"116555";"C. Ravych";"2002-07-30";"98.57";"18.62";"5";"0";"100";"100";"30";"70";"70";"71.25";"80";"57";"6";"2";"33.33";"29";"14";"48.28"
"Cheick Keita";"LCB";"all";"all";"550448";"C. Keita";"2003-04-02";"97.87";"21.28";"5";"0";"52";"100";"30.77";"69.23";"69.23";"79.41";"65.38";"51.92";"0";"0";"";"11.54";"1.92";"16.67"
"Emin Bayram";"LCB";"all";"all";"24461";"E. Bayram";"2003-04-02";"97.96";"20.29";"12";"0";"240";"100";"21.25";"78.75";"78.75";"80.37";"89.17";"71.67";"1.67";"1.67";"100";"23.33";"15";"64.29"
"Nathan Ngoy";"LCB";"all";"all";"43288";"N. Ngoy";"2003-06-10";"95.51";"20.68";"10";"0";"222";"100";"27.48";"72.52";"72.52";"76.24";"81.53";"62.16";"2.7";"1.8";"66.67";"19.82";"9.91";"50"
"Omar Fayed Abdelwahab Elrakhawy";"LCB";"all";"all";"758003";"Omar Fayed";"2003-07-04";"100.98";"17.97";"7";"0";"183";"100";"20.22";"79.78";"79.78";"85.4";"74.86";"63.93";"1.64";"0.55";"33.33";"13.66";"8.74";"64"
"Zeno Van den Bosch";"LCB";"all";"all";"40040";"Z. Van den Bosch";"2003-07-06";"98.91";"23.83";"28";"0";"611";"100";"18.99";"81.01";"81.01";"85.5";"89.2";"76.27";"0.49";"0.16";"33.33";"13.91";"9";"64.71"
"Fedde Leysen";"LCB";"all";"all";"39736";"F. Leysen";"2003-07-09";"95.48";"22.34";"13";"1";"300";"100";"27.67";"72.33";"72.33";"73.6";"83.33";"61.33";"4.67";"2.33";"50";"20.67";"7.67";"37.1"
"Samuel Kotto";"LCB";"all";"all";"634268";"S. Kotto";"2003-09-03";"98.25";"24.6";"5";"0";"127";"100";"27.56";"72.44";"72.44";"76.36";"86.61";"66.14";"0.79";"0";"0";"11.02";"3.15";"28.57"
"Matte Smets";"LCB";"all";"all";"176456";"M. Smets";"2004-01-04";"99.42";"28.6";"30";"0";"828";"100";"14.73";"85.27";"85.27";"86.64";"93.12";"80.68";"0.85";"0.36";"42.86";"11.96";"6.16";"51.52"
"Bram Lagae";"LCB";"all";"all";"102829";"B. Lagae";"2004-01-14";"99.25";"19.44";"15";"0";"299";"100";"30.43";"69.57";"69.57";"70.19";"88.63";"62.21";"1";"1";"100";"25.75";"11.37";"44.16"
"Massamba Sow";"LCB";"all";"all";"841417";"M. Sow";"2004-06-13";"94.93";"24.41";"7";"0";"106";"100";"25.47";"74.53";"74.53";"78.16";"82.08";"64.15";"0.94";"0";"0";"13.21";"6.6";"50"
"Jan-Carlo Simić";"LCB";"all";"all";"69934";"J. Simić";"2005-05-02";"92.25";"23.25";"10";"0";"178";"100";"22.47";"77.53";"77.53";"80";"84.27";"67.42";"2.81";"0";"0";"10.11";"2.81";"27.78"
"Emmanuel Kakou";"LCB";"all";"all";"819000";"E. Kakou";"2005-06-30";"97.1";"15.65";"11";"0";"205";"100";"32.68";"67.32";"67.32";"68.06";"70.24";"47.8";"3.9";"0.98";"25";"30.73";"15.12";"49.21"
"Luka Vušković";"LCB";"all";"all";"569859";"L. Vušković";"2007-02-24";"98.92";"21.98";"14";"0";"298";"100";"15.1";"84.9";"84.9";"88.89";"84.56";"75.17";"3.02";"1.34";"44.44";"17.79";"11.41";"64.15"
"Birger Verstraete";"LDM";"all";"all";"1353";"B. Verstraete";"1994-04-16";"96.69";"25.45";"9";"0";"233";"100";"18.88";"81.12";"81.12";"84.13";"81.12";"68.24";"4.29";"3";"70";"15.45";"9.87";"63.89"
"Dennis Praet";"LDM";"all";"all";"2645";"D. Praet";"1994-05-14";"83.22";"19.71";"6";"0";"124";"100";"15.32";"84.68";"84.68";"87.5";"90.32";"79.03";"5.65";"4.03";"71.43";"16.13";"9.68";"60"
"Bryan Heynen";"LDM";"all";"all";"1539";"B. Heynen";"1997-02-06";"97.86";"28.81";"25";"0";"946";"100";"15.54";"84.46";"84.46";"85.91";"84.78";"72.83";"4.55";"2.64";"58.14";"13.74";"7.61";"55.38"
"Adem Zorgane";"LDM";"all";"all";"61694";"A. Zorgane";"2000-01-06";"97.3";"22.69";"20";"0";"971";"100";"17.61";"82.39";"82.39";"84.04";"89.7";"75.39";"10.09";"6.8";"67.35";"19.88";"12.56";"63.21"
"Raphael Onyedika";"LDM";"all";"all";"58981";"R. Onyedika";"2001-04-19";"91.69";"24.91";"7";"0";"212";"100";"12.26";"87.74";"87.74";"90.91";"83.02";"75.47";"5.19";"4.72";"90.91";"9.43";"6.13";"65"
"Thomas Van Den Keybus";"LDM";"all";"all";"32455";"T. Van den Keybus";"2001-04-25";"85.31";"17.6";"7";"0";"145";"100";"26.9";"73.1";"73.1";"75.7";"73.79";"55.86";"8.28";"5.52";"66.67";"19.31";"10.34";"53.57"
"Faisal Al Ghamdi";"LDM";"all";"all";"732074";"Faisal Al Ghamdi";"2001-08-13";"91.12";"22.28";"10";"0";"342";"100";"19.88";"80.12";"80.12";"82.23";"83.92";"69.01";"7.89";"3.51";"44.44";"15.79";"7.6";"48.15"
"Ardon Jashari";"LDM";"all";"all";"30533";"A. Jashari";"2002-07-30";"91.98";"26.11";"23";"0";"844";"100";"14.45";"85.55";"85.55";"86.04";"78.91";"67.89";"9.48";"5.45";"57.5";"13.86";"7.82";"56.41"
"Etienne Camara";"LDM";"all";"all";"179276";"E. Camara";"2003-03-30";"90.07";"22.01";"10";"0";"332";"100";"10.24";"89.76";"89.76";"93.24";"84.64";"78.92";"2.11";"1.81";"85.71";"8.13";"5.42";"66.67"
"Mahamadou Doumbia";"LDM";"all";"all";"809015";"M. Doumbia";"2004-05-15";"90.94";"23.14";"21";"0";"745";"100";"14.5";"85.5";"85.5";"89.17";"68.19";"60.81";"5.37";"3.49";"65";"6.71";"3.89";"58"
"Mathias Delorge-Knieper";"LDM";"all";"all";"60859";"M. Delorge";"2004-07-31";"97.7";"22.71";"7";"0";"236";"100";"16.1";"83.9";"83.9";"85.57";"82.2";"70.34";"2.54";"2.12";"83.33";"14.83";"8.47";"57.14"
"Arthur Piedfort";"LDM";"all";"all";"514749";"A. Piedfort";"2005-02-01";"82.94";"18.38";"7";"0";"141";"100";"25.53";"74.47";"74.47";"78.79";"70.21";"55.32";"9.22";"4.96";"53.85";"14.89";"7.09";"47.62"
"Nikola Storm";"LF";"all";"all";"25072";"N. Storm";"1994-09-30";"75.78";"18.58";"10";"0";"188";"100";"23.94";"76.06";"76.06";"76.47";"63.3";"48.4";"18.09";"9.57";"52.94";"19.15";"10.11";"52.78"
"Francis Amuzu";"LF";"all";"all";"14536";"F. Amuzu";"1999-08-23";"81.37";"23.72";"5";"0";"152";"100";"25.66";"74.34";"74.34";"73.08";"68.42";"50";"21.05";"9.87";"46.87";"19.74";"7.24";"36.67"
"Adriano Bertaccini";"LF";"all";"all";"586540";"A. Bertaccini";"2000-08-13";"94.13";"24.18";"7";"0";"150";"100";"30.67";"69.33";"69.33";"71.91";"59.33";"42.67";"10";"4.67";"46.67";"16";"5.33";"33.33"
"Kazeem Aderemi Olaigbe";"LF";"all";"all";"25375";"K. Olaigbe";"2003-01-02";"73.56";"15.29";"5";"0";"144";"100";"28.47";"71.53";"71.53";"78.16";"60.42";"47.22";"18.06";"8.33";"46.15";"15.28";"6.25";"40.91"
"Christopher Bonsu Baah";"LF";"all";"all";"626475";"C. Bonsu Baah";"2004-12-14";"87.35";"26.2";"5";"0";"145";"100";"24.14";"75.86";"75.86";"70.97";"64.14";"45.52";"13.79";"4.83";"35";"16.55";"4.14";"25"
"Hans Vanaken";"LM";"all";"all";"4202";"H. Vanaken";"1992-08-24";"98.58";"26.98";"6";"0";"195";"100";"13.33";"86.67";"86.67";"88.69";"86.15";"76.41";"9.23";"7.69";"83.33";"13.85";"8.72";"62.96"
"Hannes Van der Bruggen";"LM";"all";"all";"4193";"H. Van der Bruggen";"1993-04-01";"87.57";"16.23";"24";"0";"648";"100";"26.08";"73.92";"73.92";"74.65";"87.04";"64.97";"9.72";"4.78";"49.21";"25.62";"13.43";"52.41"
"Rob Schoofs";"LM";"all";"all";"9073";"R. Schoofs";"1994-03-23";"96.8";"26.13";"31";"0";"1277";"100";"19.19";"80.81";"80.81";"83.02";"83.95";"69.69";"9.55";"5.79";"60.66";"15.11";"7.52";"49.74"
"Marco Ilaimaharitra";"LM";"all";"all";"6777";"M. Ilaimaharitra";"1995-07-26";"91.81";"22.4";"5";"0";"176";"100";"19.89";"80.11";"80.11";"82.01";"78.98";"64.77";"6.25";"2.27";"36.36";"9.66";"5.11";"52.94"
"Siebe Schrijvers";"LM";"all";"all";"9835";"S. Schrijvers";"1996-07-18";"93.63";"21.71";"8";"1";"242";"100";"25.62";"74.38";"74.38";"75.96";"75.62";"57.44";"7.85";"4.13";"52.63";"18.6";"9.5";"51.11"
"Bryan Heynen";"LM";"all";"all";"1539";"B. Heynen";"1997-02-06";"99.28";"26.64";"8";"0";"292";"100";"19.18";"80.82";"80.82";"82.52";"84.25";"69.52";"5.48";"3.08";"56.25";"15.07";"7.88";"52.27"
"Roman Květ";"LM";"all";"all";"37413";"R. Květ";"1997-12-17";"75.04";"17.04";"10";"0";"238";"100";"23.53";"76.47";"76.47";"82.11";"79.83";"65.55";"8.4";"6.3";"75";"17.65";"7.98";"45.24"
"Ragnar Oratmangoen";"LM";"all";"all";"39832";"R. Oratmangoen";"1998-01-21";"79.83";"19.41";"8";"0";"275";"100";"20";"80";"80";"82.65";"71.27";"58.91";"8";"4.73";"59.09";"12.36";"7.64";"61.76"
"Ryotaro Ito";"LM";"all";"all";"606986";"R. Ito";"1998-02-06";"87.79";"20.9";"17";"0";"573";"100";"19.2";"80.8";"80.8";"85.27";"78.18";"66.67";"9.08";"5.76";"63.46";"12.22";"5.76";"47.14"
"Charles Vanhoutte";"LM";"all";"all";"14650";"C. Vanhoutte";"1998-09-16";"97.02";"18.78";"6";"0";"210";"100";"16.67";"83.33";"83.33";"83.43";"80.48";"67.14";"6.67";"4.29";"64.29";"18.57";"11.43";"61.54"
"Welat Cagro";"LM";"all";"all";"39670";"W. Cagro";"1999-05-31";"89.35";"19.37";"5";"0";"146";"100";"16.44";"83.56";"83.56";"87.3";"86.3";"75.34";"1.37";"0.68";"50";"10.27";"4.11";"40"
"Théo Leoni";"LM";"all";"all";"35257";"T. Leoni";"2000-04-21";"87.66";"21.16";"8";"0";"218";"100";"22.48";"77.52";"77.52";"78.92";"84.86";"66.97";"6.88";"5.05";"73.33";"12.84";"7.8";"60.71"
"Abdelkahar Kadri";"LM";"all";"all";"63341";"A. Kadri";"2000-06-24";"92.7";"18.12";"10";"0";"290";"100";"26.55";"73.45";"73.45";"80";"63.79";"51.03";"10";"6.55";"65.52";"14.48";"8.97";"61.9"
"Thomas Van Den Keybus";"LM";"all";"all";"32455";"T. Van den Keybus";"2001-04-25";"93.68";"22.3";"6";"0";"163";"100";"25.15";"74.85";"74.85";"77.6";"76.69";"59.51";"7.98";"5.52";"69.23";"17.18";"7.36";"42.86"
"Yari Verschaeren";"LM";"all";"all";"22880";"Y. Verschaeren";"2001-07-12";"76.84";"21.83";"8";"0";"250";"100";"18.4";"81.6";"81.6";"89.62";"73.2";"65.6";"6.8";"4";"58.82";"6.8";"3.6";"52.94"
"Faisal Al Ghamdi";"LM";"all";"all";"732074";"Faisal Al Ghamdi";"2001-08-13";"98.09";"20.81";"12";"0";"413";"100";"22.03";"77.97";"77.97";"80.55";"79.66";"64.16";"7.26";"3.39";"46.67";"12.35";"6.05";"49.02"
"Marko Bulat";"LM";"all";"all";"36946";"M. Bulat";"2001-09-26";"86.02";"16.77";"8";"0";"141";"100";"30.5";"69.5";"69.5";"76.92";"64.54";"49.65";"5.67";"2.84";"50";"16.31";"9.93";"60.87"
"Sotiris Alexandropoulos";"LM";"all";"all";"15183";"S. Alexandropoulos";"2001-11-26";"79.58";"17.41";"9";"0";"297";"100";"23.23";"76.77";"76.77";"79.91";"77.1";"61.62";"5.72";"1.35";"23.53";"15.49";"8.08";"52.17"
"Joel Chima Fujita";"LM";"all";"all";"152118";"J. Fujita";"2002-02-16";"96.08";"21.37";"9";"0";"272";"100";"22.79";"77.21";"77.21";"80.91";"80.88";"65.44";"5.51";"4.04";"73.33";"14.71";"7.35";"50"
"Nayel Mehssatou Sepúlveda";"LM";"all";"all";"108081";"N. Mehssatou";"2002-04-11";"95.44";"17.46";"8";"0";"189";"100";"22.22";"77.78";"77.78";"82.31";"68.78";"56.61";"6.88";"4.76";"69.23";"15.34";"10.58";"68.97"
"Malcolm Viltard";"LM";"all";"all";"34873";"M. Viltard";"2002-10-24";"78.54";"16.66";"8";"0";"196";"100";"27.04";"72.96";"72.96";"74.66";"74.49";"55.61";"5.1";"2.04";"40";"17.86";"10.2";"57.14"
"Kamiel Van De Perre";"LM";"all";"all";"167040";"K. Van De Perre";"2004-02-12";"95.93";"17.39";"5";"0";"109";"100";"20.18";"79.82";"79.82";"79.55";"80.73";"64.22";"8.26";"5.5";"66.67";"15.6";"6.42";"41.18"
"Léandre Filipe Kuavita";"LM";"all";"all";"483331";"L. Kuavita";"2004-05-31";"85.99";"17.52";"19";"0";"358";"100";"36.03";"63.97";"63.97";"69.23";"76.26";"52.79";"13.13";"5.31";"40.43";"21.23";"8.38";"39.47"
"Mathias Delorge-Knieper";"LM";"all";"all";"60859";"M. Delorge";"2004-07-31";"91.83";"22.03";"19";"0";"582";"100";"19.42";"80.58";"80.58";"82.2";"85.91";"70.62";"6.7";"2.92";"43.59";"13.57";"6.19";"45.57"
"Mario Stroeykens";"LM";"all";"all";"35453";"M. Stroeykens";"2004-09-29";"80.81";"19.81";"5";"0";"190";"100";"12.63";"87.37";"87.37";"90.07";"74.21";"66.84";"5.79";"4.21";"72.73";"7.89";"5.26";"66.67"
"Noah Sadiki";"LM";"all";"all";"161655";"N. Sadiki";"2004-12-17";"94.62";"19.42";"16";"0";"392";"100";"22.19";"77.81";"77.81";"82.15";"75.77";"62.24";"7.65";"3.57";"46.67";"15.82";"7.4";"46.77"
"Ezechiel Banzuzi";"LM";"all";"all";"70886";"E. Banzuzi";"2005-02-16";"87.84";"19.65";"11";"0";"274";"100";"21.53";"78.47";"78.47";"84.18";"71.53";"60.22";"5.11";"2.92";"57.14";"9.85";"5.47";"55.56"
"Rajiv van La Parra";"LW";"all";"all";"8848";"R. van La Parra";"1991-06-04";"93.4";"21.57";"10";"0";"320";"100";"32.5";"67.5";"67.5";"75";"48.75";"36.56";"10";"3.75";"37.5";"11.56";"4.38";"37.84"
"Nikola Storm";"LW";"all";"all";"25072";"N. Storm";"1994-09-30";"76.21";"19.65";"6";"0";"138";"100";"34.06";"65.94";"65.94";"68.42";"68.84";"47.1";"15.94";"5.8";"36.36";"16.67";"3.62";"21.74"
"Gyrano Kerk";"LW";"all";"all";"4167";"G. Kerk";"1995-12-02";"88.58";"23.28";"14";"0";"353";"100";"37.39";"62.61";"62.61";"67.72";"53.54";"36.26";"10.76";"6.23";"57.89";"12.75";"5.67";"44.44"
"Ferrán Jutglà Blanch";"LW";"all";"all";"26601";"Ferrán Jutglà";"1999-02-01";"90.76";"28.87";"6";"0";"166";"100";"24.1";"75.9";"75.9";"81.82";"72.89";"59.64";"19.88";"12.05";"60.61";"17.47";"9.04";"51.72"
"William Balikwisha";"LW";"all";"all";"13757";"W. Balikwisha";"1999-05-12";"71.97";"19.05";"5";"0";"127";"100";"18.11";"81.89";"81.89";"80.9";"70.08";"56.69";"11.81";"3.94";"33.33";"15.75";"5.51";"35"
"Thibaud Verlinden";"LW";"all";"all";"18710";"T. Verlinden";"1999-07-09";"94.77";"21.47";"16";"0";"542";"100";"29.7";"70.3";"70.3";"68.86";"64.58";"44.46";"19.19";"5.9";"30.77";"22.32";"7.56";"33.88"
"Adriano Bertaccini";"LW";"all";"all";"586540";"A. Bertaccini";"2000-08-13";"92.1";"20.81";"7";"0";"131";"100";"39.69";"60.31";"60.31";"68.49";"55.73";"38.17";"12.98";"5.34";"41.18";"19.85";"8.4";"42.31"
"Parfait Guiagon";"LW";"all";"all";"182529";"P. Guiagon";"2001-02-22";"84.36";"19.8";"32";"0";"1179";"100";"22.73";"77.27";"77.27";"82.86";"65.31";"54.11";"11.87";"6.96";"58.57";"12.04";"5.94";"49.3"
"Allahyar Sayyadmanesh";"LW";"all";"all";"29498";"A. Sayyadmanesh";"2001-06-29";"81.8";"17.48";"16";"0";"316";"100";"34.18";"65.82";"65.82";"66.49";"59.49";"39.56";"12.03";"6.01";"50";"24.05";"9.81";"40.79"
"Christos Tzolis";"LW";"all";"all";"29032";"C. Tzolis";"2002-01-30";"86.54";"25.37";"23";"0";"663";"100";"23.98";"76.02";"76.02";"78.41";"71.95";"56.41";"19.91";"10.71";"53.79";"14.93";"5.58";"37.37"
"Franck Surdez";"LW";"all";"all";"769783";"F. Surdez";"2002-05-05";"78.85";"21.49";"7";"0";"200";"100";"29";"71";"71";"70.83";"72";"51";"15";"6.5";"43.33";"20";"9";"45"
"Stefan Mitrović";"LW";"all";"all";"178839";"S. Mitrović";"2002-08-15";"84.51";"19.25";"7";"0";"165";"100";"32.73";"67.27";"67.27";"76";"60.61";"46.06";"9.7";"3.64";"37.5";"16.36";"6.06";"37.04"
"Jacob Ondrejka";"LW";"all";"all";"29460";"J. Ondrejka";"2002-09-02";"86.04";"21.04";"14";"0";"263";"100";"32.32";"67.68";"67.68";"71.35";"67.68";"48.29";"17.49";"7.6";"43.48";"24.33";"9.89";"40.63"
"Ilay Camara";"LW";"all";"all";"584982";"I. Camara";"2003-01-18";"89.45";"19.22";"5";"0";"172";"100";"29.65";"70.35";"70.35";"74.55";"63.95";"47.67";"15.12";"7.56";"50";"18.6";"10.47";"56.25"
"Samuel Edozie";"LW";"all";"all";"70461";"S. Edozie";"2003-01-28";"74.48";"20.73";"9";"0";"214";"100";"27.57";"72.43";"72.43";"82.41";"50.47";"41.59";"9.81";"6.07";"61.9";"12.62";"7.48";"59.26"
"Josimar Angelo Alcócer McCook";"LW";"all";"all";"301578";"J. Alcócer";"2004-07-07";"77.88";"18";"8";"0";"168";"100";"22.62";"77.38";"77.38";"82.14";"66.67";"54.76";"11.9";"6.55";"55";"8.93";"1.79";"20"
"Christopher Bonsu Baah";"LW";"all";"all";"626475";"C. Bonsu Baah";"2004-12-14";"85.06";"25.5";"21";"0";"706";"100";"23.94";"76.06";"76.06";"80.28";"61.05";"49.01";"14.45";"7.79";"53.92";"14.87";"7.51";"50.48"
"Noah  Adedeji-Sternberg";"LW";"all";"all";"68926";"N. Adedeji-Sternberg";"2005-06-19";"78.61";"23.82";"7";"0";"185";"100";"31.35";"68.65";"68.65";"79.28";"60";"47.57";"14.59";"9.19";"62.96";"10.81";"5.41";"50"
"Loïc Lapoussin";"LWB";"all";"all";"18469";"L. Lapoussin";"1996-03-27";"93.78";"19.4";"12";"0";"500";"100";"30";"70";"70";"73.73";"70.8";"52.2";"12";"7.2";"60";"21.6";"10.6";"49.07"
"Ryoya Ogawa";"LWB";"all";"all";"26854";"R. Ogawa";"1996-11-24";"96.42";"23.11";"27";"0";"756";"100";"30.95";"69.05";"69.05";"71.2";"82.67";"58.86";"10.85";"3.97";"36.59";"27.38";"12.04";"43.96"
"Joedrick Pupe";"LWB";"all";"all";"564779";"J. Pupe";"1997-06-04";"94.06";"17.72";"5";"0";"159";"100";"27.04";"72.96";"72.96";"72.93";"83.65";"61.01";"2.52";"0";"0";"29.56";"15.72";"53.19"
"Daam Foulon";"LWB";"all";"all";"14748";"D. Foulon";"1999-03-23";"99.66";"26.8";"14";"0";"339";"100";"26.25";"73.75";"73.75";"77.55";"72.27";"56.05";"7.37";"3.83";"52";"18.58";"9.44";"50.79"
"Gary Magnée";"LWB";"all";"all";"28832";"G. Magnée";"1999-10-12";"84.12";"15.6";"16";"0";"398";"100";"34.67";"65.33";"65.33";"63.7";"73.37";"46.73";"14.07";"6.53";"46.43";"26.88";"11.31";"42.06"
"Tiago Filipe Alves Araújo";"LWB";"all";"all";"34753";"Tiago Araújo";"2001-03-27";"81.16";"17.11";"7";"0";"125";"100";"30.4";"69.6";"69.6";"70";"72";"50.4";"8";"2.4";"30";"27.2";"10.4";"38.24"
"Dion De Neve";"LWB";"all";"all";"60040";"D. De Neve";"2001-06-12";"91.56";"19.5";"15";"0";"305";"100";"35.41";"64.59";"64.59";"64";"73.77";"47.21";"16.39";"5.9";"36";"28.2";"9.51";"33.72"
"Henry Lawrence";"LWB";"all";"all";"29800";"H. Lawrence";"2001-09-21";"85.84";"14.21";"5";"0";"76";"100";"34.21";"65.79";"65.79";"67.35";"64.47";"43.42";"3.95";"1.32";"33.33";"22.37";"7.89";"35.29"
"Ousseynou Niang";"LWB";"all";"all";"630682";"O. Niang";"2001-10-12";"86.57";"18.48";"18";"0";"453";"100";"30.24";"69.76";"69.76";"73.74";"61.37";"45.25";"8.39";"3.75";"44.74";"17.44";"7.95";"45.57"
"José Martínez Marsà";"LWB";"all";"all";"53344";"José Marsà";"2002-03-04";"91.66";"23.41";"10";"0";"268";"100";"31.72";"68.28";"68.28";"71.5";"77.24";"55.22";"7.84";"2.99";"38.1";"26.87";"13.06";"48.61"
"Nayel Mehssatou Sepúlveda";"LWB";"all";"all";"108081";"N. Mehssatou";"2002-04-11";"89.31";"16.95";"6";"0";"164";"100";"25.61";"74.39";"74.39";"81.67";"73.17";"59.76";"7.32";"3.05";"41.67";"21.95";"12.8";"58.33"
"Archibald Norman Brown";"LWB";"all";"all";"31221";"A. Brown";"2002-05-28";"84.46";"18.51";"9";"0";"241";"100";"32.78";"67.22";"67.22";"68.87";"62.66";"43.15";"9.54";"4.56";"47.83";"17.84";"7.47";"41.86"
"Fabio Ferraro";"LWB";"all";"all";"70426";"F. Ferraro";"2002-09-03";"87.72";"18.76";"30";"0";"889";"100";"27.33";"72.67";"72.67";"75.32";"69.29";"52.19";"9.45";"4.27";"45.24";"21.37";"10.57";"49.47"
"Ilay Camara";"LWB";"all";"all";"584982";"I. Camara";"2003-01-18";"93.29";"19.29";"21";"0";"569";"100";"30.23";"69.77";"69.77";"73.11";"67.31";"49.21";"12.48";"6.85";"54.93";"22.85";"10.19";"44.62"
"Flávio Basilua Jacinto Nazinho";"LWB";"all";"all";"42119";"Flávio Nazinho";"2003-07-20";"87.14";"15.4";"9";"0";"250";"100";"37.2";"62.8";"62.8";"61.41";"73.6";"45.2";"15.6";"5.2";"33.33";"35.6";"13.6";"38.2"
"Ali Maamar";"LWB";"all";"all";"584981";"A. Maamar";"2005-03-23";"91.84";"24.51";"5";"0";"142";"100";"20.42";"79.58";"79.58";"84";"70.42";"59.15";"9.86";"5.63";"57.14";"16.2";"7.75";"47.83"
"Thomas Foket";"RB";"all";"all";"10286";"T. Foket";"1994-09-25";"94.33";"25.55";"5";"0";"131";"100";"26.72";"73.28";"73.28";"73.21";"85.5";"62.6";"7.63";"3.82";"50";"23.66";"12.21";"51.61"
"Thibault Vlietinck";"RB";"all";"all";"12674";"T. Vlietinck";"1997-08-19";"91.22";"22.14";"8";"0";"141";"100";"23.4";"76.6";"76.6";"82.61";"81.56";"67.38";"5.67";"2.13";"37.5";"18.44";"8.51";"46.15"
"Jérémy Pétris";"RB";"all";"all";"175257";"J. Pétris";"1998-01-28";"93.04";"21.68";"29";"0";"701";"100";"26.96";"73.04";"73.04";"73.9";"71.61";"52.92";"6.7";"3";"44.68";"20.4";"8.13";"39.86"
"Óscar Gil Regaño";"RB";"all";"all";"27511";"Óscar Gil";"1998-04-26";"85.21";"21.26";"13";"0";"328";"100";"26.52";"73.48";"73.48";"80.91";"73.48";"59.45";"4.57";"2.13";"46.67";"17.99";"9.76";"54.24"
"Colin Dagba";"RB";"all";"all";"12154";"C. Dagba";"1998-09-09";"90.37";"19.47";"11";"0";"280";"100";"25.71";"74.29";"74.29";"77.16";"82.86";"63.93";"3.57";"1.07";"30";"18.93";"7.14";"37.74"
"Jelle Bataille";"RB";"all";"all";"14665";"J. Bataille";"1999-05-20";"88.5";"21.93";"18";"0";"431";"100";"22.74";"77.26";"77.26";"78.22";"88.4";"69.14";"5.8";"2.78";"48";"21.81";"10.44";"47.87"
"Žan Rogelj";"RB";"all";"all";"32704";"Ž. Rogelj";"1999-11-25";"95.25";"23.02";"9";"0";"202";"100";"26.24";"73.76";"73.76";"77.51";"83.66";"64.85";"4.95";"1.49";"30";"19.31";"10.4";"53.85"
"Brian Plat";"RB";"all";"all";"38013";"B. Plat";"2000-04-05";"93.88";"21.9";"6";"0";"117";"100";"24.79";"75.21";"75.21";"80.25";"69.23";"55.56";"3.42";"0.85";"25";"19.66";"10.26";"52.17"
"Bryan Reynolds";"RB";"all";"all";"27114";"B. Reynolds";"2001-06-28";"95.74";"21.18";"32";"0";"952";"100";"25.95";"74.05";"74.05";"77.9";"76.05";"59.24";"5.46";"2.84";"51.92";"17.44";"8.93";"51.2"
"Matisse Samoise";"RB";"all";"all";"32398";"M. Samoise";"2001-11-21";"91.51";"22.23";"9";"0";"283";"100";"28.98";"71.02";"71.02";"71.78";"85.16";"61.13";"5.3";"1.77";"33.33";"24.73";"10.95";"44.29"
"Zakaria El Ouahdi";"RB";"all";"all";"167195";"Z. El Ouahdi";"2001-12-31";"95.11";"27.24";"30";"1";"865";"100";"23.35";"76.65";"76.65";"80.42";"76.18";"61.27";"4.28";"2.54";"59.46";"15.95";"8.32";"52.17"
"Killian Sardella";"RB";"all";"all";"26169";"K. Sardella";"2002-05-02";"96.8";"25.75";"17";"0";"541";"100";"23.66";"76.34";"76.34";"80.29";"76.89";"61.74";"5.91";"3.14";"53.12";"16.82";"6.65";"39.56"
"Rafik Belghali";"RB";"all";"all";"167175";"R. Belghali";"2002-06-07";"90.97";"23.32";"9";"0";"287";"100";"25.78";"74.22";"74.22";"80.54";"77";"62.02";"3.48";"1.39";"40";"16.72";"8.01";"47.92"
"Hugo Siquet";"RB";"all";"all";"34216";"H. Siquet";"2002-07-09";"74.41";"20.02";"5";"0";"87";"100";"25.29";"74.71";"74.71";"76.39";"82.76";"63.22";"4.6";"1.15";"25";"28.74";"17.24";"60"
"Apostolos Konstantopoulos";"RB";"all";"all";"30068";"A. Konstantopoulos";"2002-08-02";"99.45";"21.66";"9";"0";"238";"100";"23.11";"76.89";"76.89";"78.24";"81.09";"63.45";"1.68";"0.42";"25";"16.39";"7.14";"43.59"
"Hugo Gambor";"RB";"all";"all";"33195";"H. Gambor";"2002-12-30";"90.7";"21.8";"10";"0";"326";"100";"26.07";"73.93";"73.93";"75.94";"81.6";"61.96";"1.84";"1.53";"83.33";"20.55";"9.51";"46.27"
"Kyriani Sabbe";"RB";"all";"all";"73359";"K. Sabbe";"2005-01-26";"85.26";"24.58";"12";"0";"315";"100";"23.81";"76.19";"76.19";"80.39";"80.95";"65.08";"3.49";"1.27";"36.36";"15.87";"6.67";"42"
"Ali Maamar";"RB";"all";"all";"584981";"A. Maamar";"2005-03-23";"91.88";"23.94";"7";"0";"218";"100";"25.69";"74.31";"74.31";"79.01";"74.31";"58.72";"4.13";"1.83";"44.44";"14.68";"6.42";"43.75"
"Joaquin Seys";"RB";"all";"all";"564770";"J. Seys";"2005-03-28";"84.99";"24.24";"18";"0";"518";"100";"18.15";"81.85";"81.85";"84.72";"85.91";"72.78";"5.02";"3.47";"69.23";"15.64";"9.07";"58.02"
"Semm Renders";"RB";"all";"all";"903825";"S. Renders";"2007-12-17";"75.66";"20.27";"9";"0";"179";"100";"25.7";"74.3";"74.3";"77.92";"86.03";"67.04";"2.23";"1.12";"50";"16.76";"8.38";"50"
"Roman Neustädter";"RCB";"all";"all";"9259";"R. Neustädter";"1988-02-18";"97.59";"19.91";"10";"0";"151";"100";"18.54";"81.46";"81.46";"81.94";"95.36";"78.15";"0";"0";"";"19.21";"11.26";"58.62"
"Toby Alderweireld";"RCB";"all";"all";"10424";"T. Alderweireld";"1989-03-02";"98.77";"23.75";"25";"0";"557";"100";"24.96";"75.04";"75.04";"77.07";"93.18";"71.81";"0.9";"0";"0";"26.75";"14.54";"54.36"
"Brandon Mechele";"RCB";"all";"all";"1441";"B. Mechele";"1993-01-28";"98.28";"30.37";"5";"0";"123";"100";"13.01";"86.99";"86.99";"87.18";"95.12";"82.93";"0";"0";"";"9.76";"5.69";"58.33"
"Gilles Ruyssen";"RCB";"all";"all";"3934";"G. Ruyssen";"1994-06-18";"97.37";"20.27";"36";"0";"667";"100";"25.64";"74.36";"74.36";"77.22";"89.51";"69.12";"0.9";"0.45";"50";"22.34";"13.34";"59.73"
"Wolke Janssens";"RCB";"all";"all";"28828";"W. Janssens";"1995-01-11";"93.65";"22.16";"9";"0";"195";"100";"21.54";"78.46";"78.46";"81.33";"85.13";"69.23";"0.51";"0.51";"100";"16.92";"6.67";"39.39"
"Tsuyoshi Watanabe";"RCB";"all";"all";"26860";"T. Watanabe";"1997-02-05";"97.96";"22.74";"26";"0";"564";"100";"24.82";"75.18";"75.18";"78.81";"89.54";"70.57";"1.95";"1.42";"72.73";"16.49";"6.74";"40.86"
"Hasan Kuruçay";"RCB";"all";"all";"152166";"H. Kuruçay";"1997-08-31";"97.39";"24.51";"11";"0";"270";"100";"18.15";"81.85";"81.85";"85.54";"89.63";"76.67";"1.11";"0.74";"66.67";"20";"14.07";"70.37"
"Kevin Mac Allister";"RCB";"all";"all";"35577";"K. Mac Allister";"1997-11-07";"93.1";"19.22";"28";"0";"540";"100";"24.07";"75.93";"75.93";"78.15";"88.15";"68.89";"2.96";"1.3";"43.75";"25.19";"14.63";"58.09"
"Takuma Ominami";"RCB";"all";"all";"26068";"T. Ominami";"1997-12-13";"88.09";"20.4";"10";"2";"150";"100";"15.33";"84.67";"84.67";"86.62";"94.67";"82";"0.67";"0";"0";"13.33";"6";"45"
"Adryelson Shawann Lima Silva";"RCB";"all";"all";"32844";"Adryelson";"1998-03-23";"94.3";"25.11";"7";"0";"149";"100";"25.5";"74.5";"74.5";"78.95";"89.26";"70.47";"0.67";"0";"0";"17.45";"6.71";"38.46"
"Abdoulaye Sissako";"RCB";"all";"all";"13367";"A. Sissako";"1998-05-26";"97.37";"20.32";"7";"0";"180";"100";"15.56";"84.44";"84.44";"85.43";"83.89";"71.67";"0";"0";"";"15.56";"10";"64.29"
"Ross Sykes";"RCB";"all";"all";"61421";"R. Sykes";"1999-03-26";"97.28";"21.21";"9";"1";"152";"100";"29.61";"70.39";"70.39";"71.85";"88.82";"63.82";"3.29";"1.97";"60";"23.03";"9.21";"40"
"Boško Šutalo";"RCB";"all";"all";"16623";"B. Šutalo";"2000-01-01";"95.01";"18.81";"20";"0";"452";"100";"26.77";"73.23";"73.23";"76.68";"82.52";"63.27";"1.33";"1.11";"83.33";"21.68";"9.73";"44.9"
"Aiham Ousou";"RCB";"all";"all";"30606";"Aiham Ousou";"2000-01-09";"98.84";"23.64";"11";"0";"212";"100";"22.64";"77.36";"77.36";"77.84";"87.26";"67.92";"0.94";"0.47";"50";"17.92";"8.96";"50"
"Stephen Welsh";"RCB";"all";"all";"13668";"S. Welsh";"2000-01-19";"94.16";"26";"11";"0";"244";"100";"13.52";"86.48";"86.48";"87.29";"96.72";"84.43";"1.64";"0.82";"50";"15.98";"8.2";"51.28"
"Mujaid Sadick Aliu";"RCB";"all";"all";"25791";"Mujaid Sadick";"2000-03-14";"98.34";"28.48";"37";"0";"874";"100";"14.3";"85.7";"85.7";"88.67";"87.87";"77.92";"0.34";"0.34";"100";"11.67";"6.52";"55.88"
"Edgaras Utkus";"RCB";"all";"all";"34444";"E. Utkus";"2000-06-22";"95.02";"18.46";"6";"0";"106";"100";"34.91";"65.09";"65.09";"64.89";"88.68";"57.55";"4.72";"2.83";"60";"39.62";"19.81";"50"
"Toon Raemaekers";"RCB";"all";"all";"32385";"T. Raemaekers";"2000-09-09";"94.01";"24.5";"20";"0";"644";"100";"19.57";"80.43";"80.43";"81.22";"86.8";"70.5";"1.09";"0.78";"71.43";"15.99";"7.92";"49.51"
"Ewoud Pletinckx";"RCB";"all";"all";"14682";"E. Pletinckx";"2000-10-10";"91.68";"22.28";"8";"0";"173";"100";"24.28";"75.72";"75.72";"76.92";"90.17";"69.36";"0.58";"0";"0";"19.08";"8.09";"42.42"
"Haruya Fujii";"RCB";"all";"all";"26915";"H. Fujii";"2000-12-26";"95.5";"19.12";"17";"0";"338";"100";"22.78";"77.22";"77.22";"79.71";"81.66";"65.09";"0.89";"0.3";"33.33";"14.5";"6.8";"46.94"
"Loïc Junior Mbe Soh";"RCB";"all";"all";"22253";"L. Mbe Soh";"2001-06-13";"99.69";"20.25";"14";"0";"330";"100";"20.3";"79.7";"79.7";"81.6";"87.27";"71.21";"0.61";"0.3";"50";"16.67";"8.79";"52.73"
"Henry Lawrence";"RCB";"all";"all";"29800";"H. Lawrence";"2001-09-21";"96.83";"20.1";"7";"0";"147";"100";"21.09";"78.91";"78.91";"79.67";"83.67";"66.67";"0.68";"0";"0";"17.69";"8.84";"50"
"Rein Van Helden";"RCB";"all";"all";"125508";"R. Van Helden";"2002-07-24";"95.36";"22.52";"27";"0";"764";"100";"21.47";"78.53";"78.53";"80.98";"88.09";"71.34";"0.92";"0.26";"28.57";"17.93";"10.47";"58.39"
"Stelios Andreou";"RCB";"all";"all";"60026";"S. Andreou";"2002-07-24";"96.62";"23.85";"16";"0";"237";"100";"25.74";"74.26";"74.26";"76.21";"86.92";"66.24";"1.69";"1.27";"75";"27.43";"16.03";"58.46"
"Apostolos Konstantopoulos";"RCB";"all";"all";"30068";"A. Konstantopoulos";"2002-08-02";"98.22";"22.18";"20";"0";"524";"100";"22.52";"77.48";"77.48";"79.48";"87.4";"69.47";"1.15";"0.57";"50";"18.51";"9.54";"51.55"
"Daan Dierckx";"RCB";"all";"all";"35550";"D. Dierckx";"2003-02-24";"88.69";"18.59";"9";"0";"128";"100";"35.16";"64.84";"64.84";"68.47";"86.72";"59.38";"0.78";"0";"0";"25";"10.94";"43.75"
"Mark Rene Mampassi";"RCB";"all";"all";"32465";"M. Mampassi";"2003-03-12";"98.11";"18.69";"10";"0";"154";"100";"28.57";"71.43";"71.43";"75.81";"80.52";"61.04";"1.3";"0.65";"50";"24.68";"15.58";"63.16"
"Cheick Keita";"RCB";"all";"all";"550448";"C. Keita";"2003-04-02";"93.7";"21.19";"13";"0";"202";"100";"23.27";"76.73";"76.73";"79.39";"81.68";"64.85";"2.97";"1.49";"50";"21.29";"8.91";"41.86"
"Emin Bayram";"RCB";"all";"all";"24461";"E. Bayram";"2003-04-02";"96.04";"22.83";"11";"0";"204";"100";"19.12";"80.88";"80.88";"83.33";"88.24";"73.53";"0.98";"0.49";"50";"14.71";"9.8";"66.67"
"Lucas Boel Hey";"RCB";"all";"all";"48961";"L. Hey";"2003-04-13";"93.49";"23.99";"7";"0";"150";"100";"16.67";"83.33";"83.33";"82.84";"89.33";"74";"1.33";"0.67";"50";"16.67";"10";"60"
"Zeno Van den Bosch";"RCB";"all";"all";"40040";"Z. Van den Bosch";"2003-07-06";"98.95";"27.5";"12";"0";"295";"100";"19.32";"80.68";"80.68";"81.23";"93.9";"76.27";"0.68";"0.68";"100";"18.98";"9.49";"50"
"Ibrahim Diakité";"RCB";"all";"all";"92776";"I. Diakité";"2003-10-31";"95.87";"17.46";"20";"0";"405";"100";"28.64";"71.36";"71.36";"75.09";"71.36";"53.58";"2.96";"1.23";"41.67";"27.41";"16.3";"59.46"
"Joel Leandro Ordóñez Guerrero";"RCB";"all";"all";"123702";"J. Ordóñez";"2004-04-21";"94.88";"26.18";"29";"0";"622";"100";"16.88";"83.12";"83.12";"85.97";"89.39";"76.85";"1.45";"0.96";"66.67";"15.59";"9.32";"59.79"
"Jorne Spileers";"RCB";"all";"all";"73361";"J. Spileers";"2005-01-21";"98.62";"28.8";"5";"0";"108";"100";"14.81";"85.19";"85.19";"87.76";"90.74";"79.63";"3.7";"2.78";"75";"16.67";"9.26";"55.56"
"Jan-Carlo Simić";"RCB";"all";"all";"69934";"J. Simić";"2005-05-02";"96.83";"24.93";"20";"0";"413";"100";"19.61";"80.39";"80.39";"81.9";"84.26";"69.01";"1.45";"0.73";"50";"13.8";"5.81";"42.11"
"Luka Vušković";"RCB";"all";"all";"569859";"L. Vušković";"2007-02-24";"99.39";"20.92";"15";"0";"316";"100";"20.89";"79.11";"79.11";"80.62";"81.65";"65.82";"2.22";"1.27";"57.14";"14.87";"6.65";"44.68"
"Denis Odoi";"RDM";"all";"all";"2614";"D. Odoi";"1988-05-27";"99.13";"25.06";"12";"0";"361";"100";"17.45";"82.55";"82.55";"85.26";"78.95";"67.31";"2.22";"1.39";"62.5";"12.47";"7.48";"60"
"Dennis Praet";"RDM";"all";"all";"2645";"D. Praet";"1994-05-14";"79.48";"20.56";"6";"0";"124";"100";"30.65";"69.35";"69.35";"71.82";"88.71";"63.71";"5.65";"1.61";"28.57";"20.16";"5.65";"28"
"Leander Dendoncker";"RDM";"all";"all";"6088";"L. Dendoncker";"1995-04-15";"97.8";"24.63";"5";"0";"133";"100";"10.53";"89.47";"89.47";"91.15";"84.96";"77.44";"2.26";"1.5";"66.67";"12.03";"7.52";"62.5"
"Atsuki Ito";"RDM";"all";"all";"151024";"A. Ito";"1998-08-11";"92.04";"20.22";"5";"0";"118";"100";"22.03";"77.97";"77.97";"79";"84.75";"66.95";"5.93";"4.24";"71.43";"22.88";"11.86";"51.85"
"Adem Zorgane";"RDM";"all";"all";"61694";"A. Zorgane";"2000-01-06";"98.86";"23.82";"15";"0";"776";"100";"16.62";"83.38";"83.38";"83.95";"89.95";"75.52";"8.76";"5.67";"64.71";"17.01";"10.05";"59.09"
"Doğucan Haspolat";"RDM";"all";"all";"19028";"D. Haspolat";"2000-02-11";"100.31";"21.09";"16";"0";"380";"100";"25.26";"74.74";"74.74";"73.87";"81.58";"60.26";"4.47";"2.37";"52.94";"22.89";"8.95";"39.08"
"Hugo Vetlesen";"RDM";"all";"all";"60697";"H. Vetlesen";"2000-02-29";"91.33";"25.77";"7";"0";"184";"100";"17.93";"82.07";"82.07";"83.22";"77.72";"64.67";"19.57";"13.59";"69.44";"16.85";"9.24";"54.84"
"Raphael Onyedika";"RDM";"all";"all";"58981";"R. Onyedika";"2001-04-19";"89.61";"26.3";"15";"0";"426";"100";"10.56";"89.44";"89.44";"92.27";"88.03";"81.22";"3.05";"2.11";"69.23";"6.57";"4.46";"67.86"
"Yacine Titraoui";"RDM";"all";"all";"163342";"Y. Titraoui";"2003-07-26";"89.96";"21.64";"18";"0";"635";"100";"15.43";"84.57";"84.57";"86.61";"80";"69.29";"6.3";"4.57";"72.5";"10.71";"5.98";"55.88"
"Ibrahima Sory Bangoura";"RDM";"all";"all";"584972";"I. Bangoura";"2004-01-05";"93.46";"27.77";"11";"0";"335";"100";"11.94";"88.06";"88.06";"92.83";"74.93";"69.55";"3.88";"3.58";"92.31";"5.37";"4.48";"83.33"
"Nikolas Sattlberger";"RDM";"all";"all";"174310";"N. Sattlberger";"2004-01-18";"87.91";"26.94";"11";"0";"291";"100";"18.56";"81.44";"81.44";"84.65";"87.29";"73.88";"2.75";"2.06";"75";"8.93";"3.78";"42.31"
"Mahamadou Doumbia";"RDM";"all";"all";"809015";"M. Doumbia";"2004-05-15";"95.73";"22.39";"5";"0";"177";"100";"12.43";"87.57";"87.57";"93.13";"74.01";"68.93";"7.34";"5.65";"76.92";"5.65";"2.26";"40"
"Ezechiel Banzuzi";"RDM";"all";"all";"70886";"E. Banzuzi";"2005-02-16";"97.61";"25.32";"8";"0";"264";"100";"15.53";"84.47";"84.47";"88.71";"70.45";"62.5";"5.3";"3.79";"71.43";"9.85";"6.44";"65.38"
"Hakim Sahabo";"RDM";"all";"all";"800343";"H. Sahabo";"2005-06-16";"94.09";"20.82";"5";"0";"175";"100";"21.71";"78.29";"78.29";"83.21";"74.86";"62.29";"4.57";"2.29";"50";"11.43";"8";"70"
"Kerim Mrabti";"RF";"all";"all";"16493";"K. Mrabti";"1994-05-20";"89.77";"22.39";"6";"0";"122";"100";"25.41";"74.59";"74.59";"76";"81.97";"62.3";"9.84";"6.56";"66.67";"13.11";"7.38";"56.25"
"Anders Dreyer";"RF";"all";"all";"22898";"A. Dreyer";"1998-05-02";"92.07";"25.07";"11";"0";"271";"100";"26.94";"73.06";"73.06";"79.29";"73.06";"57.93";"13.65";"7.75";"56.76";"18.82";"10.33";"54.9"
"Thibo Somers";"RF";"all";"all";"27673";"T. Somers";"1999-03-16";"100.57";"19.62";"8";"0";"183";"100";"37.7";"62.3";"62.3";"64.17";"65.57";"42.08";"13.66";"6.56";"48";"27.32";"11.48";"42"
"Billal Brahimi";"RF";"all";"all";"18941";"B. Brahimi";"2000-03-14";"85.64";"22.29";"8";"0";"312";"100";"25.96";"74.04";"74.04";"76.53";"68.27";"52.24";"8.97";"4.81";"53.57";"17.31";"8.97";"51.85"
"Jarne Steuckers";"RF";"all";"all";"36090";"J. Steuckers";"2002-02-04";"96.71";"27.42";"9";"0";"337";"100";"22.55";"77.45";"77.45";"78.49";"82.79";"64.99";"13.35";"8.31";"62.22";"24.63";"14.84";"60.24"
"Franjo Ivanović";"RF";"all";"all";"105825";"F. Ivanović";"2003-10-01";"82.63";"18.94";"5";"0";"127";"100";"31.5";"68.5";"68.5";"76.47";"53.54";"40.94";"7.87";"5.51";"70";"7.09";"3.94";"55.56"
"Brecht Dejaegere";"RM";"all";"all";"1455";"B. Dejaegere";"1991-05-29";"72.14";"15.14";"7";"0";"145";"100";"26.21";"73.79";"73.79";"76.85";"74.48";"57.24";"6.9";"2.76";"40";"16.55";"7.59";"45.83"
"Geoffry Hairemans";"RM";"all";"all";"25065";"G. Hairemans";"1991-10-21";"86.36";"22.18";"6";"0";"203";"100";"25.62";"74.38";"74.38";"77.07";"77.34";"59.61";"14.29";"7.39";"51.72";"22.17";"11.33";"51.11"
"Ryan Sanusi";"RM";"all";"all";"13103";"R. Sanusi";"1992-01-05";"99.51";"21.41";"7";"0";"238";"100";"14.71";"85.29";"85.29";"87.8";"86.13";"75.63";"0.84";"0.84";"100";"8.82";"4.2";"47.62"
"Mats Rits";"RM";"all";"all";"7209";"M. Rits";"1993-07-18";"92.05";"24.97";"7";"0";"182";"100";"24.18";"75.82";"75.82";"79.75";"89.56";"71.43";"6.04";"3.3";"54.55";"14.29";"4.4";"30.77"
"Birger Verstraete";"RM";"all";"all";"1353";"B. Verstraete";"1994-04-16";"90.02";"17.67";"5";"0";"100";"100";"24";"76";"76";"76.74";"86";"66";"5";"1";"20";"16";"8";"50"
"Kerim Mrabti";"RM";"all";"all";"16493";"K. Mrabti";"1994-05-20";"91.26";"24.46";"7";"0";"150";"100";"20.67";"79.33";"79.33";"81.68";"87.33";"71.33";"8";"4";"50";"13.33";"4.67";"35"
"Leander Dendoncker";"RM";"all";"all";"6088";"L. Dendoncker";"1995-04-15";"99.41";"25.75";"9";"0";"258";"100";"13.95";"86.05";"86.05";"87";"86.43";"75.19";"4.26";"2.71";"63.64";"8.14";"4.26";"52.38"
"Lennard Hens";"RM";"all";"all";"840896";"L. Hens";"1996-02-08";"78.42";"15.72";"9";"0";"232";"100";"33.62";"66.38";"66.38";"66.09";"75";"49.57";"5.6";"2.59";"46.15";"23.28";"11.21";"48.15"
"Siebe Schrijvers";"RM";"all";"all";"9835";"S. Schrijvers";"1996-07-18";"89.33";"19.73";"11";"0";"304";"100";"22.7";"77.3";"77.3";"79.32";"77.96";"61.84";"5.92";"3.62";"61.11";"19.41";"9.54";"49.15"
"Mathias Knutsen Rasmussen";"RM";"all";"all";"16463";"M. Rasmussen";"1997-11-25";"72.98";"16.42";"5";"0";"105";"100";"21.9";"78.1";"78.1";"80.72";"79.05";"63.81";"10.48";"6.67";"63.64";"22.86";"13.33";"58.33"
"Roman Květ";"RM";"all";"all";"37413";"R. Květ";"1997-12-17";"87.94";"20.63";"16";"0";"457";"100";"29.54";"70.46";"70.46";"75";"77.9";"58.42";"9.85";"5.03";"51.11";"21.88";"10.72";"49"
"Jean Thierry Lazare Amani";"RM";"all";"all";"14706";"L. Amani";"1998-03-07";"81.77";"17.79";"9";"0";"265";"100";"33.96";"66.04";"66.04";"68.26";"63.02";"43.02";"10.57";"4.15";"39.29";"16.6";"5.66";"34.09"
"Abdoulaye Sissako";"RM";"all";"all";"13367";"A. Sissako";"1998-05-26";"93.45";"17.17";"7";"0";"174";"100";"21.26";"78.74";"78.74";"77.7";"79.89";"62.07";"4.6";"3.45";"75";"14.94";"8.05";"53.85"
"Atsuki Ito";"RM";"all";"all";"151024";"A. Ito";"1998-08-11";"92.47";"22.01";"11";"1";"254";"100";"23.23";"76.77";"76.77";"80.93";"84.65";"68.5";"7.09";"3.15";"44.44";"20.47";"8.66";"42.31"
"Charles Vanhoutte";"RM";"all";"all";"14650";"C. Vanhoutte";"1998-09-16";"98.44";"18.94";"6";"0";"159";"100";"19.5";"80.5";"80.5";"81.12";"89.94";"72.96";"2.52";"1.89";"75";"17.61";"10.69";"60.71"
"Leonardo da Silva Lopes";"RM";"all";"all";"18823";"Leonardo Lopes";"1998-11-30";"95.45";"21.33";"5";"0";"117";"100";"20.51";"79.49";"79.49";"81.93";"70.94";"58.12";"1.71";"0.85";"50";"11.97";"5.13";"42.86"
"Doğucan Haspolat";"RM";"all";"all";"19028";"D. Haspolat";"2000-02-11";"94.35";"21.1";"6";"0";"137";"100";"35.77";"64.23";"64.23";"67.26";"82.48";"55.47";"3.65";"1.46";"40";"17.52";"5.11";"29.17"
"Aziz Mohammed Ouattara";"RM";"all";"all";"61122";"A. Ouattara";"2001-01-04";"92.74";"22.91";"10";"0";"276";"100";"18.12";"81.88";"81.88";"84.29";"76.09";"64.13";"1.81";"0.72";"40";"7.61";"3.62";"47.62"
"Fredrik Hammar";"RM";"all";"all";"28940";"F. Hammar";"2001-02-26";"89.03";"23.76";"8";"0";"189";"100";"19.58";"80.42";"80.42";"83.97";"82.54";"69.31";"0.53";"0";"0";"13.76";"7.94";"57.69"
"Abu Francis";"RM";"all";"all";"27441";"A. Francis";"2001-04-27";"92.94";"17.23";"11";"0";"346";"100";"22.54";"77.46";"77.46";"79.72";"82.66";"65.9";"6.65";"3.18";"47.83";"21.97";"12.14";"55.26"
"Marko Bulat";"RM";"all";"all";"36946";"M. Bulat";"2001-09-26";"75.39";"14.51";"7";"0";"112";"100";"31.25";"68.75";"68.75";"70.51";"69.64";"49.11";"5.36";"0.89";"16.67";"19.64";"7.14";"36.36"
"Rihito Yamamoto";"RM";"all";"all";"291473";"R. Yamamoto";"2001-12-12";"84.42";"20.03";"9";"0";"179";"100";"18.99";"81.01";"81.01";"86.96";"77.09";"67.04";"6.7";"5.03";"75";"11.17";"7.82";"70"
"Joel Chima Fujita";"RM";"all";"all";"152118";"J. Fujita";"2002-02-16";"98.46";"23.33";"20";"0";"648";"100";"19.14";"80.86";"80.86";"84.43";"84.26";"71.14";"4.94";"3.55";"71.88";"14.35";"9.1";"63.44"
"Nayel Mehssatou Sepúlveda";"RM";"all";"all";"108081";"N. Mehssatou";"2002-04-11";"93.05";"22.53";"6";"0";"201";"100";"18.91";"81.09";"81.09";"82.43";"73.63";"60.7";"5.47";"2.99";"54.55";"11.44";"5.97";"52.17"
"Malcolm Viltard";"RM";"all";"all";"34873";"M. Viltard";"2002-10-24";"76.7";"16.8";"6";"0";"138";"100";"25.36";"74.64";"74.64";"74.53";"76.81";"57.25";"5.8";"4.35";"75";"13.04";"7.97";"61.11"
"Isaac Price";"RM";"all";"all";"42776";"I. Price";"2003-09-26";"96.66";"19.82";"15";"0";"401";"100";"25.69";"74.31";"74.31";"75.88";"77.56";"58.85";"10.72";"5.99";"55.81";"21.95";"10.72";"48.86"
"Lawrence Agyekum";"RM";"all";"all";"311623";"L. Agyekum";"2003-11-23";"91.36";"15.88";"12";"0";"299";"100";"28.43";"71.57";"71.57";"70.09";"71.57";"50.17";"9.7";"5.35";"55.17";"21.74";"7.69";"35.38"
"Noah Sadiki";"RM";"all";"all";"161655";"N. Sadiki";"2004-12-17";"96.41";"20.68";"18";"1";"500";"100";"17.4";"82.6";"82.6";"86.18";"79.6";"68.6";"7.6";"3.8";"50";"13";"5.8";"44.62"
"Hakim Sahabo";"RM";"all";"all";"800343";"H. Sahabo";"2005-06-16";"92.4";"21.04";"7";"0";"241";"100";"18.26";"81.74";"81.74";"86.02";"77.18";"66.39";"2.9";"1.66";"57.14";"7.47";"3.73";"50"
"Tjaronn Chery";"RW";"all";"all";"10410";"T. Chery";"1988-06-04";"86.92";"23.15";"12";"0";"314";"100";"26.75";"73.25";"73.25";"75.21";"74.52";"56.05";"14.97";"7.96";"53.19";"17.2";"7.96";"46.3"
"Gyrano Kerk";"RW";"all";"all";"4167";"G. Kerk";"1995-12-02";"87.75";"20.57";"16";"0";"372";"100";"33.87";"66.13";"66.13";"66.48";"47.31";"31.45";"12.1";"5.65";"46.67";"17.2";"7.26";"42.19"
"Takuro Kaneko";"RW";"all";"all";"26845";"T. Kaneko";"1997-07-30";"77.4";"15.24";"8";"0";"192";"100";"35.94";"64.06";"64.06";"61.02";"61.46";"37.5";"13.02";"4.69";"36";"21.88";"7.81";"35.71"
"Antoine Bernier";"RW";"all";"all";"14624";"A. Bernier";"1997-09-10";"80.09";"19.44";"28";"0";"587";"100";"27.26";"72.74";"72.74";"77.2";"65.76";"50.77";"12.95";"6.81";"52.63";"15.67";"6.98";"44.57"
"Jérémy Pétris";"RW";"all";"all";"175257";"J. Pétris";"1998-01-28";"91.22";"21.38";"5";"0";"128";"100";"29.69";"70.31";"70.31";"74.42";"67.19";"50";"12.5";"5.47";"43.75";"15.62";"7.03";"45"
"Colin Dagba";"RW";"all";"all";"12154";"C. Dagba";"1998-09-09";"73.47";"16.8";"5";"0";"93";"100";"30.11";"69.89";"69.89";"76.12";"72.04";"54.84";"3.23";"1.08";"33.33";"7.53";"2.15";"28.57"
"Marlon Fossey";"RW";"all";"all";"101724";"M. Fossey";"1998-09-09";"96.56";"20.37";"5";"0";"110";"100";"28.18";"71.82";"71.82";"69.88";"75.45";"52.73";"9.09";"2.73";"30";"23.64";"10";"42.31"
"Thibo Somers";"RW";"all";"all";"27673";"T. Somers";"1999-03-16";"99.37";"17.7";"5";"0";"83";"100";"34.94";"65.06";"65.06";"69.09";"66.27";"45.78";"10.84";"7.23";"66.67";"33.73";"20.48";"60.71"
"Andreas Skov Olsen";"RW";"all";"all";"16470";"A. Skov Olsen";"1999-12-29";"77.62";"22.42";"11";"0";"327";"100";"19.57";"80.43";"80.43";"82.42";"78.29";"64.53";"18.65";"11.31";"60.66";"18.04";"9.17";"50.85"
"Billal Brahimi";"RW";"all";"all";"18941";"B. Brahimi";"2000-03-14";"90.06";"19.31";"5";"0";"203";"100";"25.12";"74.88";"74.88";"75.78";"63.05";"47.78";"17.24";"11.82";"68.57";"21.18";"9.85";"46.51"
"Ewan Henderson";"RW";"all";"all";"30486";"E. Henderson";"2000-03-27";"97.05";"22.28";"13";"0";"356";"100";"31.74";"68.26";"68.26";"73.16";"76.4";"55.9";"10.39";"5.06";"48.65";"22.75";"9.55";"41.98"
"Konan Ignace Jocelyn N’Dri";"RW";"all";"all";"27680";"I. N'Dri";"2000-10-27";"81.17";"20.22";"9";"0";"219";"100";"29.22";"70.78";"70.78";"74.77";"48.86";"36.53";"15.98";"8.22";"51.43";"13.7";"6.85";"50"
"Christos Tzolis";"RW";"all";"all";"29032";"C. Tzolis";"2002-01-30";"92.55";"27.6";"7";"0";"205";"100";"17.07";"82.93";"82.93";"84.42";"75.12";"63.41";"25.37";"19.02";"75";"12.68";"5.85";"46.15"
"Jarne Steuckers";"RW";"all";"all";"36090";"J. Steuckers";"2002-02-04";"88.02";"26.15";"28";"0";"1109";"100";"25.52";"74.48";"74.48";"76.52";"81.79";"62.58";"14.61";"8.03";"54.94";"23.99";"13.35";"55.64"
"Griffin Yow";"RW";"all";"all";"27108";"G. Yow";"2002-09-25";"86.23";"19.54";"18";"0";"463";"100";"30.89";"69.11";"69.11";"70.41";"63.5";"44.71";"14.9";"8.42";"56.52";"19.65";"8.86";"45.05"
"Anthony Lenin Valencia Bajaña";"RW";"all";"all";"123701";"A. Valencia";"2003-07-21";"83.41";"21.55";"5";"0";"148";"100";"22.97";"77.03";"77.03";"84.27";"60.14";"50.68";"12.84";"8.78";"68.42";"12.16";"6.08";"50"
"Momodou Lamin Sonko";"RW";"all";"all";"160758";"M. Sonko";"2005-01-31";"86.39";"22.56";"6";"0";"195";"100";"30.77";"69.23";"69.23";"75.76";"67.69";"51.28";"14.87";"7.69";"51.72";"15.9";"7.18";"45.16"
"Chemsdine Talbi";"RW";"all";"all";"73364";"C. Talbi";"2005-05-09";"79.66";"23.82";"9";"0";"228";"100";"23.68";"76.32";"76.32";"75.32";"69.3";"52.19";"17.54";"9.21";"52.5";"22.81";"9.21";"40.38"
"Gilles Dewaele";"RWB";"all";"all";"32764";"G. Dewaele";"1996-02-13";"84.82";"17.98";"8";"0";"150";"100";"30.67";"69.33";"69.33";"70.63";"84";"59.33";"8.67";"4";"46.15";"32.67";"14.67";"44.9"
"Patrick Pflücke";"RWB";"all";"all";"39743";"P. Pflücke";"1996-11-30";"91.06";"24.58";"13";"0";"356";"100";"19.94";"80.06";"80.06";"83.01";"87.64";"72.75";"6.46";"3.93";"60.87";"16.85";"7.58";"45"
"Alessio Castro-Montes";"RWB";"all";"all";"14709";"A. Castro-Montes";"1997-05-17";"95.26";"20.7";"8";"1";"236";"100";"28.39";"71.61";"71.61";"71.5";"81.78";"58.47";"9.32";"2.97";"31.82";"22.03";"8.47";"38.46"
"Jean-Kévin Duverne";"RWB";"all";"all";"11417";"J. Duverne";"1997-07-12";"98.9";"22.88";"6";"0";"191";"100";"34.03";"65.97";"65.97";"69.09";"86.39";"59.69";"4.71";"2.62";"55.56";"36.13";"17.28";"47.83"
"Thibault Vlietinck";"RWB";"all";"all";"12674";"T. Vlietinck";"1997-08-19";"86.91";"17.67";"8";"1";"163";"100";"34.97";"65.03";"65.03";"63.49";"77.3";"49.08";"7.98";"1.84";"23.08";"26.99";"7.98";"29.55"
"David Hrnčár";"RWB";"all";"all";"16856";"D. Hrnčár";"1997-12-10";"90.99";"20.04";"23";"0";"475";"100";"35.37";"64.63";"64.63";"68.16";"84.63";"57.68";"7.16";"3.79";"52.94";"33.89";"14.53";"42.86"
"Marlon Fossey";"RWB";"all";"all";"101724";"M. Fossey";"1998-09-09";"97.03";"19.64";"32";"0";"670";"100";"28.36";"71.64";"71.64";"73.59";"81.94";"60.3";"8.06";"3.88";"48.15";"22.54";"10";"44.37"
"Gary Magnée";"RWB";"all";"all";"28832";"G. Magnée";"1999-10-12";"82.92";"15.51";"5";"0";"121";"100";"39.67";"60.33";"60.33";"58.43";"73.55";"42.98";"7.44";"4.13";"55.56";"32.23";"14.88";"46.15"
"Noah Fadiga";"RWB";"all";"all";"33516";"N. Fadiga";"1999-12-03";"75.84";"16.47";"7";"0";"142";"100";"27.46";"72.54";"72.54";"75.28";"62.68";"47.18";"8.45";"4.23";"50";"16.2";"4.23";"26.09"
"Louis Patris";"RWB";"all";"all";"32391";"L. Patris";"2001-06-07";"95.57";"22.16";"24";"0";"565";"100";"38.94";"61.06";"61.06";"61.96";"77.7";"48.14";"12.04";"5.31";"44.12";"29.73";"12.04";"40.48"
"Matisse Samoise";"RWB";"all";"all";"32398";"M. Samoise";"2001-11-21";"87.45";"22.23";"8";"0";"231";"100";"29.87";"70.13";"70.13";"73.37";"79.65";"58.44";"3.9";"2.16";"55.56";"19.05";"7.79";"40.91"
"Ryan Alebiosu";"RWB";"all";"all";"107201";"R. Alebiosu";"2001-12-17";"79.54";"14.09";"6";"0";"116";"100";"30.17";"69.83";"69.83";"70.37";"69.83";"49.14";"14.66";"6.03";"41.18";"27.59";"12.07";"43.75"
"Robert-Jan Vanwesemael";"RWB";"all";"all";"801766";"R. Vanwesemael";"2002-03-26";"78.7";"18.69";"11";"0";"264";"100";"28.41";"71.59";"71.59";"73.36";"81.06";"59.47";"5.68";"1.89";"33.33";"25.38";"9.47";"37.31"
"Rafik Belghali";"RWB";"all";"all";"167175";"R. Belghali";"2002-06-07";"88.83";"23.09";"13";"0";"369";"100";"27.1";"72.9";"72.9";"79.93";"72.9";"58.27";"5.69";"3.25";"57.14";"15.99";"8.4";"52.54"
"Dembo Sylla";"RWB";"all";"all";"187090";"D. Sylla";"2002-11-10";"80.57";"17.14";"8";"0";"175";"100";"34.29";"65.71";"65.71";"71.76";"74.86";"53.71";"6.29";"1.14";"18.18";"16.57";"4.57";"27.59"
"Erick Nunes Barbosa dos Santos";"RWB";"all";"all";"809827";"Erick";"2004-02-29";"84.09";"15.25";"14";"0";"291";"100";"41.58";"58.42";"58.42";"60.49";"55.67";"33.68";"9.97";"4.47";"44.83";"25.43";"10.31";"40.54"
"Anan Khalaili";"RWB";"all";"all";"514530";"A. Khalaili";"2004-09-03";"91.41";"19.24";"21";"0";"559";"100";"30.77";"69.23";"69.23";"71.7";"74.6";"53.49";"9.12";"3.58";"39.22";"20.93";"10.38";"49.57"