"Player";"Position";"third";"channel";"Player ID";"Short name";"Birthdate";"Minutes played per match";"Adjusted min TIP per match";"Count performances that pass the quality check";"Count performances that fail the quality check";"Count Runs in sample";"Count Runs per 100 Runs";"Count Dangerous Runs per 100 Runs";"Threat of Runs per 100 Runs";"Count Runs leading to goal per 100 Runs";"Count Runs targeted per 100 Runs";"Count Runs received per 100 Runs";"Count Runs leading to shot per 100 Runs";"Threat of Runs targeted per 100 Runs";"Threat of Runs received per 100 Runs";"Count dangerous Runs targeted per 100 Runs";"Count dangerous Runs received per 100 Runs"
"Adam Hložek";"CF";"all";"all";"31031";"A. Hložek";"2002-07-25";"84.85";"19.78";"11";"0";"295";"100";"49.83";"3.44";"0.34";"36.27";"23.39";"4.75";"1.2";"0.54";"16.27";"8.14"
"Adrian Beck";"AM";"all";"all";"30496";"A. Beck";"1997-06-09";"85.77";"16.68";"5";"0";"126";"100";"24.6";"1.91";"0";"34.13";"23.02";"3.97";"0.66";"0.34";"6.35";"3.97"
"Alassane Pléa";"AM";"all";"all";"348";"A. Pléa";"1993-03-10";"77.76";"18.28";"15";"0";"371";"100";"31";"2.16";"1.08";"42.32";"30.19";"5.12";"0.84";"0.46";"11.32";"6.47"
"Alassane Pléa";"LW";"all";"all";"348";"A. Pléa";"1993-03-10";"89.77";"23.15";"5";"0";"155";"100";"32.26";"2.26";"0";"32.26";"20";"0.65";"0.67";"0.2";"7.1";"1.29"
"Aleix García Serrano";"LM";"all";"all";"13983";"Aleix García";"1997-06-28";"93.14";"27.18";"9";"0";"246";"100";"7.72";"0.83";"0.41";"37.4";"33.74";"3.66";"0.36";"0.19";"4.47";"2.44"
"Alejandro Grimaldo García";"LWB";"all";"all";"413";"Álex Grimaldo";"1995-09-20";"94.91";"28.14";"25";"0";"938";"100";"29.96";"1.95";"0.21";"38.17";"30.81";"3.09";"0.5";"0.34";"7.46";"4.26"
"Aleksandar Pavlović";"LDM";"all";"all";"105610";"A. Pavlović";"2004-05-03";"83.87";"29.37";"12";"0";"429";"100";"9.32";"0.74";"0";"34.27";"32.17";"1.4";"0.15";"0.13";"0.93";"0.7"
"Alexander Bernhardsson";"RF";"all";"all";"61171";"A. Bernhardsson";"1998-09-08";"86.77";"14.87";"6";"0";"146";"100";"36.99";"2.66";"0";"36.99";"19.18";"4.11";"0.62";"0.35";"9.59";"4.79"
"Alexander Prass";"LB";"all";"all";"25327";"A. Prass";"2001-05-26";"93.03";"21.1";"8";"0";"228";"100";"16.23";"1.23";"1.32";"42.11";"37.72";"2.19";"0.4";"0.33";"7.46";"5.7"
"Alexander Prass";"LWB";"all";"all";"25327";"A. Prass";"2001-05-26";"83.3";"19.8";"8";"0";"226";"100";"26.11";"1.77";"0";"35.4";"31.86";"1.77";"0.36";"0.29";"4.87";"3.98"
"Alexis Claude-Maurice";"AM";"all";"all";"13170";"A. Claude-Maurice";"1998-06-06";"85.76";"16.48";"7";"0";"157";"100";"33.12";"2.44";"0.64";"43.95";"31.85";"8.28";"1.34";"0.65";"13.38";"7.01"
"Alexis Claude-Maurice";"CF";"all";"all";"13170";"A. Claude-Maurice";"1998-06-06";"82.5";"16.02";"5";"0";"112";"100";"24.11";"1.72";"0";"32.14";"24.11";"1.79";"0.48";"0.27";"7.14";"4.46"
"Alexis Claude-Maurice";"LF";"all";"all";"13170";"A. Claude-Maurice";"1998-06-06";"82.97";"19.95";"9";"0";"242";"100";"31.4";"2.13";"0.83";"34.3";"23.55";"2.89";"0.65";"0.3";"9.09";"3.72"
"Aljoscha Kemlein";"RM";"all";"all";"233306";"A. Kemlein";"2004-08-02";"83.09";"15.83";"7";"0";"149";"100";"17.45";"1.18";"0";"20.81";"18.79";"1.34";"0.32";"0.27";"4.03";"3.36"
"Alphonso Davies";"LB";"all";"all";"17902";"A. Davies";"2000-11-02";"94.87";"34.2";"16";"0";"571";"100";"18.39";"1.37";"0.88";"36.95";"33.1";"3.85";"0.42";"0.34";"5.95";"4.38"
"Amadou Haidara";"LM";"all";"all";"11301";"A. Haidara";"1998-01-31";"76.42";"19.34";"8";"0";"120";"100";"6.67";"0.55";"0.83";"26.67";"24.17";"1.67";"0.18";"0.17";"1.67";"1.67"
"Amos Pieper";"LCB";"all";"all";"25507";"A. Pieper";"1998-01-17";"89.66";"19.86";"10";"0";"110";"100";"3.64";"0.28";"0";"45.45";"43.64";"0";"0.1";"0.03";"0.91";"0"
"Amos Pieper";"RCB";"all";"all";"25507";"A. Pieper";"1998-01-17";"93.18";"20.98";"5";"0";"63";"100";"0";"0.23";"0";"25.4";"25.4";"0";"0.02";"0.02";"0";"0"
"Andreas  Hanche-Olsen";"LCB";"all";"all";"31103";"A. Hanche-Olsen";"1997-01-17";"99.86";"19.47";"9";"0";"92";"100";"8.7";"0.66";"2.17";"43.48";"41.3";"2.17";"0.15";"0.11";"2.17";"1.09"
"Andrej Ilić";"CF";"all";"all";"170510";"A. Ilić";"2000-04-03";"80.15";"12.89";"9";"0";"173";"100";"51.45";"4.43";"0.58";"34.68";"18.5";"4.62";"1.2";"0.41";"15.61";"6.36"
"Andrej Kramarić";"AM";"all";"all";"816";"A. Kramarić";"1991-06-19";"91.15";"20.46";"17";"0";"593";"100";"36.76";"2.59";"0.67";"35.41";"24.45";"4.72";"0.9";"0.59";"12.65";"7.76"
"Andrej Kramarić";"LW";"all";"all";"816";"A. Kramarić";"1991-06-19";"91.5";"21.82";"6";"0";"237";"100";"37.13";"3.3";"0.42";"37.55";"28.27";"4.22";"1.18";"0.55";"13.92";"7.59"
"András Schäfer";"RM";"all";"all";"30181";"A. Schäfer";"1999-04-13";"89.31";"16.15";"10";"0";"177";"100";"23.73";"1.59";"1.13";"22.03";"14.69";"2.26";"0.29";"0.17";"3.95";"2.26"
"Angelo Stiller";"LDM";"all";"all";"34908";"A. Stiller";"2001-04-04";"99.89";"29.05";"8";"0";"223";"100";"18.39";"1.42";"0";"29.6";"25.56";"2.69";"0.27";"0.21";"4.48";"2.69"
"Angelo Stiller";"LM";"all";"all";"34908";"A. Stiller";"2001-04-04";"97.66";"25.62";"16";"0";"368";"100";"15.76";"1.29";"0.27";"31.79";"29.08";"2.99";"0.34";"0.29";"3.53";"2.99"
"Anrie Chase";"RCB";"all";"all";"180390";"A. Chase";"2004-03-24";"99.22";"26.03";"6";"0";"96";"100";"3.12";"0.22";"0";"33.33";"33.33";"0";"0.08";"0.08";"1.04";"1.04"
"Ansgar Knauff";"RW";"all";"all";"31250";"A. Knauff";"2002-01-10";"82.67";"19";"6";"0";"182";"100";"37.91";"2.74";"1.1";"43.41";"26.92";"5.49";"1.04";"0.67";"13.74";"7.69"
"Anthony Caci";"RWB";"all";"all";"11239";"A. Caci";"1997-07-01";"89.53";"19.6";"31";"0";"728";"100";"17.72";"1.42";"0.27";"36.13";"28.16";"2.88";"0.37";"0.26";"3.98";"2.47"
"Anthony Jung";"LCB";"all";"all";"16437";"A. Jung";"1991-11-03";"97.13";"22.74";"18";"0";"228";"100";"0.88";"0.16";"0";"48.68";"48.25";"1.32";"0.04";"0.04";"0";"0"
"Anthony Losilla";"DM";"all";"all";"19270";"A. Losilla";"1986-03-10";"79.04";"13.56";"9";"0";"113";"100";"7.96";"0.79";"0";"23.01";"20.35";"0.88";"0.16";"0.14";"0.88";"0.88"
"Anthony Rouault";"RCB";"all";"all";"32045";"A. Rouault";"2001-05-29";"93.04";"24.9";"11";"0";"126";"100";"0.79";"0.09";"0";"36.51";"34.92";"0";"0.04";"0.04";"0";"0"
"Anton Stach";"CB";"all";"all";"33233";"A. Stach";"1998-11-15";"98.72";"23.44";"6";"0";"49";"100";"8.16";"0.54";"0";"36.73";"34.69";"2.04";"0.08";"0.06";"0";"0"
"Anton Stach";"RDM";"all";"all";"33233";"A. Stach";"1998-11-15";"93.19";"19.3";"11";"0";"218";"100";"13.76";"1.07";"0.46";"36.24";"31.65";"2.29";"0.37";"0.25";"5.05";"3.67"
"Anton Stach";"RM";"all";"all";"33233";"A. Stach";"1998-11-15";"91.83";"22.55";"5";"0";"92";"100";"17.39";"1.67";"0";"29.35";"23.91";"5.43";"0.34";"0.12";"5.43";"2.17"
"Antonio Eromonsele Nordby Nusa";"LWB";"all";"all";"70853";"A. Nusa";"2005-04-17";"91.58";"19.79";"5";"0";"98";"100";"28.57";"1.55";"3.06";"32.65";"21.43";"6.12";"0.55";"0.27";"10.2";"6.12"
"Armin Gigović";"LM";"all";"all";"28128";"A. Gigović";"2002-04-06";"76.52";"14.64";"9";"0";"200";"100";"16.5";"1.11";"0.5";"39.5";"30.5";"4";"0.43";"0.29";"6.5";"4.5"
"Armin Gigović";"RM";"all";"all";"28128";"A. Gigović";"2002-04-06";"87.13";"16.72";"8";"0";"197";"100";"23.86";"1.88";"0.51";"35.03";"24.37";"2.03";"0.67";"0.28";"9.14";"4.57"
"Armindo Sieb";"CF";"all";"all";"39786";"A. Sieb";"2003-02-17";"65.46";"13.6";"5";"0";"128";"100";"24.22";"1.87";"0.78";"38.28";"21.09";"3.12";"0.6";"0.44";"5.47";"4.69"
"Arthur Largura Chaves";"RCB";"all";"all";"151329";"Arthur Chaves";"2001-01-29";"96.01";"20.93";"22";"0";"200";"100";"4.5";"0.47";"0";"39";"37";"0.5";"0.06";"0.05";"0";"0"
"Arthur Theate";"LB";"all";"all";"32269";"A. Theate";"2000-05-25";"94.25";"19.36";"7";"1";"80";"100";"12.5";"1.19";"0";"46.25";"40";"1.25";"0.47";"0.41";"6.25";"5"
"Arthur Theate";"LCB";"all";"all";"32269";"A. Theate";"2000-05-25";"97.36";"23.61";"21";"0";"182";"100";"2.75";"0.29";"0";"49.45";"48.9";"1.1";"0.11";"0.11";"0.55";"0.55"
"Arthur Vermeeren";"LM";"all";"all";"174342";"A. Vermeeren";"2005-02-07";"86.15";"19.9";"5";"0";"100";"100";"15";"1.28";"0";"24";"20";"1";"0.21";"0.15";"3";"2"
"Arthur Vermeeren";"RM";"all";"all";"174342";"A. Vermeeren";"2005-02-07";"79.26";"18.24";"10";"0";"170";"100";"8.82";"0.79";"0";"28.24";"24.12";"1.76";"0.26";"0.21";"2.94";"1.76"
"Atakan Karazor";"RDM";"all";"all";"19484";"A. Karazor";"1996-10-13";"87.7";"26.74";"9";"0";"251";"100";"11.16";"0.81";"0";"27.49";"26.29";"1.99";"0.15";"0.15";"1.2";"1.2"
"Atakan Karazor";"RM";"all";"all";"19484";"A. Karazor";"1996-10-13";"94.11";"24.8";"17";"0";"443";"100";"5.64";"0.54";"0";"31.6";"28.89";"1.13";"0.17";"0.15";"1.81";"1.58"
"Bence Dárdai";"RM";"all";"all";"162524";"B. Dárdai";"2006-01-24";"80.24";"16.93";"12";"0";"291";"100";"20.62";"1.34";"0.34";"24.4";"17.87";"2.75";"0.34";"0.19";"5.15";"3.44"
"Benedict Hollerbach";"AM";"all";"all";"40327";"B. Hollerbach";"2001-05-17";"80.6";"14.54";"6";"0";"192";"100";"34.9";"2.35";"0.52";"41.67";"26.04";"2.6";"0.76";"0.44";"13.02";"6.77"
"Benedict Hollerbach";"CF";"all";"all";"40327";"B. Hollerbach";"2001-05-17";"85.21";"17.21";"10";"0";"395";"100";"24.81";"2.09";"0.51";"39.24";"23.04";"2.78";"0.65";"0.37";"7.85";"4.3"
"Benedict Hollerbach";"LF";"all";"all";"40327";"B. Hollerbach";"2001-05-17";"90.2";"18.21";"5";"0";"223";"100";"36.77";"2.38";"0.9";"28.7";"16.59";"2.69";"0.53";"0.28";"7.62";"4.93"
"Benedikt Gimber";"CB";"all";"all";"19430";"B. Gimber";"1997-02-19";"94.59";"17.86";"9";"0";"21";"100";"14.29";"0.8";"0";"28.57";"28.57";"0";"0.14";"0.14";"0";"0"
"Benedikt Gimber";"LCB";"all";"all";"19430";"B. Gimber";"1997-02-19";"94.92";"19.25";"18";"0";"75";"100";"8";"0.51";"0";"46.67";"41.33";"2.67";"0.18";"0.03";"2.67";"0"
"Benjamin Paa Kwesi Henrichs";"RWB";"all";"all";"1279";"B. Henrichs";"1997-02-23";"88.53";"20.05";"6";"0";"122";"100";"24.59";"1.62";"0.82";"31.15";"28.69";"3.28";"0.23";"0.19";"2.46";"1.64"
"Benjamin Šeško";"CF";"all";"all";"25340";"B. Šeško";"2003-05-31";"84.32";"20.92";"24";"0";"749";"100";"57.81";"4.41";"0.93";"31.11";"17.09";"2.94";"1.1";"0.42";"14.29";"6.14"
"Bernardo Fernandes da Silva Junior";"LCB";"all";"all";"11751";"Bernardo";"1995-05-14";"98.97";"19.52";"19";"0";"141";"100";"7.09";"0.54";"0";"47.52";"44.68";"1.42";"0.27";"0.17";"3.55";"2.13"
"Budu Zivzivadze";"CF";"all";"all";"45594";"B. Zivzivadze";"1994-03-10";"95.83";"21.88";"9";"0";"299";"100";"54.52";"3.57";"0.33";"26.09";"13.71";"2.68";"0.87";"0.34";"13.71";"5.02"
"Carlo Boukhalfa";"LM";"all";"all";"32053";"C. Boukhalfa";"1999-05-03";"90.6";"19.02";"11";"0";"357";"100";"24.09";"1.61";"0";"22.69";"15.97";"1.96";"0.36";"0.25";"5.32";"2.8"
"Carlo Boukhalfa";"RM";"all";"all";"32053";"C. Boukhalfa";"1999-05-03";"86.56";"17.94";"6";"0";"171";"100";"20.47";"1.56";"0";"23.39";"18.13";"2.92";"0.37";"0.22";"4.68";"1.75"
"Castello  Lukeba";"LCB";"all";"all";"44864";"C. Lukeba";"2002-12-17";"92.32";"22.29";"12";"0";"91";"100";"10.99";"0.57";"0";"41.76";"40.66";"1.1";"0.12";"0.09";"2.2";"1.1"
"Chris Führich";"LW";"all";"all";"19306";"C. Führich";"1998-01-09";"83.96";"25.27";"17";"0";"378";"100";"39.42";"2.72";"0.53";"37.57";"28.04";"3.7";"0.7";"0.48";"10.85";"6.08"
"Chrislain Matsima";"RCB";"all";"all";"31926";"C. Matsima";"2002-05-15";"96.9";"20.06";"26";"0";"190";"100";"5.26";"0.4";"0";"38.95";"36.32";"0.53";"0.1";"0.07";"1.05";"0.53"
"Christian Günter";"LB";"all";"all";"11354";"C. Günter";"1993-02-28";"89.85";"21.26";"25";"0";"459";"100";"20.7";"1.48";"0.65";"38.34";"30.94";"4.36";"0.51";"0.37";"7.19";"5.01"
"Christoph Baumgartner";"RW";"all";"all";"22891";"C. Baumgartner";"1999-08-01";"77.27";"19.95";"5";"0";"150";"100";"32.67";"2.41";"0";"24";"16.67";"0.67";"0.75";"0.16";"8.67";"2.67"
"Christopher Trimmel";"RWB";"all";"all";"19296";"C. Trimmel";"1987-02-24";"88.02";"15.15";"17";"0";"180";"100";"13.89";"0.98";"0";"36.11";"27.22";"2.22";"0.28";"0.17";"4.44";"2.22"
"Cédric Zesiger";"LCB";"all";"all";"23177";"C. Zesiger";"1998-06-24";"93.43";"18.19";"18";"0";"147";"100";"2.04";"0.25";"0";"36.05";"33.33";"0";"0.09";"0.04";"1.36";"0"
"Danel Sinani";"CF";"all";"all";"17678";"D. Sinani";"1997-04-05";"85.51";"16.12";"8";"0";"254";"100";"31.89";"2.5";"0";"30.71";"17.72";"1.57";"0.9";"0.29";"9.45";"4.33"
"Daniel Svensson";"LWB";"all";"all";"34657";"D. Svensson";"2002-02-12";"97.04";"24.29";"7";"0";"241";"100";"32.37";"2.17";"0";"31.54";"26.56";"2.49";"0.57";"0.3";"6.64";"2.9"
"Danilho Doekhi";"RCB";"all";"all";"14385";"D. Doekhi";"1998-06-30";"98.26";"18.62";"34";"0";"260";"100";"5.38";"0.29";"0";"42.69";"40.38";"0.77";"0.12";"0.09";"2.69";"1.92"
"Danny  Vieira da Costa";"RCB";"all";"all";"2303";"D. da Costa";"1993-07-13";"93.91";"21.24";"23";"0";"252";"100";"5.16";"0.61";"0.4";"41.27";"39.29";"2.38";"0.17";"0.16";"1.19";"1.19"
"David Nemeth";"LCB";"all";"all";"27776";"D. Nemeth";"2001-03-18";"94.31";"21.1";"10";"0";"78";"100";"1.28";"0.17";"0";"39.74";"38.46";"2.56";"0.04";"0.04";"0";"0"
"David Nemeth";"RCB";"all";"all";"27776";"D. Nemeth";"2001-03-18";"97.3";"19.51";"13";"0";"107";"100";"1.87";"0.2";"0";"44.86";"42.06";"0.93";"0.1";"0.04";"0.93";"0"
"David Raum";"LB";"all";"all";"19255";"D. Raum";"1998-04-22";"90.83";"23.07";"10";"0";"246";"100";"21.54";"1.5";"1.63";"35.37";"31.3";"3.66";"0.44";"0.34";"7.32";"4.88"
"David Raum";"LWB";"all";"all";"19255";"D. Raum";"1998-04-22";"91.42";"22.87";"11";"0";"279";"100";"26.88";"1.55";"0.72";"36.56";"28.67";"3.94";"0.61";"0.46";"10.75";"7.89"
"David Zec";"CB";"all";"all";"37691";"D. Zec";"2000-01-05";"92.26";"17.06";"14";"0";"116";"100";"2.59";"0.16";"0";"39.66";"38.79";"2.59";"0.13";"0.12";"2.59";"2.59"
"Dayot Upamecano";"RCB";"all";"all";"11516";"D. Upamecano";"1998-10-27";"93.4";"34.19";"17";"0";"181";"100";"1.66";"0.21";"0";"38.67";"38.12";"0";"0.03";"0.03";"0";"0"
"Denis Vavro";"CB";"all";"all";"12880";"D. Vavro";"1996-04-10";"90.93";"18.45";"6";"0";"30";"100";"0";"0.14";"0";"30";"26.67";"0";"0.06";"0.06";"0";"0"
"Denis Vavro";"RCB";"all";"all";"12880";"D. Vavro";"1996-04-10";"98.62";"21.79";"21";"0";"130";"100";"2.31";"0.24";"0";"39.23";"38.46";"0.77";"0.04";"0.03";"0";"0"
"Deniz Undav";"AM";"all";"all";"60012";"D. Undav";"1996-07-19";"87.7";"27.72";"5";"0";"166";"100";"45.78";"3.15";"1.2";"34.34";"21.08";"4.82";"1.12";"0.58";"13.86";"6.63"
"Deniz Undav";"CF";"all";"all";"60012";"D. Undav";"1996-07-19";"85.98";"22.98";"13";"0";"366";"100";"57.38";"3.51";"1.37";"38.52";"21.58";"5.74";"1.31";"0.6";"22.13";"11.48"
"Derrick Köhn";"LWB";"all";"all";"32255";"D. Köhn";"1999-02-04";"78.88";"20.86";"10";"0";"261";"100";"21.84";"1.36";"0.77";"45.59";"38.7";"3.83";"0.48";"0.41";"6.51";"5.75"
"Dimitrios Giannoulis";"LWB";"all";"all";"12534";"D. Giannoulis";"1995-10-17";"96.11";"20.29";"26";"0";"524";"100";"16.79";"1.28";"0.57";"45.61";"39.69";"6.3";"0.47";"0.35";"5.15";"3.63"
"Diogo Filipe Monteiro Pinto Leite";"LCB";"all";"all";"12663";"Diogo Leite";"1999-01-23";"97.4";"18.1";"27";"0";"337";"100";"5.34";"0.55";"0";"36.5";"33.83";"1.19";"0.14";"0.11";"1.19";"0.59"
"Dominik Kohr";"LCB";"all";"all";"2820";"D. Kohr";"1994-01-31";"91.95";"20.79";"16";"0";"158";"100";"14.56";"0.92";"0";"35.44";"33.54";"0.63";"0.2";"0.18";"1.9";"1.9"
"Dominik Kohr";"RCB";"all";"all";"2820";"D. Kohr";"1994-01-31";"99.15";"18.75";"7";"0";"69";"100";"14.49";"0.92";"0";"40.58";"33.33";"0";"0.25";"0.12";"4.35";"1.45"
"Donyell Malen";"RW";"all";"all";"12654";"D. Malen";"1999-01-19";"78.32";"26.87";"5";"0";"149";"100";"55.7";"3.52";"1.34";"27.52";"18.79";"2.68";"0.76";"0.44";"12.75";"7.38"
"Edmond Fayçal Tapsoba";"LCB";"all";"all";"23964";"E. Tapsoba";"1999-02-02";"98.82";"24";"6";"0";"59";"100";"10.17";"0.59";"0";"37.29";"32.2";"0";"0.14";"0.06";"1.69";"0"
"Edmond Fayçal Tapsoba";"RCB";"all";"all";"23964";"E. Tapsoba";"1999-02-02";"97.52";"27.84";"19";"0";"265";"100";"4.53";"0.48";"0.38";"43.77";"42.64";"1.89";"0.18";"0.12";"0.75";"0.38"
"El Chadaille Bitshiabu";"LCB";"all";"all";"61379";"E. Bitshiabu";"2005-05-16";"92.04";"22.39";"10";"0";"79";"100";"1.27";"0.18";"0";"44.3";"44.3";"0";"0.02";"0.02";"0";"0"
"Ellyes Skhiri";"DM";"all";"all";"3015";"E. Skhiri";"1995-05-10";"96.92";"23.15";"5";"0";"124";"100";"14.52";"0.84";"0";"29.03";"25";"1.61";"0.17";"0.12";"4.03";"2.42"
"Ellyes Skhiri";"RM";"all";"all";"3015";"E. Skhiri";"1995-05-10";"93.44";"20.61";"13";"0";"341";"100";"18.77";"1.32";"0";"24.63";"20.82";"1.47";"0.28";"0.17";"4.69";"2.64"
"Elvis Rexhbecaj";"LM";"all";"all";"19105";"E. Rexhbecaj";"1997-11-01";"85.19";"17.1";"6";"0";"127";"100";"22.05";"1.64";"0";"27.56";"20.47";"1.57";"0.33";"0.2";"5.51";"3.15"
"Elvis Rexhbecaj";"RM";"all";"all";"19105";"E. Rexhbecaj";"1997-11-01";"94.09";"17.74";"8";"0";"153";"100";"22.88";"1.34";"1.31";"35.95";"24.84";"4.58";"0.57";"0.3";"10.46";"5.23"
"Emre Can";"RCB";"all";"all";"3094";"E. Can";"1994-01-12";"98.72";"27.37";"12";"0";"87";"100";"2.3";"0.27";"0";"41.38";"39.08";"0";"0.09";"0.05";"0";"0"
"Enzo Millot";"RW";"all";"all";"30970";"E. Millot";"2002-07-17";"80.7";"24.59";"5";"0";"109";"100";"24.77";"1.74";"0.92";"33.03";"25.69";"4.59";"0.72";"0.5";"10.09";"5.5"
"Eren Sami Dinkçi";"AM";"all";"all";"35295";"E. Dinkçi";"2001-12-13";"72.68";"18.41";"8";"0";"250";"100";"26.4";"1.82";"0";"32.4";"22.8";"3.2";"0.45";"0.36";"6.8";"6.4"
"Eric  Dier";"RCB";"all";"all";"3132";"E. Dier";"1994-01-15";"94.29";"29.52";"12";"0";"155";"100";"2.58";"0.2";"0.65";"47.1";"44.52";"0.65";"0.14";"0.06";"1.94";"0.65"
"Eric Smith";"CB";"all";"all";"14575";"E. Smith";"1997-01-08";"97.94";"20.78";"19";"0";"254";"100";"1.97";"0.27";"0";"27.56";"26.38";"1.18";"0.07";"0.07";"1.18";"0.79"
"Eric Smith";"LM";"all";"all";"14575";"E. Smith";"1997-01-08";"97.28";"19.71";"12";"0";"171";"100";"4.68";"0.46";"0.58";"36.26";"30.41";"0.58";"0.19";"0.11";"1.75";"0.58"
"Ermedin Demirović";"CF";"all";"all";"12995";"E. Demirović";"1998-03-25";"82.83";"23.72";"19";"0";"606";"100";"59.57";"3.9";"0.83";"26.4";"14.52";"3.8";"0.93";"0.44";"14.36";"7.26"
"Exequiel Alejandro Palacios";"RM";"all";"all";"18315";"E. Palacios";"1998-10-05";"86.08";"29.59";"5";"0";"164";"100";"18.9";"1.25";"0.61";"39.02";"34.76";"2.44";"0.42";"0.3";"6.71";"3.66"
"Fabian Rieder";"RW";"all";"all";"32495";"F. Rieder";"2002-02-16";"75.24";"21.08";"7";"0";"196";"100";"31.12";"2.04";"0";"32.14";"22.45";"3.06";"0.41";"0.21";"7.14";"3.06"
"Farès Chaïbi";"LW";"all";"all";"130425";"F. Chaïbi";"2002-11-28";"76.2";"16.66";"5";"0";"104";"100";"42.31";"3.69";"0";"25.96";"21.15";"3.85";"0.72";"0.46";"7.69";"4.81"
"Felix Agu";"LWB";"all";"all";"25524";"F. Agu";"1999-09-27";"89.46";"19.16";"16";"0";"374";"100";"29.95";"2.19";"0";"39.04";"30.75";"3.48";"0.7";"0.42";"8.56";"4.81"
"Felix Kalu Nmecha";"DM";"all";"all";"20239";"F. Nmecha";"2000-10-10";"92.24";"26.95";"7";"0";"171";"100";"5.26";"0.49";"0";"29.82";"28.65";"0.58";"0.14";"0.07";"1.17";"0"
"Felix Passlack";"RB";"all";"all";"3375";"F. Passlack";"1998-05-29";"90.74";"15.46";"8";"0";"128";"100";"12.5";"0.9";"0";"42.97";"37.5";"3.12";"0.31";"0.23";"3.12";"2.34"
"Felix Passlack";"RWB";"all";"all";"3375";"F. Passlack";"1998-05-29";"88.71";"16.6";"16";"0";"387";"100";"28.94";"2.08";"0";"32.56";"25.58";"3.62";"0.49";"0.33";"8.01";"5.94"
"Finn Jeltsch";"RCB";"all";"all";"663380";"F. Jeltsch";"2006-07-17";"98.7";"30.57";"6";"0";"67";"100";"1.49";"0.21";"0";"32.84";"32.84";"0";"0.03";"0.03";"0";"0"
"Finn Porath";"LWB";"all";"all";"25541";"F. Porath";"1997-02-23";"87.24";"17.16";"15";"0";"231";"100";"13.42";"1.16";"0.87";"33.33";"25.11";"4.76";"0.43";"0.27";"6.49";"3.9"
"Florian Wirtz";"AM";"all";"all";"25456";"F. Wirtz";"2003-05-03";"95.38";"28.37";"12";"0";"643";"100";"32.81";"2.08";"0.62";"37.79";"30.48";"5.13";"0.65";"0.41";"11.04";"6.69"
"Florian Wirtz";"CF";"all";"all";"25456";"F. Wirtz";"2003-05-03";"91.34";"24.33";"6";"0";"266";"100";"34.59";"2.33";"0.75";"37.59";"30.08";"4.89";"0.92";"0.47";"13.16";"7.89"
"Florian Wirtz";"LF";"all";"all";"25456";"F. Wirtz";"2003-05-03";"98.38";"25.57";"6";"0";"305";"100";"29.18";"2.07";"0.66";"36.72";"28.52";"5.9";"0.7";"0.55";"11.15";"8.2"
"Franck Honorat";"RW";"all";"all";"3588";"F. Honorat";"1996-08-11";"81.74";"18.65";"16";"0";"439";"100";"28.25";"1.97";"0.68";"42.14";"28.47";"5.01";"0.73";"0.45";"9.79";"5.69"
"Frank Ogochukwu Onyeka";"LM";"all";"all";"13553";"F. Onyeka";"1998-01-01";"89.63";"18.72";"11";"0";"247";"100";"19.43";"1.45";"0";"24.29";"19.43";"1.21";"0.23";"0.15";"2.83";"1.62"
"Frank Ogochukwu Onyeka";"RM";"all";"all";"13553";"F. Onyeka";"1998-01-01";"91.04";"18.86";"15";"0";"341";"100";"21.11";"1.54";"0.88";"28.15";"21.11";"3.23";"0.45";"0.32";"6.16";"4.69"
"Frans Krätzig";"LWB";"all";"all";"628278";"F. Krätzig";"2003-01-14";"92.1";"19.4";"7";"0";"218";"100";"27.98";"1.68";"0";"33.49";"28.9";"2.75";"0.38";"0.3";"5.05";"3.67"
"Georgios Masouras";"CF";"all";"all";"15153";"G. Masouras";"1994-01-01";"84.69";"16.97";"9";"0";"237";"100";"41.35";"3.05";"0.42";"46.41";"28.69";"3.8";"1.24";"0.64";"18.14";"8.44"
"Gerrit Holtmann";"LWB";"all";"all";"19176";"G. Holtmann";"1995-03-25";"72.22";"14.47";"6";"0";"83";"100";"16.87";"1.28";"0";"40.96";"32.53";"6.02";"0.47";"0.39";"4.82";"4.82"
"Gift Emmanuel Orban";"CF";"all";"all";"553894";"G. Orban";"2002-07-17";"75.74";"16.14";"6";"0";"154";"100";"48.7";"3.18";"0.65";"42.21";"18.83";"0.65";"1.21";"0.45";"18.83";"5.84"
"Granit Xhaka";"LM";"all";"all";"4047";"G. Xhaka";"1992-09-27";"94.19";"26.93";"11";"0";"408";"100";"7.6";"0.61";"1.47";"35.54";"32.84";"2.94";"0.2";"0.17";"2.45";"1.47"
"Granit Xhaka";"RM";"all";"all";"4047";"G. Xhaka";"1992-09-27";"99.79";"27.68";"16";"0";"501";"100";"8.38";"0.72";"0";"38.92";"36.73";"1.6";"0.22";"0.17";"2";"1.2"
"Haris Tabaković";"CF";"all";"all";"4211";"H. Tabaković";"1994-06-20";"77.9";"15.57";"6";"0";"142";"100";"59.15";"4.89";"0";"23.24";"8.45";"2.82";"1.31";"0.52";"14.08";"4.23"
"Harry Kane";"CF";"all";"all";"4219";"H. Kane";"1993-07-28";"89.23";"30.52";"26";"0";"704";"100";"57.1";"4.13";"1.14";"30.97";"20.88";"5.4";"1.3";"0.74";"17.9";"9.94"
"Hauke Wahl";"CB";"all";"all";"19486";"H. Wahl";"1994-04-15";"97.3";"19.51";"13";"0";"96";"100";"4.17";"0.25";"0";"30.21";"28.12";"1.04";"0.06";"0.02";"1.04";"0"
"Hauke Wahl";"RCB";"all";"all";"19486";"H. Wahl";"1994-04-15";"98.12";"21.1";"20";"0";"197";"100";"1.52";"0.18";"0";"39.09";"37.06";"0.51";"0.04";"0.03";"0";"0"
"Hugo Ekitiké";"CF";"all";"all";"32433";"H. Ekitiké";"2002-06-20";"86.95";"20.41";"30";"0";"860";"100";"51.51";"4.03";"1.74";"41.74";"27.09";"7.91";"1.51";"0.93";"18.6";"11.51"
"Hugo Larsson";"LM";"all";"all";"153788";"H. Larsson";"2004-06-27";"91.74";"20.56";"16";"0";"419";"100";"16.95";"1.28";"0.48";"26.97";"22.43";"1.91";"0.21";"0.11";"2.63";"1.43"
"Hugo Larsson";"RM";"all";"all";"153788";"H. Larsson";"2004-06-27";"96.35";"22.04";"6";"0";"193";"100";"16.58";"1.26";"1.04";"25.91";"21.76";"2.07";"0.26";"0.18";"3.11";"1.55"
"Ibrahima Sissoko";"DM";"all";"all";"12227";"I. Sissoko";"1997-10-27";"91.57";"18.01";"11";"0";"140";"100";"5";"0.53";"0";"37.14";"30";"0.71";"0.16";"0.09";"1.43";"0.71"
"Ibrahima Sissoko";"LM";"all";"all";"12227";"I. Sissoko";"1997-10-27";"87.4";"16.97";"7";"0";"109";"100";"16.51";"1.35";"0";"29.36";"22.94";"1.83";"0.4";"0.15";"3.67";"0"
"Ibrahima Sissoko";"RM";"all";"all";"12227";"I. Sissoko";"1997-10-27";"94.58";"15.98";"10";"0";"167";"100";"13.77";"1.1";"0";"22.16";"17.96";"0";"0.3";"0.22";"3.59";"2.4"
"Ivan Ordets";"CB";"all";"all";"12736";"I. Ordets";"1992-07-08";"96.95";"18.63";"15";"0";"74";"100";"0";"0.05";"0";"31.08";"31.08";"0";"0.01";"0.01";"0";"0"
"Jackson Irvine";"RM";"all";"all";"4594";"J. Irvine";"1993-03-07";"98.22";"20.18";"25";"0";"762";"100";"23.49";"1.52";"0";"28.74";"23.36";"2.36";"0.35";"0.22";"4.59";"2.62"
"Jae-Sung Lee";"AM";"all";"all";"11951";"Lee Jae-Sung";"1992-08-10";"86.06";"20.32";"11";"0";"383";"100";"37.08";"2.69";"1.04";"28.2";"19.06";"2.35";"0.68";"0.37";"10.44";"5.74"
"Jae-Sung Lee";"LF";"all";"all";"11951";"Lee Jae-Sung";"1992-08-10";"90.78";"19.48";"16";"0";"510";"100";"43.14";"3.18";"0.78";"31.76";"21.37";"2.35";"0.89";"0.41";"11.37";"6.08"
"Jakov Medić";"CB";"all";"all";"30014";"J. Medić";"1998-09-07";"94.69";"18.31";"8";"0";"38";"100";"7.89";"0.67";"0";"44.74";"42.11";"0";"0.29";"0.05";"2.63";"0"
"Jakov Medić";"RCB";"all";"all";"30014";"J. Medić";"1998-09-07";"91.83";"15.8";"6";"0";"23";"100";"0";"0.05";"0";"47.83";"47.83";"0";"0.02";"0.02";"0";"0"
"Jamal Musiala";"AM";"all";"all";"25734";"J. Musiala";"2003-02-26";"89.78";"31.47";"15";"0";"596";"100";"43.62";"2.98";"0.67";"34.23";"27.01";"4.53";"1.12";"0.75";"13.93";"8.89"
"James Sands";"LM";"all";"all";"27166";"J. Sands";"2000-07-06";"92.54";"19.94";"5";"0";"147";"100";"15.65";"1.02";"0.68";"27.89";"21.09";"1.36";"0.26";"0.15";"4.76";"2.04"
"Jamie Bynoe-Gittens";"LW";"all";"all";"143432";"J. Gittens";"2004-08-08";"81.9";"23.97";"16";"0";"447";"100";"38.93";"2.75";"0.89";"34";"24.83";"4.03";"0.89";"0.49";"12.08";"6.94"
"Jamie Leweling";"LW";"all";"all";"27077";"J. Leweling";"2001-02-26";"82.94";"21.14";"6";"0";"123";"100";"25.2";"1.73";"0.81";"40.65";"30.89";"4.07";"0.61";"0.43";"7.32";"4.88"
"Jamie Leweling";"RW";"all";"all";"27077";"J. Leweling";"2001-02-26";"78.62";"21.16";"8";"0";"167";"100";"33.53";"1.76";"1.2";"38.32";"31.74";"5.39";"0.53";"0.37";"8.98";"6.59"
"Jan Schöppner";"LDM";"all";"all";"33220";"J. Schöppner";"1999-06-12";"94.76";"19.47";"9";"0";"190";"100";"16.32";"1.17";"0";"26.32";"23.16";"3.68";"0.22";"0.19";"2.63";"2.11"
"Jan Schöppner";"LM";"all";"all";"33220";"J. Schöppner";"1999-06-12";"90.77";"18.44";"11";"0";"247";"100";"22.67";"1.53";"0";"27.13";"22.27";"2.43";"0.42";"0.27";"6.07";"3.64"
"Janik Haberer";"LM";"all";"all";"11355";"J. Haberer";"1994-04-02";"83.65";"13.24";"5";"0";"87";"100";"18.39";"1.17";"0";"32.18";"27.59";"4.6";"0.32";"0.19";"4.6";"3.45"
"Janik Haberer";"RWB";"all";"all";"11355";"J. Haberer";"1994-04-02";"88.31";"16.89";"5";"0";"84";"100";"17.86";"1.18";"1.19";"36.9";"28.57";"1.19";"0.17";"0.12";"1.19";"0"
"Jean Mattéo Bahoya";"LW";"all";"all";"186073";"J. Bahoya";"2005-05-07";"74.21";"18.15";"6";"0";"151";"100";"43.71";"3.8";"1.32";"33.11";"25.17";"4.64";"0.88";"0.64";"9.27";"5.3"
"Jeff Chabot";"CB";"all";"all";"14269";"J. Chabot";"1998-02-12";"88.63";"22.47";"5";"0";"36";"100";"5.56";"0.25";"0";"41.67";"41.67";"0";"0.08";"0.08";"2.78";"2.78"
"Jeff Chabot";"LCB";"all";"all";"14269";"J. Chabot";"1998-02-12";"91.92";"26.16";"21";"0";"241";"100";"2.9";"0.24";"0";"37.76";"37.76";"0";"0.03";"0.03";"0";"0"
"Jeffrey Gouweleeuw";"CB";"all";"all";"4888";"J. Gouweleeuw";"1991-07-10";"97.35";"19.99";"30";"0";"173";"100";"12.14";"0.89";"0.58";"35.26";"32.37";"2.89";"0.34";"0.28";"3.47";"2.31"
"Jens Dalsgaard Stage";"RM";"all";"all";"22900";"J. Stage";"1996-11-08";"94.14";"20.69";"18";"0";"725";"100";"31.72";"2.36";"0.69";"25.1";"18.62";"2.34";"0.55";"0.28";"7.59";"4.41"
"Jeremie Frimpong";"RWB";"all";"all";"24896";"J. Frimpong";"2000-12-10";"91.68";"26.71";"20";"0";"588";"100";"32.48";"2.49";"0.85";"36.73";"26.7";"4.08";"0.52";"0.34";"6.97";"4.59"
"Joakim Maehle";"LB";"all";"all";"14570";"J. Maehle";"1997-05-20";"97.69";"22.84";"18";"0";"475";"100";"24.84";"1.83";"0.63";"34.11";"27.37";"3.37";"0.49";"0.36";"5.89";"3.79"
"Joakim Maehle";"LWB";"all";"all";"14570";"J. Maehle";"1997-05-20";"92.48";"19.24";"6";"0";"157";"100";"31.21";"2.26";"0";"33.12";"24.2";"1.91";"0.54";"0.29";"7.01";"3.82"
"Joe Scally";"RB";"all";"all";"36498";"J. Scally";"2002-12-31";"92.17";"22.02";"27";"0";"508";"100";"6.5";"0.63";"0.59";"36.81";"31.69";"1.18";"0.19";"0.14";"1.77";"0.98"
"Johannes Eggestein";"CF";"all";"all";"19075";"J. Eggestein";"1998-05-08";"85.6";"18.53";"22";"0";"678";"100";"33.04";"2.34";"0.15";"33.04";"21.53";"2.51";"0.68";"0.35";"8.7";"4.72"
"John Tolkin";"LWB";"all";"all";"36620";"J. Tolkin";"2002-07-31";"91.82";"15.96";"8";"0";"170";"100";"11.18";"0.88";"0.59";"35.29";"28.82";"2.35";"0.29";"0.18";"2.35";"1.76"
"Jonas Föhrenbach";"LB";"all";"all";"19349";"J. Föhrenbach";"1996-01-26";"93.56";"19.34";"10";"0";"167";"100";"14.97";"1";"1.2";"44.91";"40.72";"4.19";"0.33";"0.29";"3.59";"3.59"
"Jonas Föhrenbach";"LWB";"all";"all";"19349";"J. Föhrenbach";"1996-01-26";"92.92";"16.3";"8";"0";"100";"100";"18";"1.08";"0";"39";"33";"0";"0.23";"0.19";"3";"2"
"Jonas Older Wind";"CF";"all";"all";"12887";"J. Wind";"1999-02-07";"87.57";"18.62";"19";"0";"364";"100";"49.18";"3.63";"0.27";"34.07";"19.78";"2.75";"1.19";"0.43";"14.56";"6.04"
"Jonathan Burkardt";"CF";"all";"all";"19171";"J. Burkardt";"2000-07-11";"90.02";"19.66";"24";"0";"792";"100";"52.4";"3.8";"1.26";"31.44";"15.78";"4.92";"1.17";"0.48";"14.02";"6.31"
"Jonathan Tah";"CB";"all";"all";"12484";"J. Tah";"1996-02-11";"99.32";"28.62";"25";"0";"194";"100";"1.03";"0.12";"0";"33.51";"32.99";"0";"0.03";"0.02";"0";"0"
"Jonathan Tah";"RCB";"all";"all";"12484";"J. Tah";"1996-02-11";"98.2";"22.93";"7";"0";"46";"100";"6.52";"0.37";"0";"39.13";"36.96";"0";"0.07";"0.07";"0";"0"
"Jordy Makengo Basambundu";"LB";"all";"all";"60487";"J. Makengo";"2001-08-03";"94.43";"18.15";"7";"0";"115";"100";"7.83";"1.06";"0";"30.43";"29.57";"0.87";"0.3";"0.28";"1.74";"1.74"
"Josha Mamadou Karaboue Vagnoman";"RB";"all";"all";"19374";"J. Vagnoman";"2000-12-11";"92.66";"23.83";"13";"0";"283";"100";"14.49";"1.03";"0.35";"36.4";"30.39";"2.47";"0.31";"0.24";"4.95";"3.53"
"Joshua Kimmich";"RDM";"all";"all";"5472";"J. Kimmich";"1995-02-08";"96.54";"34";"24";"0";"612";"100";"8.17";"0.68";"0.33";"38.56";"36.93";"3.92";"0.26";"0.25";"2.61";"2.29"
"Josip  Juranović";"LWB";"all";"all";"16559";"J. Juranović";"1995-08-16";"89.89";"14.1";"6";"0";"72";"100";"19.44";"1.43";"0";"47.22";"36.11";"5.56";"0.59";"0.36";"9.72";"5.56"
"João Maria Lobo Alves Palhinha Gonçalves";"LDM";"all";"all";"5074";"João Palhinha";"1995-07-09";"82.99";"29.78";"5";"0";"131";"100";"9.16";"0.76";"0";"33.59";"32.06";"2.29";"0.23";"0.15";"2.29";"1.53"
"Julian Brandt";"AM";"all";"all";"5568";"J. Brandt";"1996-05-02";"93.29";"27.96";"13";"0";"613";"100";"26.26";"1.63";"0.49";"31.97";"24.31";"3.1";"0.41";"0.27";"6.53";"3.92"
"Julian Brandt";"LM";"all";"all";"5568";"J. Brandt";"1996-05-02";"90.82";"23.9";"6";"0";"237";"100";"33.76";"2.38";"1.27";"32.49";"25.32";"3.38";"0.81";"0.39";"10.55";"5.49"
"Julian Ryerson";"RB";"all";"all";"19285";"J. Ryerson";"1997-11-17";"92.51";"27.17";"10";"0";"244";"100";"9.84";"0.87";"0.82";"41.39";"38.52";"3.69";"0.25";"0.19";"2.46";"1.64"
"Julian Ryerson";"RWB";"all";"all";"19285";"J. Ryerson";"1997-11-17";"92.84";"25.74";"8";"0";"182";"100";"26.92";"2.04";"0.55";"35.71";"31.87";"6.04";"0.49";"0.4";"7.14";"5.49"
"Julian Weigl";"LDM";"all";"all";"5585";"J. Weigl";"1995-09-08";"93.86";"22.61";"24";"0";"425";"100";"5.18";"0.42";"0.24";"34.59";"31.76";"2.59";"0.12";"0.09";"1.18";"0.71"
"Junior Chukwubuike Adamu";"CF";"all";"all";"36021";"J. Adamu";"2001-06-06";"84.96";"19.54";"16";"0";"425";"100";"63.06";"4.86";"0.24";"24.47";"11.29";"2.82";"1.22";"0.34";"13.65";"4.94"
"Kaishu Sano";"RM";"all";"all";"606621";"K. Sano";"2000-12-30";"97.89";"21.77";"29";"0";"684";"100";"15.06";"0.98";"0.15";"31.73";"26.46";"1.61";"0.27";"0.16";"3.36";"1.9"
"Karim Adeyemi";"RW";"all";"all";"24892";"K. Adeyemi";"2002-01-18";"80.58";"24.2";"8";"0";"246";"100";"34.96";"2.98";"0";"31.71";"21.95";"4.88";"0.59";"0.38";"8.13";"5.28"
"Karol Mets";"LCB";"all";"all";"12523";"K. Mets";"1993-05-16";"97.01";"20.1";"10";"0";"77";"100";"2.6";"0.13";"0";"49.35";"46.75";"3.9";"0.03";"0.03";"0";"0"
"Keven Schlotterbeck";"LCB";"all";"all";"19055";"K. Schlotterbeck";"1997-04-28";"94.69";"16.34";"13";"0";"49";"100";"6.12";"0.73";"0";"44.9";"40.82";"2.04";"0.4";"0.05";"2.04";"0"
"Kevin Akpoguma";"LCB";"all";"all";"12754";"K. Akpoguma";"1995-04-19";"98.97";"20.87";"12";"0";"83";"100";"3.61";"0.33";"0";"37.35";"36.14";"2.41";"0.1";"0.09";"1.2";"1.2"
"Kevin Akpoguma";"RCB";"all";"all";"12754";"K. Akpoguma";"1995-04-19";"94.12";"21.92";"7";"0";"86";"100";"3.49";"0.33";"0";"43.02";"43.02";"0";"0.06";"0.06";"0";"0"
"Kevin Kampl";"LM";"all";"all";"5830";"K. Kampl";"1990-10-09";"88.35";"22.15";"10";"0";"268";"100";"9.33";"0.93";"0.75";"33.96";"29.1";"1.49";"0.27";"0.15";"2.61";"0.75"
"Kevin Stöger";"AM";"all";"all";"19112";"K. Stöger";"1993-08-27";"90.38";"23.01";"11";"0";"320";"100";"18.75";"1.5";"0.62";"44.38";"36.88";"4.38";"0.69";"0.39";"6.88";"3.75"
"Kevin Vogt";"CB";"all";"all";"5880";"K. Vogt";"1991-09-23";"93.53";"18.09";"13";"0";"54";"100";"0";"0.06";"0";"38.89";"35.19";"1.85";"0.02";"0.01";"0";"0"
"Kilian Fischer";"RB";"all";"all";"59982";"K. Fischer";"2000-10-12";"90.59";"17.96";"18";"0";"392";"100";"9.95";"0.81";"0";"33.67";"30.1";"2.04";"0.26";"0.21";"3.83";"2.81"
"Kilian Fischer";"RCB";"all";"all";"59982";"K. Fischer";"2000-10-12";"90.61";"18.7";"6";"0";"150";"100";"10";"0.84";"0";"39.33";"33.33";"2";"0.26";"0.22";"4.67";"4"
"Kiliann Sildillia";"RB";"all";"all";"37094";"K. Sildillia";"2002-05-16";"91.07";"22.06";"8";"0";"158";"100";"6.96";"0.66";"0";"41.14";"37.34";"1.9";"0.22";"0.18";"2.53";"1.9"
"Kingsley Coman";"LW";"all";"all";"5922";"K. Coman";"1996-06-13";"74.22";"28.1";"11";"0";"308";"100";"36.04";"2.93";"0.65";"41.88";"29.87";"3.9";"0.9";"0.46";"12.34";"6.82"
"Ko Itakura";"LCB";"all";"all";"24911";"K. Itakura";"1997-01-27";"96.5";"24.25";"5";"0";"48";"100";"6.25";"0.61";"2.08";"39.58";"37.5";"2.08";"0.33";"0.3";"2.08";"2.08"
"Ko Itakura";"RCB";"all";"all";"24911";"K. Itakura";"1997-01-27";"98.25";"23.4";"25";"0";"194";"100";"3.61";"0.3";"0";"47.94";"46.39";"0";"0.11";"0.09";"0.52";"0.52"
"Konrad Laimer";"RB";"all";"all";"11749";"K. Laimer";"1997-05-27";"91.8";"29.51";"15";"0";"475";"100";"23.37";"1.37";"0";"32.42";"28.42";"2.32";"0.31";"0.24";"5.26";"3.58"
"Konstantinos Koulierakis";"LCB";"all";"all";"119407";"K. Koulierakis";"2003-11-28";"96.47";"21.03";"26";"0";"164";"100";"8.54";"0.55";"0";"40.24";"38.41";"0.61";"0.12";"0.07";"1.83";"1.22"
"Kristijan Jakić ";"DM";"all";"all";"32235";"K. Jakić";"1997-05-14";"95.81";"16.79";"7";"0";"104";"100";"14.42";"1.05";"0";"30.77";"25.96";"3.85";"0.33";"0.3";"2.88";"2.88"
"Kristijan Jakić ";"LM";"all";"all";"32235";"K. Jakić";"1997-05-14";"92.35";"19.32";"10";"0";"189";"100";"20.63";"1.47";"0.53";"30.16";"24.34";"4.23";"0.39";"0.24";"5.29";"3.7"
"Kristijan Jakić ";"RM";"all";"all";"32235";"K. Jakić";"1997-05-14";"94.43";"22.53";"6";"0";"123";"100";"23.58";"1.52";"0";"30.08";"25.2";"2.44";"0.41";"0.35";"8.94";"7.32"
"Lars Ritzka";"LWB";"all";"all";"40303";"L. Ritzka";"1998-05-07";"80.2";"18.02";"5";"0";"91";"100";"23.08";"1.38";"0";"29.67";"26.37";"2.2";"0.4";"0.34";"6.59";"5.49"
"Lasse Rosenboom";"RWB";"all";"all";"611075";"L. Rosenboom";"2002-01-19";"88.68";"15.68";"17";"0";"290";"100";"18.28";"1.72";"1.03";"31.38";"22.07";"3.45";"0.61";"0.46";"4.83";"2.41"
"Leo Skiri Østigård";"LCB";"all";"all";"25512";"L. Østigård";"1999-11-28";"96.97";"22.11";"6";"0";"55";"100";"3.64";"0.38";"0";"38.18";"38.18";"0";"0.02";"0.02";"0";"0"
"Leon  Goretzka";"LDM";"all";"all";"6158";"L. Goretzka";"1995-02-06";"91.35";"33.75";"8";"0";"191";"100";"26.18";"1.65";"0";"38.22";"34.55";"2.09";"0.4";"0.28";"6.28";"3.66"
"Leonardo Bittencourt";"RM";"all";"all";"6167";"L. Bittencourt";"1993-12-19";"80.06";"20.76";"8";"0";"308";"100";"14.29";"1.04";"0.32";"40.91";"35.39";"3.25";"0.31";"0.21";"4.87";"3.25"
"Leonardo Weschenfelder-Scienza";"LW";"all";"all";"172670";"Léo Scienza";"1998-09-13";"75.29";"14.64";"5";"0";"107";"100";"22.43";"1.53";"0.93";"49.53";"31.78";"10.28";"0.76";"0.52";"11.21";"8.41"
"Leonidas Stergiou";"RB";"all";"all";"26720";"L. Stergiou";"2002-03-03";"92.73";"28";"7";"0";"162";"100";"16.05";"1.08";"0.62";"31.48";"22.84";"0.62";"0.3";"0.15";"5.56";"1.85"
"Leopold Querfeld";"CB";"all";"all";"71649";"L. Querfeld";"2003-12-20";"95.42";"16.6";"15";"0";"57";"100";"3.51";"0.18";"0";"36.84";"35.09";"0";"0.05";"0.05";"1.75";"1.75"
"Leroy Sané";"LW";"all";"all";"6184";"L. Sané";"1996-01-11";"88.17";"29.17";"11";"0";"378";"100";"53.7";"3.99";"0.79";"36.51";"25.4";"7.14";"1.26";"0.79";"18.78";"12.17"
"Leroy Sané";"RW";"all";"all";"6184";"L. Sané";"1996-01-11";"71.33";"26.91";"5";"0";"134";"100";"35.82";"2.39";"0.75";"35.82";"22.39";"5.22";"0.69";"0.33";"9.7";"4.48"
"Lewis Holtby";"LM";"all";"all";"6201";"L. Holtby";"1990-09-18";"79.13";"15.53";"5";"0";"142";"100";"23.94";"1.5";"0";"22.54";"14.08";"2.11";"0.43";"0.09";"7.04";"1.41"
"Lewis Holtby";"RM";"all";"all";"6201";"L. Holtby";"1990-09-18";"79.49";"14.44";"6";"0";"109";"100";"16.51";"1.27";"0";"33.94";"32.11";"1.83";"0.18";"0.09";"2.75";"0.92"
"Loïs Openda";"CF";"all";"all";"12676";"L. Openda";"2000-02-16";"88.4";"21.39";"23";"0";"684";"100";"54.53";"3.68";"1.17";"41.81";"27.19";"5.7";"1.2";"0.7";"19.01";"11.99"
"Luca Netz";"LB";"all";"all";"25460";"L. Netz";"2003-05-15";"89.51";"24.16";"8";"0";"219";"100";"14.16";"1.21";"0";"41.1";"36.07";"4.11";"0.43";"0.36";"5.02";"4.11"
"Lucas Höler";"AM";"all";"all";"19049";"L. Höler";"1994-07-10";"86.99";"20.58";"10";"0";"314";"100";"44.59";"3.01";"0.96";"28.34";"18.47";"3.5";"0.75";"0.44";"11.15";"6.69"
"Lucas Höler";"CF";"all";"all";"19049";"L. Höler";"1994-07-10";"82.48";"18.1";"11";"0";"238";"100";"54.62";"4.26";"0.84";"28.57";"13.45";"2.94";"1.09";"0.52";"14.29";"5.88"
"Lucas Silva Melo";"RCB";"all";"all";"29924";"Tuta";"1999-07-04";"94.73";"20.44";"16";"0";"168";"100";"2.38";"0.22";"0";"45.24";"44.05";"0";"0.06";"0.06";"0";"0"
"Lukas Klostermann";"RCB";"all";"all";"11517";"L. Klostermann";"1996-06-03";"94.86";"23.03";"13";"0";"141";"100";"5.67";"0.44";"0";"44.68";"42.55";"1.42";"0.09";"0.05";"0.71";"0"
"Lukas Kübler";"RB";"all";"all";"19051";"L. Kübler";"1992-08-30";"82.8";"19.51";"20";"0";"274";"100";"9.85";"0.87";"0.73";"32.48";"25.91";"1.46";"0.19";"0.13";"1.46";"1.09"
"Lukas Ullrich";"LB";"all";"all";"105432";"L. Ullrich";"2004-03-16";"83.14";"19.6";"23";"0";"427";"100";"21.08";"1.37";"0.47";"31.85";"25.53";"3.04";"0.43";"0.27";"5.39";"3.28"
"Lutsharel Geertruida";"RB";"all";"all";"14407";"L. Geertruida";"2000-07-18";"95.46";"26.67";"5";"0";"69";"100";"13.04";"0.86";"0";"36.23";"36.23";"2.9";"0.2";"0.2";"2.9";"2.9"
"Lutsharel Geertruida";"RCB";"all";"all";"14407";"L. Geertruida";"2000-07-18";"88.43";"23.17";"5";"0";"58";"100";"12.07";"0.74";"0";"41.38";"39.66";"1.72";"0.41";"0.22";"3.45";"1.72"
"Magnus Nordengen Knudsen";"DM";"all";"all";"72012";"M. Knudsen";"2001-06-15";"95.27";"16.44";"5";"0";"74";"100";"4.05";"0.28";"0";"18.92";"18.92";"0";"0.01";"0.01";"0";"0"
"Magnus Nordengen Knudsen";"RM";"all";"all";"72012";"M. Knudsen";"2001-06-15";"84.64";"15.97";"8";"0";"174";"100";"9.77";"0.72";"0";"25.86";"21.84";"1.15";"0.1";"0.06";"0.57";"0"
"Manolis Saliakas";"RWB";"all";"all";"29040";"M. Saliakas";"1996-09-12";"90.79";"18.47";"26";"0";"434";"100";"10.6";"0.87";"0.46";"46.54";"42.86";"5.76";"0.38";"0.31";"4.61";"3.46"
"Marco Friedl";"CB";"all";"all";"19076";"M. Friedl";"1998-03-16";"96.8";"22.4";"21";"0";"82";"100";"1.22";"0.12";"0";"35.37";"32.93";"0";"0.03";"0.01";"1.22";"0"
"Marco Grüll";"CF";"all";"all";"32746";"M. Grüll";"1998-07-06";"76.02";"18.94";"8";"0";"246";"100";"39.43";"2.53";"0";"42.68";"26.42";"2.85";"1.15";"0.53";"16.67";"9.35"
"Marco Komenda";"LCB";"all";"all";"33229";"M. Komenda";"1996-11-26";"92.06";"17.42";"13";"0";"142";"100";"0";"0.18";"0";"40.85";"39.44";"1.41";"0.06";"0.06";"0";"0"
"Mario Götze";"RW";"all";"all";"6890";"M. Götze";"1992-06-03";"79.01";"18.97";"5";"0";"194";"100";"24.74";"1.78";"0.52";"28.87";"21.65";"2.06";"0.38";"0.29";"4.64";"3.09"
"Marius Bülter";"CF";"all";"all";"19553";"M. Bülter";"1993-03-29";"82.13";"19.26";"9";"0";"265";"100";"38.11";"2.83";"1.51";"35.47";"22.64";"4.53";"0.86";"0.43";"11.7";"5.66"
"Marius Wolf";"RWB";"all";"all";"6917";"M. Wolf";"1995-05-27";"80.72";"16.75";"23";"0";"328";"100";"15.85";"1.28";"0";"35.67";"29.88";"3.05";"0.3";"0.22";"3.35";"1.52"
"Marko Ivezić";"RCB";"all";"all";"269440";"M. Ivezić";"2001-12-02";"99.3";"18.13";"11";"0";"138";"100";"1.45";"0.12";"0";"34.78";"32.61";"0";"0.02";"0.01";"0";"0"
"Marvin Ducksch";"CF";"all";"all";"7077";"M. Ducksch";"1994-03-07";"87.72";"20.61";"27";"0";"692";"100";"56.21";"3.99";"0.87";"36.42";"20.52";"4.77";"1.28";"0.55";"18.21";"8.38"
"Marvin Friedrich";"RCB";"all";"all";"7079";"M. Friedrich";"1995-12-13";"96.49";"25.07";"7";"0";"35";"100";"2.86";"0.14";"0";"37.14";"34.29";"0";"0.01";"0.01";"0";"0"
"Marvin Pieringer";"CF";"all";"all";"35613";"M. Pieringer";"1999-10-04";"85.42";"17.77";"19";"1";"498";"100";"45.58";"3.36";"0.6";"34.14";"21.89";"4.42";"1.03";"0.47";"10.84";"6.02"
"Matthias Ginter";"RCB";"all";"all";"7262";"M. Ginter";"1994-01-19";"97.68";"22.78";"26";"0";"140";"100";"7.14";"0.38";"0";"35.71";"34.29";"0.71";"0.09";"0.05";"2.14";"1.43"
"Mattias Svanberg";"LM";"all";"all";"14056";"M. Svanberg";"1999-01-05";"84.91";"19.8";"5";"0";"88";"100";"21.59";"1.76";"0";"37.5";"28.41";"0";"0.67";"0.21";"7.95";"3.41"
"Matúš Bero";"LM";"all";"all";"14381";"M. Bero";"1995-09-06";"96.53";"16.98";"9";"0";"213";"100";"31.46";"1.92";"0.94";"32.39";"20.66";"3.76";"0.39";"0.22";"6.1";"3.29"
"Matúš Bero";"RM";"all";"all";"14381";"M. Bero";"1995-09-06";"96.4";"19.72";"17";"0";"480";"100";"31.25";"2.06";"0";"28.75";"19.38";"3.96";"0.62";"0.44";"9.58";"6.25"
"Max Geschwill";"LCB";"all";"all";"35633";"M. Geschwill";"2001-07-07";"90.54";"17.99";"10";"0";"124";"100";"1.61";"0.42";"0";"39.52";"38.71";"1.61";"0.07";"0.06";"0";"0"
"Maxim Leitsch";"LCB";"all";"all";"19278";"M. Leitsch";"1998-05-18";"96.11";"21.78";"5";"0";"34";"100";"5.88";"0.67";"0";"44.12";"38.24";"0";"0.36";"0.14";"2.94";"0"
"Maximilian Arnold";"DM";"all";"all";"7348";"M. Arnold";"1994-05-27";"99.6";"20.7";"12";"0";"167";"100";"2.4";"0.29";"0";"30.54";"29.34";"1.2";"0.1";"0.08";"0.6";"0"
"Maximilian Arnold";"LM";"all";"all";"7348";"M. Arnold";"1994-05-27";"97.21";"18.95";"8";"0";"116";"100";"2.59";"0.32";"0.86";"34.48";"31.9";"1.72";"0.15";"0.12";"2.59";"1.72"
"Maximilian Beier";"CF";"all";"all";"24862";"M. Beier";"2002-10-17";"81.54";"22.31";"7";"0";"246";"100";"46.75";"3.79";"2.85";"31.3";"19.92";"6.1";"1.06";"0.58";"10.98";"6.1"
"Maximilian Eggestein";"RDM";"all";"all";"7349";"M. Eggestein";"1996-12-08";"93.66";"21.67";"19";"0";"427";"100";"9.84";"0.8";"0.23";"29.04";"25.29";"2.34";"0.2";"0.14";"2.58";"1.87"
"Maximilian Eggestein";"RM";"all";"all";"7349";"M. Eggestein";"1996-12-08";"90.82";"21.69";"9";"0";"220";"100";"14.09";"1.1";"0";"32.27";"28.64";"5";"0.36";"0.29";"4.55";"3.18"
"Maximilian Mittelstädt";"LB";"all";"all";"7351";"M. Mittelstädt";"1997-03-18";"92.79";"25.83";"21";"0";"498";"100";"19.08";"1.27";"0.8";"35.74";"31.12";"4.42";"0.46";"0.35";"6.63";"4.62"
"Maximilian Wittek";"LB";"all";"all";"19250";"M. Wittek";"1995-08-21";"92.22";"16.99";"10";"0";"129";"100";"18.6";"1.2";"0.78";"39.53";"34.11";"10.08";"0.49";"0.33";"6.2";"3.88"
"Maximilian Wittek";"LWB";"all";"all";"19250";"M. Wittek";"1995-08-21";"91.64";"17.55";"17";"0";"284";"100";"20.07";"1.3";"0";"34.15";"28.17";"3.52";"0.36";"0.26";"4.93";"3.17"
"Merlin Röhl";"AM";"all";"all";"60000";"M. Röhl";"2002-07-05";"77.51";"15.74";"7";"0";"199";"100";"34.17";"2.27";"0";"27.14";"19.1";"2.01";"0.46";"0.25";"8.54";"4.52"
"Michael Gregoritsch";"CF";"all";"all";"7429";"M. Gregoritsch";"1994-04-18";"77.37";"20.49";"5";"0";"74";"100";"56.76";"4.44";"2.7";"29.73";"18.92";"4.05";"1.32";"0.36";"14.86";"6.76"
"Michael Olise";"RW";"all";"all";"25419";"M. Olise";"2001-12-12";"83.71";"28.72";"24";"0";"839";"100";"38.97";"2.73";"1.31";"34.68";"26.58";"4.89";"0.7";"0.46";"10.13";"6.2"
"Min-Jae Kim";"LCB";"all";"all";"25425";"Kim Min-Jae";"1996-11-15";"95.16";"32.75";"22";"0";"266";"100";"0.75";"0.18";"0";"42.48";"41.73";"0.38";"0.04";"0.04";"0";"0"
"Mitchell Weiser";"RWB";"all";"all";"7704";"M. Weiser";"1994-04-21";"98.33";"22.2";"26";"0";"885";"100";"28.81";"2.39";"1.58";"44.41";"33.56";"4.97";"0.89";"0.39";"9.94";"4.86"
"Mohamed El Amine Amoura";"CF";"all";"all";"68779";"M. Amoura";"2000-05-09";"89.25";"19.15";"19";"0";"574";"100";"31.36";"2.51";"0.87";"43.73";"26.83";"5.4";"0.81";"0.43";"9.93";"5.4"
"Mohamed El Amine Amoura";"LF";"all";"all";"68779";"M. Amoura";"2000-05-09";"91.87";"19.71";"5";"0";"120";"100";"35";"2.78";"0.83";"49.17";"38.33";"5.83";"1.02";"0.83";"10";"8.33"
"Morgan Guilavogui";"RF";"all";"all";"33150";"M. Guilavogui";"1998-03-10";"88.65";"17.55";"9";"0";"253";"100";"34.78";"2.48";"1.19";"41.9";"26.48";"3.16";"0.92";"0.5";"11.46";"4.35"
"Moritz Broschinski";"CF";"all";"all";"70849";"M. Broschinski";"2000-09-23";"78.17";"13.59";"11";"0";"265";"100";"45.28";"3.26";"0";"43.02";"23.02";"4.15";"1.3";"0.5";"18.11";"6.42"
"Moritz Jenz";"CB";"all";"all";"33856";"M. Jenz";"1999-04-30";"97.16";"21.66";"16";"0";"77";"100";"3.9";"0.35";"0";"42.86";"41.56";"1.3";"0.02";"0.01";"0";"0"
"Myron Boadu";"CF";"all";"all";"14322";"M. Boadu";"2001-01-14";"82.48";"15.73";"10";"0";"173";"100";"70.52";"4.72";"1.16";"44.51";"20.81";"6.94";"2.07";"1.17";"27.17";"13.29"
"Nadiem Amiri";"LM";"all";"all";"7846";"N. Amiri";"1996-10-27";"95.34";"21.51";"25";"0";"577";"100";"25.13";"1.56";"0.52";"42.98";"36.92";"5.2";"0.58";"0.42";"9.88";"7.11"
"Nathan Ngoumou Minpole";"RW";"all";"all";"22323";"N. Ngoumou";"2000-03-14";"77.53";"21.32";"9";"0";"235";"100";"34.89";"2.42";"1.7";"41.7";"27.66";"5.11";"0.75";"0.47";"11.49";"7.23"
"Nathaniel Brown";"LB";"all";"all";"105881";"N. Brown";"2003-06-16";"94.68";"23.64";"7";"0";"138";"100";"24.64";"1.82";"1.45";"30.43";"23.19";"5.07";"0.47";"0.36";"6.52";"3.62"
"Nathaniel Brown";"LWB";"all";"all";"105881";"N. Brown";"2003-06-16";"88.66";"21.38";"12";"0";"234";"100";"32.91";"2.32";"0.43";"33.76";"26.5";"5.13";"0.69";"0.41";"9.83";"5.56"
"Nelson Felix Patrick  Weiper";"CF";"all";"all";"105748";"N. Weiper";"2005-03-17";"80.86";"19.1";"6";"0";"172";"100";"42.44";"3.31";"0.58";"38.95";"21.51";"2.33";"1.02";"0.42";"12.79";"5.81"
"Nick Woltemade";"CF";"all";"all";"24295";"N. Woltemade";"2002-02-14";"89.5";"23.52";"12";"0";"286";"100";"58.74";"4.39";"0.7";"35.31";"22.38";"3.85";"1.14";"0.55";"17.48";"8.74"
"Nico Elvedi";"LCB";"all";"all";"7965";"N. Elvedi";"1996-09-30";"96.78";"23.53";"23";"0";"170";"100";"6.47";"0.33";"0";"48.82";"45.29";"1.18";"0.13";"0.07";"2.94";"1.18"
"Nico Schlotterbeck";"LCB";"all";"all";"23758";"N. Schlotterbeck";"1999-12-01";"98.55";"29.1";"19";"0";"171";"100";"8.19";"0.43";"0";"39.18";"39.18";"2.34";"0.07";"0.07";"0.58";"0.58"
"Nicolai Remberg";"DM";"all";"all";"723631";"N. Remberg";"2000-06-19";"97.74";"21.93";"7";"0";"158";"100";"5.06";"0.44";"0";"21.52";"19.62";"0";"0.07";"0.05";"0.63";"0.63"
"Nicolai Remberg";"LM";"all";"all";"723631";"N. Remberg";"2000-06-19";"96.58";"17.03";"15";"0";"197";"100";"6.6";"0.55";"0";"25.89";"20.81";"1.02";"0.13";"0.07";"1.02";"0.51"
"Nicolas Seiwald";"RCB";"all";"all";"25329";"N. Seiwald";"2001-05-04";"96.61";"20.04";"5";"0";"55";"100";"1.82";"0.24";"0";"41.82";"38.18";"1.82";"0.08";"0.08";"0";"0"
"Nicolas Seiwald";"RM";"all";"all";"25329";"N. Seiwald";"2001-05-04";"96.97";"24.06";"8";"0";"148";"100";"3.38";"0.52";"0";"28.38";"26.35";"2.03";"0.13";"0.12";"0";"0"
"Niklas Dorsch";"LM";"all";"all";"19513";"N. Dorsch";"1998-01-15";"81.01";"19.13";"5";"0";"90";"100";"21.11";"1.25";"0";"33.33";"25.56";"0";"0.23";"0.07";"3.33";"0"
"Niklas Dorsch";"RM";"all";"all";"19513";"N. Dorsch";"1998-01-15";"75.6";"15.89";"5";"0";"73";"100";"8.22";"0.74";"0";"28.77";"20.55";"0";"0.13";"0.08";"1.37";"0"
"Niklas Stark";"RCB";"all";"all";"8065";"N. Stark";"1995-04-14";"93.51";"20.67";"16";"0";"118";"100";"1.69";"0.23";"0";"33.9";"33.9";"0";"0.02";"0.02";"0";"0"
"Niklas Süle";"RCB";"all";"all";"8066";"N. Süle";"1995-09-03";"86.67";"22.33";"7";"0";"70";"100";"5.71";"0.35";"0";"54.29";"52.86";"4.29";"0.17";"0.12";"2.86";"1.43"
"Nordi Mukiele Mulere";"RCB";"all";"all";"11434";"N. Mukiele";"1997-11-01";"97.19";"28.73";"5";"0";"87";"100";"9.2";"0.77";"0";"40.23";"39.08";"1.15";"0.25";"0.18";"3.45";"2.3"
"Oladapo Joshua Afolayan";"LF";"all";"all";"61555";"O. Afolayan";"1997-09-11";"89.92";"18.31";"5";"0";"93";"100";"38.71";"2.65";"0";"45.16";"23.66";"4.3";"1.13";"0.51";"18.28";"9.68"
"Oliver Burke";"CF";"all";"all";"18651";"O. Burke";"1997-04-07";"82.27";"18.08";"9";"0";"335";"100";"40";"2.45";"0.9";"41.49";"25.97";"5.37";"0.91";"0.51";"15.22";"8.36"
"Omar Haktab Traorè";"RB";"all";"all";"61095";"O. Traorè";"1998-02-04";"94.79";"20.37";"14";"0";"262";"100";"4.96";"0.56";"0";"40.84";"34.73";"2.67";"0.19";"0.16";"1.15";"1.15"
"Omar Haktab Traorè";"RWB";"all";"all";"61095";"O. Traorè";"1998-02-04";"94.36";"18.34";"14";"0";"237";"100";"6.33";"0.75";"0.42";"41.35";"32.49";"1.69";"0.21";"0.17";"0.84";"0.84"
"Omar Marmoush";"CF";"all";"all";"25453";"Omar Marmoush";"1999-02-07";"92.24";"21.98";"15";"0";"378";"100";"51.59";"3.87";"1.59";"46.3";"30.69";"6.35";"1.52";"0.84";"20.9";"12.17"
"Pascal Groß";"LDM";"all";"all";"8391";"P. Groß";"1991-06-15";"83.85";"24.54";"11";"0";"500";"100";"26";"1.94";"0";"32";"26.2";"2.8";"0.4";"0.22";"6.2";"2.8"
"Pascal Groß";"LM";"all";"all";"8391";"P. Groß";"1991-06-15";"90.66";"25.66";"5";"0";"160";"100";"17.5";"1.27";"0";"33.12";"30.62";"1.88";"0.19";"0.16";"2.5";"1.88"
"Patrick Erras";"CB";"all";"all";"19146";"P. Erras";"1995-01-21";"95.57";"17.86";"8";"0";"32";"100";"3.12";"0.14";"0";"46.88";"46.88";"0";"0.04";"0.04";"0";"0"
"Patrick Mainka";"CB";"all";"all";"19496";"P. Mainka";"1994-11-06";"96.41";"18.86";"6";"0";"40";"100";"5";"0.44";"0";"35";"32.5";"0";"0.03";"0.03";"0";"0"
"Patrick Mainka";"RCB";"all";"all";"19496";"P. Mainka";"1994-11-06";"97.81";"20.68";"27";"0";"243";"100";"3.29";"0.2";"0";"44.44";"42.39";"0.41";"0.04";"0.02";"0.41";"0"
"Patrick Osterhage";"LDM";"all";"all";"61931";"P. Osterhage";"2000-02-01";"92.28";"22.15";"14";"0";"334";"100";"25.75";"1.59";"0.3";"22.16";"18.26";"1.5";"0.29";"0.22";"5.09";"3.89"
"Patrick Osterhage";"LM";"all";"all";"61931";"P. Osterhage";"2000-02-01";"96.63";"22.89";"7";"0";"206";"100";"19.9";"1.57";"0";"20.87";"16.99";"0.97";"0.23";"0.17";"2.91";"1.94"
"Patrick Wimmer";"CF";"all";"all";"27750";"P. Wimmer";"2001-05-30";"87.41";"17.79";"6";"0";"112";"100";"43.75";"2.58";"0";"41.07";"25.89";"3.57";"1.21";"0.72";"15.18";"8.04"
"Patrik Schick";"CF";"all";"all";"11757";"P. Schick";"1996-01-24";"85.42";"25.51";"16";"0";"454";"100";"58.59";"3.73";"2.2";"38.11";"22.47";"5.29";"1.59";"0.78";"22.03";"10.79"
"Paul Nebel";"AM";"all";"all";"32103";"P. Nebel";"2002-10-10";"98.25";"23.79";"10";"0";"437";"100";"26.77";"1.78";"0.46";"35.47";"26.32";"4.35";"0.59";"0.39";"9.61";"5.95"
"Paul Nebel";"RF";"all";"all";"32103";"P. Nebel";"2002-10-10";"93.88";"20.69";"11";"0";"454";"100";"26.65";"2.01";"0.66";"40.53";"29.96";"3.3";"0.71";"0.41";"9.03";"5.29"
"Paul Wanner";"AM";"all";"all";"99675";"P. Wanner";"2005-12-23";"81.27";"15.03";"6";"0";"123";"100";"34.15";"2.37";"0.81";"26.83";"17.89";"1.63";"0.62";"0.4";"13.01";"8.13"
"Pavel Kadeřábek";"RB";"all";"all";"8523";"P. Kadeřábek";"1992-04-25";"87.17";"18.5";"6";"0";"88";"100";"6.82";"0.61";"0";"37.5";"30.68";"1.14";"0.33";"0.17";"4.55";"2.27"
"Pavel Kadeřábek";"RWB";"all";"all";"8523";"P. Kadeřábek";"1992-04-25";"96.86";"21.07";"9";"0";"163";"100";"18.4";"1.07";"0.61";"45.4";"34.36";"3.07";"0.4";"0.32";"7.36";"6.13"
"Pharrel Nnamdi Collins";"RB";"all";"all";"111929";"N. Collins";"2004-01-10";"87.58";"21.85";"5";"0";"80";"100";"6.25";"0.53";"1.25";"48.75";"41.25";"1.25";"0.18";"0.15";"1.25";"1.25"
"Pharrel Nnamdi Collins";"RCB";"all";"all";"111929";"N. Collins";"2004-01-10";"99.46";"24.3";"7";"0";"85";"100";"2.35";"0.22";"1.18";"51.76";"49.41";"1.18";"0.16";"0.13";"1.18";"1.18"
"Phil Harres";"CF";"all";"all";"181690";"P. Harres";"2002-03-25";"89.73";"16.95";"15";"0";"396";"100";"49.75";"3.87";"1.01";"31.82";"14.65";"2.78";"0.87";"0.29";"9.85";"3.79"
"Philipp Hofmann";"CF";"all";"all";"27049";"P. Hofmann";"1993-03-30";"89.65";"17.33";"24";"0";"361";"100";"57.34";"3.53";"1.11";"37.12";"22.71";"5.54";"1.13";"0.49";"18.01";"8.31"
"Philipp Lienhart";"LCB";"all";"all";"11350";"P. Lienhart";"1996-07-11";"95.42";"22.16";"30";"0";"246";"100";"4.07";"0.34";"0";"45.53";"43.09";"0";"0.06";"0.05";"0.41";"0"
"Philipp Mwene";"LWB";"all";"all";"19168";"P. Mwene";"1994-01-29";"92.76";"19.79";"29";"0";"618";"100";"28.32";"1.81";"1.13";"42.72";"36.41";"4.21";"0.74";"0.59";"11.97";"8.74"
"Philipp Sander";"RDM";"all";"all";"19479";"P. Sander";"1998-02-21";"83.95";"21.2";"8";"0";"199";"100";"14.07";"0.89";"0";"29.65";"27.14";"1.51";"0.28";"0.23";"4.52";"4.02"
"Philipp Treu";"LWB";"all";"all";"60476";"P. Treu";"2000-12-03";"96.21";"20.03";"24";"0";"574";"100";"20.73";"1.4";"0";"32.23";"27.7";"2.26";"0.4";"0.24";"5.4";"3.48"
"Philipp Treu";"RWB";"all";"all";"60476";"P. Treu";"2000-12-03";"95.11";"21.77";"8";"0";"217";"100";"11.98";"1.15";"0";"34.56";"29.95";"1.84";"0.36";"0.24";"3.69";"1.38"
"Phillip Tietz";"CF";"all";"all";"28951";"P. Tietz";"1997-07-09";"77.68";"15.98";"17";"0";"310";"100";"55.81";"3.7";"0.65";"32.58";"20.32";"5.16";"1.2";"0.57";"16.13";"9.03"
"Piero Martin Hincapié Reyna";"LCB";"all";"all";"36680";"P. Hincapié";"2002-01-09";"96.93";"27.63";"23";"0";"477";"100";"6.5";"0.56";"0.21";"46.12";"44.23";"2.1";"0.18";"0.16";"1.26";"1.26"
"Ramon Hendriks";"LB";"all";"all";"39728";"R. Hendriks";"2001-07-18";"90.53";"24.31";"5";"0";"86";"100";"30.23";"1.66";"1.16";"26.74";"22.09";"1.16";"0.39";"0.26";"6.98";"4.65"
"Ramon Hendriks";"LCB";"all";"all";"39728";"R. Hendriks";"2001-07-18";"98.06";"21.73";"5";"0";"41";"100";"2.44";"0.25";"0";"29.27";"26.83";"0";"0.02";"0.02";"0";"0"
"Ramy Bensebaini";"LB";"all";"all";"8863";"R. Bensebaini";"1995-04-16";"89.15";"25.79";"14";"0";"239";"100";"17.99";"1.3";"0.42";"31.8";"27.62";"2.09";"0.3";"0.21";"4.18";"2.51"
"Ramy Bensebaini";"LCB";"all";"all";"8863";"R. Bensebaini";"1995-04-16";"94.02";"24.76";"6";"0";"51";"100";"7.84";"0.36";"0";"49.02";"47.06";"0";"0.07";"0.03";"1.96";"0"
"Rani Khedira";"DM";"all";"all";"8866";"R. Khedira";"1994-01-27";"97.52";"18.11";"5";"0";"71";"100";"25.35";"1.38";"0";"23.94";"18.31";"0";"0.31";"0.28";"5.63";"5.63"
"Rani Khedira";"LM";"all";"all";"8866";"R. Khedira";"1994-01-27";"94.57";"18.05";"18";"0";"255";"100";"21.57";"1.51";"0";"37.65";"27.45";"1.96";"0.56";"0.34";"6.27";"3.53"
"Rani Khedira";"RM";"all";"all";"8866";"R. Khedira";"1994-01-27";"99.34";"15.22";"5";"0";"48";"100";"18.75";"1.2";"0";"31.25";"22.92";"2.08";"0.25";"0.15";"2.08";"0"
"Raphaël Adelino José Guerreiro";"LB";"all";"all";"8869";"Raphaël Guerreiro";"1993-12-22";"77.36";"26.87";"9";"0";"314";"100";"30.57";"2.11";"0.32";"30.25";"23.89";"1.27";"0.45";"0.24";"7.01";"2.87"
"Raphaël Adelino José Guerreiro";"RB";"all";"all";"8869";"Raphaël Guerreiro";"1993-12-22";"84.35";"33.02";"7";"0";"239";"100";"27.62";"1.81";"1.26";"29.29";"24.27";"4.6";"0.41";"0.26";"5.02";"3.35"
"Rasmus Nissen Kristensen";"RB";"all";"all";"12376";"R. Kristensen";"1997-07-11";"95.44";"20.79";"12";"0";"218";"100";"11.47";"0.86";"0";"36.7";"35.32";"1.38";"0.26";"0.24";"3.21";"2.75"
"Rasmus Nissen Kristensen";"RWB";"all";"all";"12376";"R. Kristensen";"1997-07-11";"95.55";"23.08";"11";"0";"306";"100";"27.12";"1.99";"1.31";"36.27";"28.43";"3.59";"0.54";"0.41";"6.86";"4.9"
"Ridle Bote Baku";"RW";"all";"all";"19174";"R. Baku";"1998-04-08";"93.16";"20.86";"13";"0";"415";"100";"26.27";"1.96";"0.24";"36.87";"26.75";"3.37";"0.63";"0.38";"8.43";"4.58"
"Ridle Bote Baku";"RWB";"all";"all";"19174";"R. Baku";"1998-04-08";"86.09";"19.44";"12";"0";"305";"100";"28.85";"1.98";"0.98";"34.1";"25.57";"2.62";"0.59";"0.37";"9.84";"6.23"
"Ritsu Doan";"RW";"all";"all";"14258";"R. Doan";"1998-06-16";"91.65";"21.48";"31";"0";"811";"100";"27.25";"1.95";"1.23";"41.18";"29.59";"4.32";"0.69";"0.39";"9.49";"5.06"
"Robert Andrich";"LM";"all";"all";"19498";"R. Andrich";"1994-09-22";"92.78";"23.46";"5";"0";"84";"100";"4.76";"0.52";"0";"36.9";"35.71";"0";"0.19";"0.08";"1.19";"0"
"Robert Andrich";"RM";"all";"all";"19498";"R. Andrich";"1994-09-22";"93.37";"24.19";"6";"0";"128";"100";"10.16";"0.67";"0.78";"38.28";"33.59";"3.91";"0.25";"0.18";"2.34";"1.56"
"Robin Hack";"LW";"all";"all";"11347";"R. Hack";"1998-08-27";"80";"19.28";"24";"0";"863";"100";"35.69";"2.52";"0.7";"34.07";"22.94";"4.52";"0.84";"0.37";"10.43";"5.56"
"Robin Koch";"CB";"all";"all";"19053";"R. Koch";"1996-07-17";"97.82";"23.28";"14";"0";"84";"100";"4.76";"0.31";"0";"44.05";"42.86";"1.19";"0.05";"0.03";"1.19";"0"
"Robin Koch";"LCB";"all";"all";"19053";"R. Koch";"1996-07-17";"98.21";"19.18";"8";"0";"43";"100";"2.33";"0.26";"0";"30.23";"27.91";"0";"0.02";"0.02";"0";"0"
"Robin Koch";"RCB";"all";"all";"19053";"R. Koch";"1996-07-17";"94.96";"23.82";"6";"0";"48";"100";"8.33";"0.65";"0";"58.33";"56.25";"0";"0.22";"0.04";"2.08";"0"
"Rocco Reitz";"RDM";"all";"all";"32062";"R. Reitz";"2002-05-29";"85.96";"20.71";"16";"0";"306";"100";"12.75";"0.99";"0";"28.76";"22.22";"1.63";"0.2";"0.1";"3.27";"0.65"
"Romano Schmid";"LF";"all";"all";"13592";"R. Schmid";"2000-01-27";"99.36";"25.12";"5";"0";"162";"100";"21.6";"1.64";"0.62";"40.74";"30.25";"4.32";"0.65";"0.37";"6.79";"4.32"
"Romano Schmid";"LM";"all";"all";"13592";"R. Schmid";"2000-01-27";"96.37";"21.84";"17";"0";"606";"100";"21.12";"1.65";"0.66";"46.37";"38.61";"5.28";"0.67";"0.5";"8.42";"6.11"
"Romano Schmid";"LW";"all";"all";"13592";"R. Schmid";"2000-01-27";"92.02";"22.14";"5";"0";"159";"100";"28.3";"2.05";"0.63";"44.03";"35.22";"8.18";"0.78";"0.58";"11.95";"8.18"
"Sacha Boey";"RB";"all";"all";"22222";"S. Boey";"2000-09-13";"70.73";"26.79";"5";"0";"148";"100";"16.89";"1.12";"0.68";"27.7";"20.27";"2.03";"0.26";"0.19";"4.05";"2.7"
"Samuel Essende";"CF";"all";"all";"14715";"S. Essende";"1998-01-23";"76.04";"15.58";"18";"0";"424";"100";"50.71";"3.9";"0.47";"35.61";"16.75";"1.89";"1.38";"0.36";"15.8";"5.42"
"Sebastiaan Bornauw";"RCB";"all";"all";"14539";"S. Bornauw";"1999-03-22";"101.71";"17.74";"6";"0";"34";"100";"11.76";"1.07";"0";"29.41";"29.41";"0";"0.07";"0.07";"0";"0"
"Senne Lynen";"DM";"all";"all";"39663";"S. Lynen";"1999-02-19";"91.31";"20.26";"20";"0";"321";"100";"4.67";"0.4";"0";"32.4";"30.22";"1.56";"0.15";"0.14";"1.87";"1.87"
"Senne Lynen";"LM";"all";"all";"39663";"S. Lynen";"1999-02-19";"94.21";"22";"10";"0";"212";"100";"3.3";"0.4";"0";"26.42";"24.06";"0.94";"0.1";"0.09";"0.47";"0.47"
"Serge  Gnabry";"LW";"all";"all";"9724";"S. Gnabry";"1995-07-14";"71.09";"25.78";"7";"0";"177";"100";"53.11";"3.72";"0";"33.9";"20.9";"3.95";"1.15";"0.37";"18.64";"7.91"
"Serhou Guirassy";"CF";"all";"all";"9700";"S. Guirassy";"1996-03-12";"97.02";"27.39";"28";"0";"937";"100";"64.03";"5.01";"0.85";"26.68";"15.69";"3.2";"1.27";"0.63";"14.83";"7.04"
"Shuto Machino";"CF";"all";"all";"254475";"S. Machino";"1999-09-30";"86.4";"17.01";"10";"1";"197";"100";"29.95";"2.06";"1.52";"41.12";"27.92";"5.08";"0.69";"0.39";"11.17";"7.61"
"Shuto Machino";"LF";"all";"all";"254475";"S. Machino";"1999-09-30";"82.79";"13.7";"7";"0";"155";"100";"38.06";"2.42";"0.65";"38.71";"24.52";"7.1";"0.83";"0.57";"12.26";"8.39"
"Siebe Van der Heyden";"LCB";"all";"all";"60013";"S. Van der Heyden";"1998-05-30";"92.83";"18.82";"7";"0";"108";"100";"6.48";"0.62";"0";"52.78";"48.15";"1.85";"0.27";"0.14";"1.85";"0.93"
"Stanley Nsoki";"LCB";"all";"all";"12155";"S. Nsoki";"1999-04-09";"92.63";"22.93";"9";"0";"77";"100";"3.9";"0.33";"0";"37.66";"36.36";"2.6";"0.16";"0.15";"2.6";"2.6"
"Stefan Bell";"CB";"all";"all";"9969";"S. Bell";"1991-08-24";"89.88";"19.45";"17";"0";"77";"100";"6.49";"0.56";"0";"22.08";"18.18";"0";"0.23";"0.03";"2.6";"1.3"
"Stefan Lainer";"RB";"all";"all";"11298";"S. Lainer";"1992-08-27";"88.48";"22.57";"6";"0";"116";"100";"7.76";"0.6";"0";"43.1";"37.93";"2.59";"0.25";"0.18";"2.59";"0.86"
"Steven Skrzybski";"CF";"all";"all";"12658";"S. Skrzybski";"1992-11-18";"79.66";"16.09";"10";"0";"310";"100";"34.52";"2.11";"0.65";"32.58";"20.65";"3.23";"0.57";"0.28";"9.35";"3.87"
"Theoson Jordan Siebatcheu";"CF";"all";"all";"10246";"J. Siebatcheu";"1996-04-26";"79.72";"15.68";"9";"0";"177";"100";"61.02";"5.04";"0";"33.9";"18.64";"2.26";"1.39";"0.39";"12.99";"5.65"
"Thomas Müller";"AM";"all";"all";"10308";"T. Müller";"1989-09-13";"89.08";"31.99";"5";"0";"187";"100";"55.61";"3.56";"0";"29.95";"21.93";"3.21";"0.83";"0.53";"17.11";"11.23"
"Thomas Müller";"CF";"all";"all";"10308";"T. Müller";"1989-09-13";"71.37";"25.52";"5";"0";"137";"100";"44.53";"2.5";"0";"32.12";"24.09";"5.11";"0.65";"0.43";"14.6";"8.76"
"Tiago Barreiros de Melo Tomás";"LW";"all";"all";"30267";"Tiago Tomás";"2002-06-16";"84.65";"17.47";"6";"0";"119";"100";"42.02";"3.08";"0";"26.89";"17.65";"5.04";"0.7";"0.3";"9.24";"4.2"
"Tim Kleindienst";"CF";"all";"all";"25042";"T. Kleindienst";"1995-08-31";"94.84";"22.97";"30";"0";"1065";"100";"52.39";"4.35";"0.85";"29.3";"15.68";"4.04";"1.15";"0.43";"13.24";"5.92"
"Tim Oermann";"RCB";"all";"all";"183158";"T. Oermann";"2003-10-06";"94";"17.79";"19";"0";"151";"100";"1.32";"0.31";"0";"31.79";"29.8";"0.66";"0.05";"0.04";"0";"0"
"Tim Siersleben";"LCB";"all";"all";"29730";"T. Siersleben";"2000-03-09";"95.76";"20.06";"12";"0";"157";"100";"10.19";"0.6";"0";"38.22";"34.39";"1.27";"0.16";"0.13";"2.55";"1.91"
"Timo Becker";"RCB";"all";"all";"24342";"T. Becker";"1997-03-25";"95.12";"17.63";"16";"0";"153";"100";"9.15";"0.61";"1.31";"36.6";"33.99";"5.23";"0.25";"0.2";"4.58";"3.27"
"Timo Becker";"RWB";"all";"all";"24342";"T. Becker";"1997-03-25";"99.42";"18.91";"7";"0";"128";"100";"16.41";"1.25";"0";"32.81";"19.53";"3.91";"0.37";"0.14";"6.25";"2.34"
"Tom Bischof";"LDM";"all";"all";"102836";"T. Bischof";"2005-06-28";"91.88";"19.61";"8";"0";"181";"100";"8.84";"0.99";"0.55";"35.91";"29.83";"1.66";"0.15";"0.11";"0.55";"0.55"
"Tom Bischof";"LM";"all";"all";"102836";"T. Bischof";"2005-06-28";"93.34";"23.06";"5";"0";"155";"100";"12.26";"1.09";"0";"27.74";"20.65";"1.94";"0.26";"0.16";"2.58";"1.94"
"Tom Bischof";"RM";"all";"all";"102836";"T. Bischof";"2005-06-28";"86.41";"18.28";"5";"0";"140";"100";"11.43";"0.96";"0.71";"36.43";"30";"2.86";"0.34";"0.27";"3.57";"2.86"
"Tom Bischof";"RW";"all";"all";"102836";"T. Bischof";"2005-06-28";"92.31";"20.97";"8";"0";"248";"100";"20.16";"1.55";"1.21";"37.5";"29.03";"2.82";"0.34";"0.25";"4.03";"2.82"
"Tom Krauß";"LM";"all";"all";"24232";"T. Krauß";"2001-06-22";"93.63";"18.89";"10";"0";"178";"100";"11.24";"0.91";"0.56";"41.57";"37.64";"5.62";"0.35";"0.29";"4.49";"3.37"
"Tom Rothe";"LWB";"all";"all";"111930";"T. Rothe";"2004-10-29";"88.87";"16.85";"15";"0";"364";"100";"27.47";"1.85";"0.27";"33.79";"25";"3.3";"0.55";"0.37";"9.34";"6.04"
"Tomáš Čvančara";"RW";"all";"all";"16387";"T. Čvančara";"2000-08-13";"77.44";"18.78";"5";"0";"128";"100";"23.44";"2.41";"0";"28.12";"17.19";"1.56";"0.3";"0.19";"3.91";"2.34"
"Valentin Gendrey";"RB";"all";"all";"12206";"V. Gendrey";"2000-06-21";"94.14";"19.22";"8";"0";"159";"100";"7.55";"0.67";"0";"36.48";"31.45";"1.26";"0.21";"0.18";"3.14";"2.52"
"Victor Okoh Boniface";"CF";"all";"all";"49391";"V. Boniface";"2000-12-23";"82.62";"22.12";"10";"0";"230";"100";"54.35";"3.92";"2.61";"42.61";"24.35";"7.83";"1.75";"0.83";"23.48";"11.3"
"Vincenzo Grifo";"LW";"all";"all";"10729";"V. Grifo";"1993-04-07";"82.21";"19.28";"28";"0";"822";"100";"24.94";"1.9";"0.61";"37.83";"30.66";"4.26";"0.5";"0.35";"6.2";"4.38"
"Waldemar Anton";"CB";"all";"all";"10788";"W. Anton";"1996-07-20";"99.81";"26.68";"5";"0";"68";"100";"1.47";"0.14";"1.47";"36.76";"36.76";"1.47";"0.1";"0.1";"1.47";"1.47"
"Waldemar Anton";"RCB";"all";"all";"10788";"W. Anton";"1996-07-20";"97.05";"28.18";"11";"0";"201";"100";"2.49";"0.24";"0";"42.79";"40.8";"1";"0.09";"0.07";"1";"0.5"
"Willi Orbán";"CB";"all";"all";"10853";"W. Orbán";"1992-11-03";"95.1";"21.79";"12";"0";"57";"100";"8.77";"0.48";"1.75";"33.33";"33.33";"1.75";"0.12";"0.12";"1.75";"1.75"
"Willi Orbán";"RCB";"all";"all";"10853";"W. Orbán";"1992-11-03";"95.63";"25.37";"8";"0";"44";"100";"18.18";"1.05";"0";"50";"47.73";"0";"0.12";"0.07";"2.27";"0"
"Woo-Yeong Jeong";"AM";"all";"all";"22192";"Jeong Woo-Yeong";"1999-09-20";"77.17";"15.5";"7";"0";"215";"100";"31.63";"2.32";"0";"32.09";"23.26";"4.65";"0.59";"0.4";"8.84";"5.58"
"Xavi Quentin Shay Simons";"AM";"all";"all";"31930";"X. Simons";"2003-04-21";"93.26";"22.91";"8";"0";"341";"100";"23.46";"1.89";"0.59";"37.54";"26.69";"2.93";"0.6";"0.43";"8.21";"5.87"
"Xavi Quentin Shay Simons";"LW";"all";"all";"31930";"X. Simons";"2003-04-21";"94.45";"24.14";"12";"0";"497";"100";"27.97";"1.85";"1.01";"39.24";"30.78";"4.63";"0.78";"0.56";"10.06";"6.64"
"Yan Bueno Couto";"RB";"all";"all";"32136";"Yan Couto";"2002-06-03";"88.77";"25.73";"6";"0";"126";"100";"5.56";"0.42";"0.79";"51.59";"47.62";"2.38";"0.18";"0.16";"2.38";"1.59"
"Yannick Gerhardt";"LM";"all";"all";"10965";"Y. Gerhardt";"1994-03-13";"91.78";"20";"8";"0";"244";"100";"25.82";"1.85";"0.41";"27.46";"19.67";"2.05";"0.52";"0.24";"7.38";"3.28"