"Player";"Short Name";"Player ID";"Birthdate";"Position";"Position Group";"Minutes";"Minutes BIP";"Count Performances (Physical Check passed)";"Count Performances (Physical Check failed)";"TOP 3 Time to HSR";"TOP 3 Time to Sprint";"PSV-99";"TOP 5 PSV-99";"Distance P60BIP";"M/min BIP P60BIP";"Running Distance P60BIP";"HSR Distance P60BIP";"HSR Count P60BIP";"Sprint Distance P60BIP";"Sprint Count P60BIP";"HI Distance BIP P60BIP";"HI Count BIP P60BIP";"Medium Acceleration Count P60BIP";"High Acceleration Count P60BIP";"Medium Deceleration Count P60BIP";"High Deceleration Count P60BIP";"Explosive Acceleration to HSR Count P60BIP";"Explosive Acceleration to Sprint Count P60BIP"
"Aderllan Leandro de Jesus Santos";"Aderllan Santos";"223";"1989-04-09";"CB";"Central Defender";"96.6";"50.69";"13";"0";"0.77";"1.54";"29.32";"30.44";"7719.71";"128.66";"1004.09";"391.24";"41.52";"154.69";"8.01";"545.93";"49.53";"81.12";"4.1";"59.46";"9.01";"2.0";"0.64"
"Aderllan Leandro de Jesus Santos";"Aderllan Santos";"223";"1989-04-09";"LCB";"Central Defender";"94.31";"49.91";"10";"0";"0.79";"1.72";"29.12";"30.02";"7603.69";"126.73";"992.99";"363.77";"37.27";"141.01";"7.69";"504.79";"44.96";"78.62";"3.85";"58.18";"8.78";"2.04";"0.24"
"Adrián Marín Gómez";"Adrián Marín";"252";"1997-01-09";"LB";"Full Back";"92.23";"49.77";"6";"0";"0.78";"1.54";"28.18";"28.5";"7850.53";"130.84";"1201.61";"490.81";"45.81";"135.81";"8.24";"626.62";"54.04";"93.22";"4.62";"67.7";"10.45";"3.21";"0.6"
"André Geraldes de Barros";"André Geraldes";"728";"1991-05-02";"RWB";"Full Back";"93.68";"48.36";"9";"0";"0.65";"1.22";"30.19";"31.6";"7971.56";"132.86";"1242.46";"453.95";"48.11";"182.79";"10.06";"636.74";"58.17";"88.36";"5.93";"63.27";"9.93";"3.72";"1.52"
"Ángel Fabián di María Hernández";"Á. Di María";"875";"1988-02-14";"RF";"Wide Attacker";"82.04";"46.32";"7";"0";"0.78";"1.61";"27.59";"27.88";"8372.43";"139.54";"1480.15";"564.19";"51.26";"146.74";"6.48";"710.93";"57.73";"92.89";"4.81";"69.02";"10.55";"2.59";"0.74"
"Ángel Fabián di María Hernández";"Á. Di María";"875";"1988-02-14";"RW";"Wide Attacker";"83.37";"45.42";"9";"0";"0.65";"1.45";"28.37";"29.16";"8325.83";"138.76";"1511.42";"655.39";"65.32";"208.73";"11.89";"864.11";"77.21";"98.49";"6.16";"72.07";"13.06";"4.4";"1.17"
"Armindo Tué Na Bangna";"Bruma";"1484";"1994-10-24";"LF";"Wide Attacker";"97.52";"51.93";"7";"0";"0.62";"1.37";"28.76";"29.34";"8516.64";"141.94";"1593.93";"638.43";"55.95";"172.98";"9.08";"811.41";"65.03";"91.44";"5.61";"66.19";"12.05";"4.13";"1.49"
"Armindo Tué Na Bangna";"Bruma";"1484";"1994-10-24";"LW";"Wide Attacker";"81.99";"46.21";"8";"0";"0.67";"1.38";"29.09";"29.84";"8304.35";"138.41";"1497.78";"634.46";"57.62";"213.92";"9.25";"848.39";"66.87";"88.78";"4.71";"66.87";"11.2";"3.41";"0.81"
"Bruno Miguel Boialvo Gaspar";"Bruno Gaspar";"1501";"1993-04-21";"RB";"Full Back";"94.51";"46.56";"10";"0";"0.64";"1.2";"29.36";"30.56";"8422.34";"140.37";"1560.2";"773.78";"67.39";"250.63";"12.89";"1024.41";"80.28";"101.41";"7.86";"69.32";"14.95";"5.8";"2.32"
"David  Martins Simão";"David Simão";"2492";"1990-05-15";"LDM";"Midfield";"85.99";"43.47";"12";"0";"0.74";"null";"25.82";"27.24";"9733.8";"162.23";"2154.48";"580.03";"41.75";"67.97";"2.53";"648.0";"44.28";"97.76";"1.27";"73.27";"7.82";"0.35";"0.0"
"David  Martins Simão";"David Simão";"2492";"1990-05-15";"LM";"Midfield";"83.44";"43.92";"5";"0";"0.94";"null";"24.74";"24.74";"9592.08";"159.87";"2153.28";"434.15";"33.88";"30.87";"0.27";"465.03";"34.15";"99.18";"1.09";"74.59";"7.1";"0.82";"0.0"
"Frederico André Ferrão Venâncio";"Frederico Venâncio";"3665";"1993-02-04";"LCB";"Central Defender";"92.26";"45.16";"10";"0";"0.75";"null";"27.35";"28.48";"7900.76";"131.68";"1101.63";"329.79";"32.82";"83.97";"4.38";"413.76";"37.2";"82.51";"3.99";"59.66";"7.44";"1.59";"0.0"
"Frederico André Ferrão Venâncio";"Frederico Venâncio";"3665";"1993-02-04";"RCB";"Central Defender";"85.79";"43.38";"7";"0";"0.79";"null";"28.09";"28.66";"8156.11";"135.94";"1228.98";"375.21";"34.97";"92.27";"3.75";"467.49";"38.73";"86.74";"3.36";"65.2";"8.1";"0.79";"0.2"
"Iván Marcano Sierra";"Iván Marcano";"4537";"1987-06-23";"LCB";"Central Defender";"98.05";"50.2";"8";"0";"0.77";"1.59";"29.07";"29.5";"8311.75";"138.53";"1429.69";"568.35";"54.53";"223.52";"10.76";"791.87";"65.29";"98.16";"5.68";"70.37";"11.65";"3.44";"1.2"
"Ivo Tiago dos Santos Rodrigues";"Ivo Rodrigues";"4569";"1995-03-30";"AM";"Midfield";"82.77";"43.71";"5";"0";"0.89";"null";"28.24";"28.24";"9138.38";"152.31";"1728.07";"603.48";"51.62";"146.61";"7.41";"750.09";"59.03";"100.76";"2.47";"72.76";"10.43";"1.1";"0.27"
"João Filipe Iria Santos Moutinho";"João Moutinho";"5071";"1986-09-08";"RDM";"Midfield";"88.16";"49.0";"9";"0";"0.75";"null";"25.68";"26.38";"8676.3";"144.61";"1356.16";"359.07";"31.43";"43.68";"1.09";"402.75";"32.52";"78.24";"1.36";"65.31";"6.53";"0.68";"0.0"
"Jonathan Buatu Mananga";"Jonathan Buatu";"5241";"1993-09-27";"RCB";"Central Defender";"100.01";"52.09";"15";"0";"0.64";"1.34";"27.71";"29.6";"7592.39";"126.54";"1063.75";"372.5";"33.79";"80.94";"3.76";"453.44";"37.55";"89.23";"4.99";"64.2";"9.98";"2.92";"0.92"
"José Miguel da Rocha Fonte";"José Fonte";"5396";"1983-12-22";"CB";"Central Defender";"93.99";"48.08";"22";"0";"0.68";"1.36";"27.65";"29.5";"7675.64";"127.93";"1029.9";"369.34";"35.57";"93.65";"4.76";"462.99";"40.33";"91.78";"4.48";"66.65";"7.43";"2.16";"0.62"
"Gustavo Lucas Domingues Piazón";"L. Piazón";"6367";"1994-01-20";"AM";"Midfield";"93.01";"49.39";"8";"0";"0.66";"null";"27.16";"27.52";"10077.36";"167.96";"2234.59";"864.77";"71.82";"177.36";"9.72";"1042.13";"81.54";"105.69";"3.19";"79.42";"12.3";"2.43";"0.3"
"Marco André Silva Lopes Matias";"Marco Matias";"6785";"1989-05-10";"LW";"Wide Attacker";"76.41";"37.6";"6";"0";"0.7";"null";"29.45";"29.7";"8996.94";"149.95";"1787.37";"806.44";"78.2";"282.73";"15.43";"1089.18";"93.62";"111.98";"7.98";"76.07";"17.29";"4.79";"0.8"
"Hugo Miguel Almeida Costa Lopes";"Miguel Lopes";"7564";"1986-12-19";"CB";"Central Defender";"92.14";"46.52";"7";"0";"0.76";"1.63";"28.76";"29.56";"7405.24";"123.42";"864.26";"288.15";"32.24";"113.31";"5.9";"401.45";"38.14";"85.67";"4.05";"60.25";"7.74";"2.03";"1.29"
"Nélson Miguel Castro Oliveira";"Nélson Oliveira";"7902";"1991-08-08";"CF";"Center Forward";"80.36";"41.13";"18";"0";"0.63";"1.25";"29.15";"30.46";"8418.4";"140.31";"1510.86";"755.11";"74.23";"251.78";"14.51";"1006.89";"88.74";"96.52";"8.67";"66.21";"16.29";"6.48";"2.11"
"Nicolás Hernán Otamendi";"N. Otamendi";"8029";"1988-02-12";"LCB";"Central Defender";"98.15";"53.0";"24";"0";"0.71";"1.57";"28.66";"30.88";"7788.03";"129.8";"1214.03";"416.56";"37.36";"122.6";"5.38";"539.16";"42.74";"85.85";"3.92";"62.74";"7.12";"2.17";"0.47"
"Luís Rafael Soares Alves";"Rafa Soares";"8791";"1995-05-09";"LB";"Full Back";"94.7";"48.8";"22";"0";"0.59";"1.36";"27.87";"29.14";"9024.78";"150.41";"1703.74";"761.42";"65.61";"227.9";"11.79";"989.32";"77.4";"104.11";"5.53";"74.94";"11.68";"3.69";"0.84"
"Ricardo Jorge Luz Horta";"Ricardo Horta";"8983";"1994-09-15";"AM";"Midfield";"91.56";"52.53";"13";"0";"0.71";"1.6";"27.72";"29.68";"9386.36";"156.44";"1852.58";"675.37";"53.86";"143.3";"6.41";"818.67";"60.27";"93.57";"2.02";"70.81";"9.4";"0.88";"0.18"
"Ricardo Jorge Luz Horta";"Ricardo Horta";"8983";"1994-09-15";"LW";"Wide Attacker";"97.78";"51.56";"6";"0";"0.75";"1.5";"28.42";"28.66";"9365.7";"156.1";"1855.18";"797.35";"70.02";"208.5";"11.64";"1005.85";"81.66";"108.61";"5.62";"74.09";"11.83";"4.07";"1.55"
"Ricardo Jorge Luz Horta";"Ricardo Horta";"8983";"1994-09-15";"RF";"Wide Attacker";"96.83";"51.78";"6";"0";"0.78";"null";"27.8";"28.12";"9330.99";"155.52";"1791.5";"608.5";"50.4";"154.88";"6.76";"763.37";"57.16";"91.34";"3.28";"68.75";"9.85";"1.74";"0.0"
"Rodrigo Cunha Pereira de Pinho";"Rodrigo Pinho";"9195";"1991-05-30";"CF";"Center Forward";"80.49";"39.53";"11";"0";"0.7";"1.32";"29.15";"30.42";"8221.12";"137.02";"1393.69";"569.9";"56.71";"178.42";"9.11";"748.32";"65.82";"91.49";"7.18";"70.24";"12.83";"5.38";"1.38"
"Rúben Miguel  Marques dos Santos Fernandes";"Rúben Fernandes";"9336";"1986-05-06";"LCB";"Central Defender";"98.71";"52.14";"28";"0";"0.68";"1.38";"27.73";"29.94";"7768.24";"129.47";"1070.62";"304.61";"28.89";"81.92";"3.12";"386.52";"32.02";"87.47";"3.58";"62.8";"7.07";"1.85";"0.58"
"Rúben Alexandre Rocha Lima";"Rúben Lima";"9341";"1989-10-03";"LCB";"Central Defender";"94.32";"45.67";"18";"0";"0.57";"1.42";"27.03";"28.62";"8218.21";"136.97";"1292.94";"409.47";"38.1";"93.57";"5.47";"503.05";"43.57";"96.64";"5.18";"67.95";"8.83";"2.41";"0.36"
"Salvador José Milhazes Agra";"Salvador Agra";"9466";"1991-11-11";"LW";"Wide Attacker";"97.34";"48.27";"12";"0";"0.66";"1.23";"29.58";"30.26";"8807.12";"146.79";"1520.22";"589.81";"65.67";"242.18";"12.12";"832.0";"77.79";"95.92";"6.53";"68.88";"11.39";"4.45";"1.14"
"Salvador José Milhazes Agra";"Salvador Agra";"9466";"1991-11-11";"RW";"Wide Attacker";"98.22";"51.96";"6";"0";"0.68";"null";"28.52";"28.8";"8884.04";"148.07";"1624.76";"639.17";"60.05";"176.3";"9.62";"815.46";"69.67";"100.47";"5.97";"76.21";"12.7";"4.23";"0.19"
"Salvador José Milhazes Agra";"Salvador Agra";"9466";"1991-11-11";"RWB";"Full Back";"97.16";"48.22";"8";"0";"0.7";"1.37";"30.4";"30.9";"8392.17";"139.87";"1367.61";"616.69";"57.55";"237.03";"11.2";"853.73";"68.75";"93.63";"5.91";"71.86";"10.58";"4.98";"1.87"
"Tiago Rafael Maia da Silva";"Tiago Silva";"10342";"1993-06-02";"RDM";"Midfield";"90.23";"45.04";"12";"0";"0.63";"1.41";"27.26";"28.06";"9441.04";"157.35";"1973.95";"605.11";"50.95";"124.22";"5.22";"729.32";"56.17";"101.91";"3.44";"70.27";"10.1";"1.78";"0.33"
"Tiago Rafael Maia da Silva";"Tiago Silva";"10342";"1993-06-02";"RM";"Midfield";"92.53";"46.98";"10";"0";"0.69";"1.56";"27.52";"29.04";"9276.32";"154.61";"1835.44";"585.33";"48.02";"135.13";"5.62";"720.46";"53.64";"102.17";"3.83";"72.54";"10.35";"1.53";"0.64"
"António Manuel Fernandes Mendes";"Tomané";"10459";"1992-10-23";"CF";"Center Forward";"92.24";"43.75";"17";"0";"0.71";"1.46";"28.96";"31.04";"8565.81";"142.76";"1529.34";"638.78";"63.89";"192.73";"11.05";"831.51";"74.95";"92.86";"5.57";"73.33";"13.07";"3.31";"1.21"
"José Luís Mendes Andrade";"Zé Luís";"11100";"1991-01-24";"CF";"Center Forward";"85.89";"45.65";"13";"0";"0.69";"1.27";"29.02";"30.52";"7946.29";"132.44";"1215.23";"484.72";"48.43";"178.15";"9.0";"662.87";"57.43";"77.75";"5.76";"59.76";"9.3";"4.35";"1.21"
"Marcos Paulo Mesquita Lopes";"Rony Lopes";"11220";"1995-12-28";"RW";"Wide Attacker";"95.1";"43.68";"7";"0";"0.64";"1.35";"28.59";"28.86";"8587.92";"143.13";"1610.84";"648.53";"61.42";"192.11";"11.38";"840.64";"72.8";"105.96";"7.26";"72.8";"12.17";"4.51";"1.96"
"Duplexe Tchamba Bangou";"D. Tchamba";"11234";"1998-07-10";"LCB";"Central Defender";"96.61";"50.0";"19";"0";"0.56";"1.13";"27.92";"29.36";"7898.59";"131.64";"1182.88";"357.92";"33.98";"90.95";"5.18";"448.86";"39.16";"92.27";"4.29";"64.61";"7.52";"2.59";"0.95"
"Miguel Ângelo da Silva Rocha";"Xeka";"11265";"1994-11-10";"RM";"Midfield";"85.28";"44.34";"9";"0";"0.68";"null";"27.42";"28.58";"9497.57";"158.29";"2230.51";"672.19";"54.88";"128.09";"5.11";"800.28";"59.99";"106.74";"2.86";"75.17";"9.77";"1.8";"0.15"
"David Remeseiro Salgueiro";"Jason";"11488";"1994-07-06";"LW";"Wide Attacker";"97.38";"50.13";"8";"0";"0.76";"1.45";"27.59";"28.52";"8406.38";"140.11";"1585.52";"704.56";"65.38";"155.31";"10.17";"859.86";"75.56";"98.75";"6.43";"69.57";"13.17";"4.64";"1.5"
"David Remeseiro Salgueiro";"Jason";"11488";"1994-07-06";"RW";"Wide Attacker";"85.88";"43.78";"12";"0";"0.59";"1.13";"28.35";"29.44";"8617.21";"143.62";"1563.49";"718.54";"65.32";"181.35";"9.59";"899.89";"74.91";"100.72";"6.4";"69.66";"12.79";"4.45";"1.83"
"Jonathan Panzo";"J. Panzo";"12196";"2000-10-25";"LCB";"Central Defender";"96.98";"49.5";"13";"0";"0.61";"1.3";"28.38";"29.42";"8425.24";"140.42";"1288.92";"447.3";"43.36";"128.58";"7.18";"575.88";"50.54";"88.77";"3.73";"64.62";"7.65";"2.05";"0.65"
"Jordi Mboula Queralt";"Jordi Mboula";"12200";"1999-03-16";"RW";"Wide Attacker";"75.94";"44.17";"6";"0";"0.71";"1.36";"27.28";"27.5";"9440.83";"157.35";"2100.0";"849.74";"72.0";"185.43";"9.51";"1035.17";"81.51";"108.68";"6.57";"78.57";"12.91";"5.21";"1.58"
"Zaydou Youssouf";"Z. Youssouf";"12220";"1999-07-11";"RDM";"Midfield";"92.4";"47.92";"6";"0";"0.65";"1.19";"27.57";"28.04";"9366.76";"156.11";"2005.87";"598.92";"53.84";"159.85";"9.39";"758.77";"63.23";"93.91";"4.8";"66.99";"10.43";"3.13";"1.04"
"Marios Vrousai";"M. Vrousai";"12903";"1998-07-02";"RB";"Full Back";"97.37";"51.51";"18";"0";"0.69";"1.33";"28.32";"30.54";"8342.56";"139.04";"1442.76";"590.5";"51.38";"144.31";"8.22";"734.81";"59.6";"96.16";"5.57";"70.41";"11.45";"2.78";"0.78"
"Marios Vrousai";"M. Vrousai";"12903";"1998-07-02";"RWB";"Full Back";"100.22";"52.86";"6";"0";"0.8";"1.62";"28.9";"29.08";"8440.74";"140.68";"1546.29";"618.67";"55.43";"157.41";"7.38";"776.08";"62.81";"94.41";"5.68";"69.62";"12.68";"3.78";"1.14"
"Jovane Eduardo Borges Cabral";"Jovane Cabral";"13285";"1998-06-14";"LF";"Wide Attacker";"83.54";"36.92";"5";"0";"0.71";"1.32";"27.78";"27.78";"8640.06";"144.0";"1768.96";"868.07";"81.25";"221.0";"14.62";"1089.07";"95.87";"112.77";"7.15";"72.8";"18.85";"5.2";"1.95"
"Jérémy Livolant";"J. Livolant";"13330";"1998-01-09";"RF";"Wide Attacker";"89.0";"46.69";"17";"0";"0.64";"1.21";"30.22";"31.5";"9394.62";"156.58";"1775.85";"869.74";"88.74";"388.16";"21.69";"1257.9";"110.44";"101.52";"9.0";"70.22";"18.29";"7.11";"2.72"
"Yanis Begraoui";"Y. Begraoui";"13354";"2001-07-04";"CF";"Center Forward";"75.93";"40.38";"11";"0";"0.62";"1.45";"27.68";"28.48";"9198.38";"153.31";"1897.2";"770.15";"67.68";"136.85";"9.05";"906.99";"76.73";"107.26";"7.84";"77.68";"12.97";"4.46";"0.68"
"Yanis Begraoui";"Y. Begraoui";"13354";"2001-07-04";"RF";"Wide Attacker";"69.1";"38.29";"5";"0";"0.7";"1.74";"27.22";"27.22";"9286.16";"154.77";"2041.02";"731.22";"61.43";"134.77";"6.9";"865.99";"68.33";"115.03";"5.64";"80.55";"11.28";"3.76";"1.25"
"Carlos Alexandre Reis Pinto";"Alex Pinto";"13495";"1998-07-08";"RB";"Full Back";"90.59";"42.9";"9";"0";"0.63";"1.21";"29.7";"30.46";"8819.89";"147.0";"1685.78";"804.51";"71.33";"269.93";"14.3";"1074.44";"85.63";"107.69";"7.77";"72.88";"15.85";"4.97";"2.02"
"Uroš Račić";"U. Račić";"13520";"1998-03-17";"LDM";"Midfield";"79.86";"46.31";"5";"0";"0.82";"1.72";"26.94";"26.94";"9864.24";"164.4";"2225.77";"756.69";"58.05";"114.28";"5.96";"870.98";"64.01";"114.8";"2.59";"80.59";"10.11";"1.04";"0.26"
"Filipe Miguel Neves Ferreira";"Filipe Ferreira";"13601";"1990-09-27";"LB";"Full Back";"87.14";"45.09";"7";"0";"0.61";"1.16";"28.73";"29.0";"8204.7";"136.74";"1353.73";"647.68";"58.17";"180.22";"11.22";"827.9";"69.39";"101.9";"6.27";"73.57";"13.88";"3.8";"1.14"
"Filipe Miguel Neves Ferreira";"Filipe Ferreira";"13601";"1990-09-27";"LCB";"Central Defender";"94.63";"48.55";"14";"0";"0.66";"1.22";"28.04";"29.32";"8314.35";"138.57";"1281.53";"479.32";"44.4";"119.96";"7.06";"599.28";"51.46";"93.22";"5.03";"67.62";"8.47";"3.53";"0.71"
"Paulo André Rodrigues de Oliveira";"Paulo Oliveira";"13976";"1992-01-08";"RCB";"Central Defender";"94.96";"53.43";"14";"0";"0.71";"1.43";"27.83";"28.76";"7985.82";"133.1";"1227.22";"383.97";"34.73";"82.06";"4.17";"466.02";"38.9";"87.83";"3.21";"62.08";"7.62";"1.76";"0.72"
"Pedro António Pereira Gonçalves";"Pedro Gonçalves";"14024";"1998-06-28";"LF";"Wide Attacker";"86.78";"48.01";"6";"0";"0.66";"1.32";"28.98";"29.34";"8717.44";"145.29";"1632.01";"745.91";"71.65";"223.71";"12.08";"969.62";"83.74";"108.94";"5.42";"77.9";"12.91";"3.75";"1.67"
"Viktor Gyökeres";"V. Gyökeres";"14036";"1998-06-04";"CF";"Center Forward";"98.59";"52.19";"29";"0";"0.59";"1.15";"31.93";"33.46";"8249.44";"137.49";"1153.97";"534.59";"64.86";"364.96";"17.05";"899.54";"81.9";"81.94";"5.99";"58.16";"10.19";"4.36";"2.34"
"Tom van De Looi";"T. van de Looi";"14273";"1999-07-02";"RDM";"Midfield";"97.53";"48.67";"12";"0";"0.71";"null";"27.31";"28.6";"9866.41";"164.44";"2251.28";"603.63";"53.21";"113.31";"6.47";"716.94";"59.68";"103.14";"3.6";"76.94";"9.96";"1.44";"0.1"
"Orkun Kökçü";"O. Kökçü";"14400";"2000-12-29";"LDM";"Midfield";"91.14";"51.25";"7";"0";"0.78";"1.59";"29.06";"29.64";"8840.2";"147.34";"1571.79";"492.54";"43.99";"145.0";"5.52";"637.55";"49.51";"88.14";"2.68";"68.24";"7.86";"1.51";"0.33"
"Orkun Kökçü";"O. Kökçü";"14400";"2000-12-29";"LM";"Midfield";"87.71";"47.6";"17";"0";"0.7";"1.37";"27.82";"29.22";"8869.3";"147.82";"1506.01";"515.97";"45.68";"139.11";"6.53";"655.08";"52.21";"87.5";"3.11";"66.67";"8.23";"2.0";"0.89"
"Güven Yalcin";"G. Yalcin";"14914";"1999-01-18";"CF";"Center Forward";"73.55";"37.65";"5";"0";"0.61";"null";"30.16";"30.16";"8773.73";"146.23";"1565.12";"684.56";"71.39";"270.57";"13.7";"955.13";"85.09";"100.07";"5.74";"70.43";"14.66";"4.78";"0.32"
"Francisco António Machado Mota de Castro Trincão";"Francisco Trincão";"16014";"1999-12-29";"CF";"Center Forward";"92.88";"48.11";"5";"0";"0.81";"null";"29.08";"29.08";"8813.44";"146.89";"1673.8";"710.32";"66.84";"231.2";"10.97";"941.53";"77.82";"97.27";"5.24";"72.33";"12.72";"3.74";"0.5"
"Francisco António Machado Mota de Castro Trincão";"Francisco Trincão";"16014";"1999-12-29";"RF";"Wide Attacker";"92.64";"50.31";"15";"0";"0.61";"1.38";"28.75";"29.94";"8890.88";"148.18";"1747.33";"823.18";"76.01";"264.19";"14.71";"1087.37";"90.71";"97.31";"5.49";"71.79";"14.47";"4.45";"1.11"
"Francisco António Machado Mota de Castro Trincão";"Francisco Trincão";"16014";"1999-12-29";"RW";"Wide Attacker";"93.57";"49.04";"8";"0";"0.72";"1.48";"28.89";"29.8";"8888.43";"148.14";"1793.65";"892.24";"79.68";"290.12";"14.68";"1182.36";"94.36";"101.24";"6.73";"69.13";"16.82";"5.2";"1.22"
"Diogo Filipe Costa Rocha";"Rochinha";"16032";"1995-05-03";"LW";"Wide Attacker";"70.82";"37.31";"8";"0";"0.63";"1.26";"28.75";"29.6";"8318.78";"138.65";"1365.86";"655.59";"58.5";"219.74";"9.65";"875.32";"68.15";"93.28";"6.43";"62.32";"12.26";"4.22";"0.8"
"Marcelo dos Santos Ferreira";"Marcelo";"16060";"1989-07-27";"RCB";"Central Defender";"99.05";"50.63";"19";"0";"0.72";"1.44";"27.78";"30.24";"7927.34";"132.12";"1142.3";"380.54";"37.17";"89.63";"4.87";"470.17";"42.04";"88.01";"4.37";"60.75";"8.55";"2.06";"0.37"
"Lucas Henrique Da Silva";"Lucas Áfrico";"16069";"1995-02-05";"LCB";"Central Defender";"100.31";"50.51";"18";"0";"0.67";"1.4";"27.07";"28.38";"7885.18";"131.42";"1148.04";"399.44";"34.84";"78.33";"4.95";"477.77";"39.79";"93.71";"4.16";"68.83";"8.64";"2.44";"0.4"
"Diederrick Joel Tagueu Tadjo";"J. Tagueu";"16085";"1993-12-06";"CF";"Center Forward";"85.8";"40.1";"7";"0";"0.76";"1.7";"27.81";"28.3";"8110.26";"135.17";"1470.78";"613.11";"55.15";"140.24";"7.27";"753.35";"62.42";"90.43";"6.63";"64.99";"14.11";"4.28";"0.43"
"Cláudio Falcão Santos";"Cláudio Falcão";"16102";"1994-07-03";"CB";"Central Defender";"100.63";"48.11";"13";"0";"0.75";"1.38";"28.55";"29.96";"7897.99";"131.63";"1168.82";"382.86";"38.08";"134.5";"6.04";"517.36";"44.13";"89.22";"4.32";"63.99";"7.67";"2.3";"0.86"
"Cláudio Falcão Santos";"Cláudio Falcão";"16102";"1994-07-03";"LM";"Midfield";"99.33";"49.07";"5";"0";"0.78";"null";"28.32";"28.32";"8922.73";"148.71";"1744.49";"542.37";"49.88";"137.92";"7.34";"680.29";"57.22";"102.95";"3.42";"77.52";"9.54";"1.71";"0.0"
"Artur Jorge Marques Amorim";"Artur Jorge";"16135";"1994-08-14";"RCB";"Central Defender";"91.57";"46.08";"8";"0";"0.75";"1.55";"29.31";"30.46";"7901.02";"131.68";"1153.18";"403.98";"39.06";"144.7";"7.81";"548.68";"46.88";"99.12";"5.05";"68.69";"8.3";"3.26";"1.14"
"Ângelo Pelegrinelli Neto";"Neto";"16178";"1991-09-02";"LM";"Midfield";"90.81";"45.44";"12";"0";"0.71";"1.46";"25.94";"26.68";"9674.75";"161.25";"2255.67";"567.36";"50.18";"74.83";"4.51";"642.18";"54.69";"122.47";"3.63";"89.57";"13.97";"1.43";"0.33"
"Matheus Reis de Lima";"Matheus Reis";"16180";"1995-02-18";"LCB";"Central Defender";"81.05";"43.56";"7";"0";"0.71";"1.4";"29.46";"29.9";"8244.82";"137.41";"1178.62";"408.68";"41.12";"184.56";"7.67";"593.24";"48.8";"86.18";"3.54";"58.83";"7.67";"2.16";"0.98"
"Toni Borevković";"T. Borevković";"16181";"1997-06-18";"LCB";"Central Defender";"97.9";"48.05";"6";"0";"0.81";"1.49";"29.77";"30.56";"7865.18";"131.09";"1166.35";"438.94";"43.08";"144.65";"7.28";"583.59";"50.37";"89.7";"5.62";"59.11";"9.16";"3.54";"1.04"
"Toni Borevković";"T. Borevković";"16181";"1997-06-18";"RCB";"Central Defender";"100.0";"50.04";"20";"0";"0.7";"1.29";"29.36";"31.16";"7763.92";"129.4";"1046.42";"357.44";"35.97";"128.9";"6.18";"486.34";"42.15";"79.92";"3.96";"56.42";"6.83";"2.1";"0.84"
"Wenderson Rodrigues do Nascimento Galeno";"Galeno";"16194";"1997-10-22";"LB";"Full Back";"92.97";"49.08";"7";"0";"0.6";"1.2";"31.31";"31.72";"8064.46";"134.41";"1256.35";"585.91";"64.79";"321.34";"16.94";"907.25";"81.73";"86.97";"8.21";"59.73";"11.18";"6.99";"3.32"
"Wenderson Rodrigues do Nascimento Galeno";"Galeno";"16194";"1997-10-22";"LW";"Wide Attacker";"92.96";"47.05";"7";"0";"0.6";"1.12";"31.47";"31.7";"8323.85";"138.73";"1269.23";"618.67";"70.5";"365.99";"17.49";"984.67";"87.99";"90.0";"10.02";"63.58";"14.03";"8.02";"2.37"
"João Sabino  Mendes Neto Saraiva";"João Mendes";"16249";"1994-10-21";"AM";"Midfield";"87.92";"43.51";"8";"0";"0.72";"1.73";"27.54";"28.04";"9939.94";"165.67";"2287.68";"916.07";"72.91";"208.72";"10.34";"1124.8";"83.25";"98.42";"6.03";"67.91";"10.34";"4.65";"0.52"
"Stephen  Antunes Eustáquio";"Stephen Eustáquio";"16256";"1996-12-21";"CB";"Central Defender";"84.61";"43.34";"5";"0";"0.83";"null";"27.56";"27.56";"8909.74";"148.5";"1706.41";"497.28";"44.02";"114.91";"6.09";"612.18";"50.12";"104.94";"4.15";"77.8";"8.86";"1.11";"0.0"
"Stephen  Antunes Eustáquio";"Stephen Eustáquio";"16256";"1996-12-21";"RDM";"Midfield";"85.64";"44.29";"5";"0";"0.77";"null";"25.52";"25.52";"10312.85";"171.88";"3001.49";"824.2";"61.23";"76.68";"3.79";"900.88";"65.03";"111.36";"2.98";"81.55";"11.65";"1.08";"0.0"
"Fredrik Aursnes";"F. Aursnes";"16399";"1995-12-10";"RM";"Midfield";"95.52";"50.88";"13";"0";"0.7";"1.29";"27.59";"28.54";"9986.56";"166.44";"2363.29";"832.76";"72.21";"174.81";"10.25";"1007.56";"82.46";"112.21";"3.08";"85.45";"11.16";"2.27";"0.73"
"Mikel Villanueva Álvarez";"M. Villanueva";"18296";"1993-04-14";"LCB";"Central Defender";"100.79";"50.68";"11";"0";"0.66";"1.41";"28.76";"29.78";"7665.35";"127.76";"1103.32";"376.13";"36.59";"126.78";"6.24";"502.91";"42.83";"82.22";"4.09";"59.08";"7.1";"1.29";"0.43"
"Sikou Niakaté";"S. Niakaté";"18406";"1999-07-10";"LCB";"Central Defender";"97.64";"53.02";"16";"0";"0.74";"1.41";"29.01";"30.7";"7677.12";"127.95";"1159.78";"448.2";"42.51";"155.53";"7.99";"603.72";"50.5";"94.42";"4.31";"66.13";"9.97";"2.05";"0.64"
"João António Antunes Carvalho";"João Carvalho";"18565";"1997-03-09";"LF";"Wide Attacker";"95.8";"49.95";"12";"0";"0.67";"1.46";"27.65";"28.74";"9088.49";"151.47";"2006.92";"737.38";"61.26";"162.07";"8.41";"899.45";"69.67";"108.31";"5.81";"75.08";"14.42";"4.1";"0.8"
"Gil Bastião Dias";"Gil Dias";"18575";"1996-09-28";"RW";"Wide Attacker";"90.32";"46.31";"13";"0";"0.67";"1.33";"30.64";"31.84";"8789.55";"146.49";"1581.97";"778.43";"80.83";"365.99";"18.54";"1144.42";"99.37";"104.26";"7.77";"69.07";"14.95";"5.48";"2.89"
"Arvin Amoakoh Appiah";"A. Appiah";"18577";"2001-01-05";"LB";"Full Back";"93.39";"45.24";"6";"0";"0.68";"1.33";"30.48";"30.86";"7952.01";"132.53";"1242.96";"620.04";"64.77";"362.08";"17.9";"982.12";"82.67";"97.26";"6.41";"66.76";"13.04";"4.2";"2.65"
"Omar Richards";"O. Richards";"18769";"1998-02-15";"LB";"Full Back";"93.93";"48.91";"17";"0";"0.63";"1.25";"28.37";"29.3";"8557.59";"142.63";"1590.52";"668.7";"59.31";"181.98";"10.25";"850.68";"69.56";"103.69";"5.48";"73.6";"12.19";"2.67";"0.87"
"Danny Namaso Loader Edi-Mesumbe";"D. Namaso";"18776";"2000-08-28";"CF";"Center Forward";"75.19";"39.0";"6";"0";"0.7";"1.44";"29.18";"29.34";"9118.46";"151.97";"1587.69";"716.92";"74.1";"261.54";"15.13";"978.46";"89.23";"106.92";"6.92";"73.85";"13.85";"6.15";"2.31"
"Jaume Grau Ciscar";"Jaume Grau";"22091";"1997-05-05";"LDM";"Midfield";"93.42";"48.83";"7";"0";"0.73";"1.25";"27.21";"27.62";"9926.59";"165.44";"2295.33";"813.55";"67.23";"164.99";"9.13";"978.55";"76.35";"106.37";"2.63";"80.21";"10.0";"1.58";"0.35"
"Jaume Grau Ciscar";"Jaume Grau";"22091";"1997-05-05";"LM";"Midfield";"92.86";"48.13";"10";"0";"0.7";"1.6";"27.3";"28.08";"10045.42";"167.42";"2239.43";"811.93";"68.07";"165.68";"9.85";"977.6";"77.91";"107.33";"2.87";"80.16";"9.85";"1.75";"0.37"
"Francisco Reis Ferreira";"Ferro";"22134";"1997-03-26";"RCB";"Central Defender";"90.54";"43.85";"12";"0";"0.76";"1.59";"27.23";"28.66";"7292.01";"121.53";"989.3";"357.78";"33.29";"85.62";"4.22";"443.4";"37.51";"85.28";"4.67";"59.63";"8.32";"2.74";"0.23"
"Florentino Ibrain Morris Luís";"Florentino";"22135";"1999-08-19";"CM";"Midfield";"86.63";"47.46";"6";"0";"0.75";"1.53";"27.1";"27.44";"10182.02";"169.7";"2369.73";"722.49";"60.47";"132.95";"7.37";"855.44";"67.85";"107.46";"3.16";"77.75";"10.32";"1.9";"0.42"
"Florentino Ibrain Morris Luís";"Florentino";"22135";"1999-08-19";"RDM";"Midfield";"89.38";"49.05";"7";"0";"0.73";"1.78";"26.71";"27.4";"10462.19";"174.37";"2702.1";"682.78";"55.05";"120.41";"5.42";"803.18";"60.47";"111.32";"4.37";"83.18";"9.61";"2.45";"0.35"
"Vangelis Pavlidis";"V. Pavlidis";"23453";"1998-11-21";"CF";"Center Forward";"82.06";"45.02";"25";"0";"0.66";"1.36";"28.76";"30.2";"9233.6";"153.89";"1805.7";"835.6";"75.75";"254.39";"13.81";"1089.99";"89.56";"96.38";"5.17";"68.39";"10.77";"2.99";"1.07"
"Róbert Boženík";"R. Boženík";"23484";"1999-11-18";"CF";"Center Forward";"97.25";"49.07";"29";"0";"0.62";"1.31";"29.1";"30.9";"8133.32";"135.56";"1230.61";"573.46";"56.88";"199.77";"10.71";"773.23";"67.59";"83.65";"6.37";"62.61";"11.59";"4.72";"1.56"
"Gaizka Larrazabal Goikoetxea";"Gaizka Larrazabal";"23747";"1997-12-17";"RWB";"Full Back";"88.31";"45.56";"23";"0";"0.61";"1.09";"31.22";"32.9";"8294.04";"138.23";"1461.68";"715.69";"71.12";"351.15";"17.24";"1066.84";"88.36";"102.22";"6.99";"70.84";"14.32";"5.44";"2.35"
"Tomás Franco Tavares";"Tomás Tavares";"23836";"2001-03-07";"RB";"Full Back";"88.95";"46.48";"6";"0";"0.74";"1.45";"28.25";"28.42";"8479.18";"141.32";"1558.69";"678.0";"59.6";"216.89";"11.4";"894.89";"71.01";"110.6";"5.59";"77.68";"15.28";"3.44";"1.08"
"Víctor Gómez Perea";"Víctor Gómez";"24100";"2000-04-01";"RB";"Full Back";"93.7";"51.91";"18";"0";"0.69";"1.38";"28.7";"30.04";"8706.14";"145.1";"1621.16";"692.26";"60.62";"200.42";"10.92";"892.68";"71.54";"98.83";"4.94";"70.19";"12.71";"3.15";"0.71"
"Darío Poveda Romera";"Darío Poveda";"24454";"1997-03-13";"CF";"Center Forward";"77.01";"37.83";"9";"0";"0.75";"1.34";"28.9";"29.4";"7840.62";"130.68";"1203.88";"548.27";"57.98";"209.19";"10.22";"757.47";"68.2";"96.23";"6.7";"76.31";"12.51";"4.58";"1.76"
"Pablo Gozálbez Gilabert";"Pablo Gozálbez";"24585";"2001-04-30";"AM";"Midfield";"79.12";"38.72";"5";"0";"0.78";"1.79";"27.92";"27.92";"9751.24";"162.52";"2215.29";"783.47";"67.87";"194.32";"10.85";"977.79";"78.72";"97.93";"4.96";"74.69";"10.23";"2.79";"0.62"
"José Manuel Fontán Mondragón";"José Fontán";"25832";"2000-02-11";"LCB";"Central Defender";"98.45";"49.22";"29";"0";"0.67";"1.34";"27.82";"30.18";"8032.39";"133.87";"1199.86";"377.56";"34.34";"95.29";"4.79";"472.86";"39.14";"87.69";"3.66";"61.96";"7.15";"1.39";"0.38"
"Maximiliano Javier Araújo Vilches";"M. Araújo";"25973";"2000-02-15";"LB";"Full Back";"96.34";"50.5";"7";"0";"0.6";"1.17";"30.0";"30.54";"8447.81";"140.8";"1521.44";"765.73";"72.99";"308.77";"16.8";"1074.5";"89.8";"95.4";"7.3";"65.69";"12.9";"5.43";"2.38"
"Maximiliano Javier Araújo Vilches";"M. Araújo";"25973";"2000-02-15";"LWB";"Full Back";"87.4";"47.31";"10";"0";"0.61";"1.18";"29.71";"30.84";"8388.92";"139.82";"1536.7";"765.3";"72.42";"258.86";"14.33";"1024.17";"86.75";"99.94";"7.99";"71.79";"13.06";"6.47";"2.66"
"Amadou Danté";"A. Danté";"26143";"2000-10-07";"LB";"Full Back";"90.5";"46.24";"11";"0";"0.7";"1.31";"29.09";"30.16";"8204.54";"136.74";"1438.4";"662.34";"64.88";"256.56";"13.09";"918.9";"77.97";"111.94";"8.14";"74.55";"16.99";"5.19";"1.53"
"Hidemasa Morita";"H. Morita";"26900";"1995-05-10";"RM";"Midfield";"86.9";"48.77";"5";"0";"0.74";"null";"27.18";"27.18";"8917.57";"148.63";"1624.06";"532.74";"47.25";"89.57";"5.66";"622.31";"52.9";"90.55";"1.72";"73.08";"7.87";"0.74";"0.0"
"Diogo Dos Santos Cabral";"Calila";"27238";"1998-10-10";"RWB";"Full Back";"85.16";"42.55";"14";"0";"0.64";"1.29";"29.64";"30.88";"8650.56";"144.18";"1537.58";"805.45";"74.53";"324.32";"16.72";"1129.77";"91.25";"103.04";"8.26";"70.5";"15.21";"6.75";"2.32"
"Tiago Alexandre  Sousa Esgaio";"Tiago Esgaio";"27240";"1995-08-01";"RB";"Full Back";"98.01";"49.87";"21";"0";"0.73";"1.4";"28.37";"29.98";"8672.54";"144.54";"1499.53";"600.26";"55.29";"199.89";"10.77";"800.15";"66.06";"96.77";"4.53";"69.78";"10.6";"2.75";"0.8"
"Tomás Aresta Branco Machado Ribeiro";"Tomás Ribeiro";"27241";"1999-04-30";"LCB";"Central Defender";"88.0";"43.53";"8";"0";"0.76";"null";"28.31";"29.2";"7841.15";"130.69";"1213.73";"437.83";"38.42";"129.57";"5.51";"567.41";"43.94";"94.08";"4.31";"68.75";"9.48";"1.55";"0.17"
"Nilton Varela Lopes";"Nilton Varela";"27242";"2001-05-25";"LB";"Full Back";"89.35";"44.1";"9";"0";"0.65";"1.43";"29.38";"30.82";"8552.93";"142.55";"1474.62";"573.22";"56.23";"184.72";"9.98";"757.94";"66.21";"102.19";"5.74";"75.43";"11.79";"3.02";"0.76"
"Nilton Varela Lopes";"Nilton Varela";"27242";"2001-05-25";"LWB";"Full Back";"95.85";"46.51";"14";"0";"0.62";"1.37";"28.3";"29.74";"8461.22";"141.02";"1539.41";"638.21";"57.04";"171.3";"9.95";"809.51";"66.99";"106.43";"6.27";"76.39";"15.02";"3.96";"0.65"
"Cassiano Dias Moreira";"Cassiano";"27244";"1989-06-16";"CF";"Center Forward";"83.72";"43.03";"23";"0";"0.68";"1.39";"29.8";"31.18";"8059.15";"134.32";"1327.08";"668.78";"67.05";"291.92";"14.19";"960.7";"81.24";"88.46";"6.0";"63.96";"15.22";"4.37";"1.33"
"Miguel Silva Reisinho";"Miguel Reisinho";"27249";"1999-04-09";"CF";"Center Forward";"98.69";"52.54";"5";"0";"0.78";"null";"26.72";"26.72";"9416.68";"156.94";"2160.27";"810.07";"63.95";"137.94";"9.36";"948.02";"73.31";"105.74";"5.48";"81.3";"12.56";"3.43";"0.46"
"Miguel Silva Reisinho";"Miguel Reisinho";"27249";"1999-04-09";"RM";"Midfield";"96.34";"47.79";"8";"0";"0.77";"1.59";"26.5";"26.8";"9358.3";"155.97";"2197.7";"747.06";"60.58";"123.52";"6.28";"870.57";"66.86";"112.69";"4.24";"79.73";"11.93";"2.2";"0.47"
"Riccieli Eduardo da Silva Júnior";"Riccieli";"27264";"1998-09-17";"RCB";"Central Defender";"100.89";"50.44";"5";"0";"0.83";"null";"28.38";"28.38";"7868.0";"131.13";"1114.99";"340.18";"31.4";"109.91";"4.52";"450.09";"35.92";"88.02";"4.52";"65.42";"6.9";"1.43";"0.48"
"Lawrence Ofori";"L. Ofori";"27265";"1998-06-28";"LDM";"Midfield";"92.72";"47.55";"8";"0";"0.61";"1.34";"26.26";"27.1";"9274.11";"154.57";"2063.7";"613.2";"54.73";"96.99";"4.1";"710.19";"58.83";"126.01";"5.68";"92.74";"17.66";"3.79";"0.47"
"Patricio Nehuén Pérez";"N. Pérez";"27266";"2000-06-24";"RCB";"Central Defender";"94.61";"49.27";"17";"0";"0.81";"1.63";"28.01";"29.74";"8127.76";"135.46";"1282.29";"432.75";"37.39";"102.3";"5.73";"535.05";"43.12";"85.25";"3.51";"62.54";"6.09";"1.79";"0.43"
"Patrick William Sá de Oliveira";"Patrick William";"27267";"1997-06-03";"RCB";"Central Defender";"96.98";"50.12";"9";"0";"0.67";"1.41";"28.28";"29.0";"7959.74";"132.66";"1192.68";"474.97";"48.55";"175.84";"9.98";"650.81";"58.52";"93.37";"3.86";"68.77";"7.85";"2.39";"0.67"
"Gustavo Enrique Giordano Assunção Amaro Da Silva";"Gustavo Assunção";"27268";"2000-03-30";"RM";"Midfield";"91.94";"47.96";"9";"0";"0.71";"1.57";"26.32";"26.8";"10042.36";"167.37";"2302.94";"763.48";"59.07";"111.33";"7.09";"874.81";"66.16";"105.63";"2.92";"78.53";"9.59";"1.11";"0.14"
"Leonardo Cordeiro de Lima Silva";"Léo Cordeiro";"27275";"1995-09-27";"LM";"Midfield";"91.17";"43.57";"8";"0";"0.67";"1.29";"27.91";"29.06";"9408.86";"156.81";"2062.18";"677.07";"59.56";"164.58";"7.4";"841.64";"66.97";"113.62";"4.99";"82.29";"12.05";"2.93";"0.86"
"Leonardo Cordeiro de Lima Silva";"Léo Cordeiro";"27275";"1995-09-27";"RM";"Midfield";"95.25";"46.09";"9";"0";"0.6";"1.34";"27.36";"28.36";"9482.74";"158.05";"2167.61";"756.19";"64.66";"147.68";"9.11";"903.87";"73.77";"115.57";"5.06";"80.28";"14.32";"3.33";"0.72"
"Fernando Manuel Ferreira Fonseca";"Fernando Fonseca";"27277";"1997-03-14";"RB";"Full Back";"98.41";"50.41";"7";"0";"0.7";"1.34";"29.63";"30.02";"8672.07";"144.53";"1539.75";"718.95";"69.38";"256.26";"14.28";"975.2";"83.66";"101.52";"5.78";"70.57";"15.98";"3.57";"0.85"
"Fernando Manuel Ferreira Fonseca";"Fernando Fonseca";"27277";"1997-03-14";"RWB";"Full Back";"92.31";"49.09";"8";"0";"0.62";"1.34";"28.88";"29.5";"8902.61";"148.38";"1646.7";"804.33";"74.55";"270.71";"14.36";"1075.04";"88.91";"111.06";"6.72";"81.12";"16.8";"4.89";"1.99"
"Vitor Carvalho Vieira";"Vitor Carvalho";"27278";"1997-05-27";"RDM";"Midfield";"93.7";"51.21";"6";"0";"0.82";"null";"25.43";"25.66";"9663.53";"161.06";"2269.82";"595.57";"49.79";"57.02";"3.12";"652.59";"52.92";"107.01";"3.91";"77.13";"11.91";"1.76";"0.2"
"Vitor Carvalho Vieira";"Vitor Carvalho";"27278";"1997-05-27";"RM";"Midfield";"90.5";"49.95";"7";"0";"0.72";"1.73";"25.16";"25.52";"9586.22";"159.77";"2117.17";"608.95";"45.47";"49.59";"3.09";"658.54";"48.56";"116.51";"3.95";"86.48";"11.5";"2.23";"0.34"
"Nuno Miguel Valente Santos";"Nuno Santos";"27291";"1999-03-02";"LW";"Wide Attacker";"79.36";"41.8";"13";"0";"0.68";"1.31";"29.06";"30.14";"8399.26";"139.99";"1514.92";"637.72";"67.57";"218.39";"10.82";"856.11";"78.39";"103.23";"6.73";"68.9";"15.68";"4.75";"0.99"
"Bernardo Sousa Pereira Brites Martins";"Benny";"27301";"1997-12-04";"LW";"Wide Attacker";"78.32";"43.56";"5";"0";"0.84";"null";"27.72";"27.72";"9179.77";"153.0";"2014.75";"802.82";"66.4";"169.43";"10.19";"972.25";"76.59";"108.0";"6.06";"76.31";"14.6";"3.86";"0.55"
"Pedro Miguel Gaspar Amaral";"Pedro Amaral";"27316";"1997-08-25";"LB";"Full Back";"97.1";"50.39";"8";"0";"0.7";"1.46";"28.95";"29.7";"8323.15";"138.72";"1446.58";"687.94";"63.41";"235.32";"12.2";"923.26";"75.61";"103.59";"5.95";"75.31";"12.2";"4.32";"1.49"
"Pedro Miguel Gaspar Amaral";"Pedro Amaral";"27316";"1997-08-25";"LWB";"Full Back";"97.79";"50.55";"13";"0";"0.64";"1.42";"28.98";"29.98";"8468.09";"141.13";"1640.8";"784.15";"69.85";"254.93";"13.51";"1039.08";"83.36";"106.83";"6.57";"76.06";"13.97";"4.47";"1.28"
"Guilherme Schettine Guimarães";"Guilherme Schettine";"27320";"1995-10-10";"CF";"Center Forward";"83.45";"43.44";"11";"0";"0.63";"1.3";"28.36";"29.64";"8367.35";"139.46";"1358.84";"645.52";"61.02";"203.79";"12.68";"849.3";"73.71";"81.24";"6.03";"63.41";"9.67";"3.89";"1.0"
"Alexander Hartmann Bah";"A. Bah";"27498";"1997-12-09";"RB";"Full Back";"93.65";"52.07";"13";"0";"0.71";"1.31";"29.88";"30.8";"8875.63";"147.93";"1576.71";"779.71";"76.85";"332.5";"17.2";"1112.21";"94.05";"96.0";"5.58";"67.99";"11.7";"3.72";"1.42"
"Vinícius Lopes da Silva";"Vinícius Lopes";"28301";"1999-05-07";"CF";"Center Forward";"84.14";"42.52";"5";"0";"0.67";"1.27";"30.94";"30.94";"8154.68";"135.91";"1279.2";"615.19";"73.65";"338.07";"18.06";"953.26";"91.71";"102.44";"9.88";"73.09";"16.93";"8.47";"2.82"
"Vinícius Lopes da Silva";"Vinícius Lopes";"28301";"1999-05-07";"RF";"Wide Attacker";"77.93";"40.07";"11";"0";"0.61";"1.29";"29.69";"31.08";"8558.78";"142.65";"1492.33";"654.27";"68.61";"249.54";"14.02";"903.81";"82.64";"104.28";"8.17";"75.96";"16.74";"6.13";"2.31"
"Vinícius Lopes da Silva";"Vinícius Lopes";"28301";"1999-05-07";"RW";"Wide Attacker";"82.7";"40.52";"8";"0";"0.66";"1.27";"30.39";"31.06";"8520.06";"142.0";"1479.61";"651.7";"72.19";"298.55";"13.88";"950.25";"86.07";"113.09";"8.51";"76.81";"20.17";"5.74";"1.85"
"Morten Due Hjulmand";"M. Hjulmand";"28776";"1999-06-25";"RM";"Midfield";"91.77";"49.64";"21";"0";"0.78";"1.55";"26.99";"28.9";"8996.46";"149.94";"1657.23";"475.71";"42.82";"95.2";"4.78";"570.91";"47.6";"97.21";"2.71";"69.99";"9.84";"1.32";"0.17"
"Lucas Soares de Almeida";"Lucas Soares";"29173";"1998-05-04";"RWB";"Full Back";"87.05";"43.04";"18";"0";"0.62";"1.14";"29.71";"31.36";"8967.24";"149.45";"1700.09";"826.5";"78.53";"352.07";"18.82";"1178.57";"97.35";"113.61";"9.68";"79.54";"19.13";"7.05";"2.48"
"Jóbson de Brito Gonzaga";"Maracás";"29194";"1994-04-27";"LCB";"Central Defender";"99.77";"51.02";"14";"0";"0.65";"1.26";"28.51";"29.74";"7343.55";"122.39";"1007.6";"340.01";"35.03";"104.74";"5.46";"444.75";"40.49";"90.46";"4.54";"63.33";"9.24";"2.77";"1.34"
"João Diogo Alves Rodrigues";"Kikas";"29224";"1998-09-17";"CF";"Center Forward";"89.14";"42.59";"19";"0";"0.66";"1.22";"29.97";"31.6";"8505.82";"141.76";"1388.93";"627.96";"66.5";"282.18";"14.61";"910.14";"81.11";"93.34";"7.19";"62.57";"16.83";"4.52";"1.56"
"João Diogo Fonseca Ferreira";"João Ferreira";"29231";"2001-03-22";"RCB";"Central Defender";"99.75";"54.01";"9";"0";"0.61";"1.25";"30.19";"31.62";"8324.92";"138.75";"1376.21";"543.7";"55.17";"262.04";"11.97";"805.73";"67.14";"94.55";"5.06";"64.43";"10.49";"3.58";"1.36"
"Ânderson Miguel da Silva";"Nenê";"29234";"1983-07-28";"CF";"Center Forward";"83.32";"44.9";"6";"0";"0.77";"1.97";"27.03";"27.28";"7830.25";"130.5";"1203.49";"459.66";"42.54";"92.87";"6.24";"552.53";"48.77";"82.4";"4.9";"64.81";"11.36";"2.45";"0.22"
"Rodrigo Zalazar Martínez";"Rodrigo Zalazar";"29708";"1999-08-12";"AM";"Midfield";"89.42";"45.92";"6";"0";"0.76";"1.47";"28.62";"28.8";"9303.25";"155.05";"1951.03";"785.94";"70.12";"239.11";"11.54";"1025.06";"81.66";"100.61";"3.7";"69.03";"11.32";"2.61";"0.87"
"Rodrigo Zalazar Martínez";"Rodrigo Zalazar";"29708";"1999-08-12";"RW";"Wide Attacker";"76.96";"43.85";"5";"0";"0.76";"1.79";"28.36";"28.36";"8533.65";"142.23";"1575.58";"618.52";"58.02";"229.34";"10.67";"847.86";"68.69";"97.16";"4.11";"62.4";"13.14";"2.46";"1.09"
"Bright Akwo Arrey-Mbi";"B. Arrey-Mbi";"29796";"2003-03-26";"LCB";"Central Defender";"97.88";"54.81";"9";"0";"0.74";"1.39";"30.48";"31.58";"7281.74";"121.36";"890.0";"309.07";"33.45";"114.21";"4.99";"423.29";"38.44";"83.08";"3.53";"56.32";"8.39";"2.07";"0.61"
"Alejandro Orellana Gómez";"Jandro Orellana";"29802";"2000-08-07";"RM";"Midfield";"75.26";"40.25";"6";"0";"0.75";"1.84";"26.38";"26.8";"9188.46";"153.14";"1711.42";"523.76";"49.69";"73.55";"4.22";"597.31";"53.92";"95.91";"4.47";"74.04";"10.68";"2.73";"1.24"
"Telmo Emanuel Gomes Arcanjo";"Telmo Arcanjo";"30263";"2001-06-21";"RW";"Wide Attacker";"76.93";"40.07";"13";"0";"0.64";"1.34";"29.43";"30.78";"7995.14";"133.25";"1322.96";"556.04";"57.93";"225.5";"9.67";"781.55";"67.61";"98.13";"5.53";"67.14";"11.75";"4.03";"1.27"
"Eduardo Filipe Quaresma Coimbra Simões";"Eduardo Quaresma";"30266";"2002-03-02";"RCB";"Central Defender";"87.85";"47.42";"12";"0";"0.68";"1.42";"28.88";"30.34";"7837.31";"130.62";"1068.16";"374.12";"35.53";"110.61";"5.27";"484.73";"40.81";"79.4";"3.16";"54.73";"6.43";"2.0";"1.05"
"Fabiano Josué de Souza Silva";"Fabiano";"30270";"2000-03-14";"RB";"Full Back";"94.87";"47.11";"5";"0";"0.6";"1.19";"30.22";"30.22";"8181.45";"136.36";"1390.53";"591.98";"63.17";"268.48";"13.76";"860.45";"76.93";"114.12";"7.39";"78.96";"16.3";"5.09";"2.55"
"Fábio Daniel Ferreira Vieira";"Fábio Vieira";"30274";"2000-05-30";"RM";"Midfield";"87.84";"42.81";"9";"0";"0.63";"1.18";"28.32";"29.78";"9176.83";"152.95";"1896.16";"677.74";"56.69";"165.54";"7.94";"843.28";"64.63";"96.86";"3.43";"72.41";"11.52";"1.87";"0.47"
"Fábio Daniel Ferreira Vieira";"Fábio Vieira";"30274";"2000-05-30";"RW";"Wide Attacker";"78.51";"43.05";"7";"0";"0.67";"1.4";"27.63";"28.3";"8980.69";"149.68";"1813.14";"718.92";"60.72";"152.7";"9.36";"871.63";"70.08";"101.54";"3.78";"78.24";"11.75";"2.59";"1.0"
"João Mário Neto Lopes";"João Mário";"30275";"2000-01-03";"RB";"Full Back";"86.27";"46.14";"8";"0";"0.68";"1.37";"29.5";"30.16";"8422.0";"140.37";"1437.37";"690.97";"61.93";"242.19";"11.54";"933.16";"73.47";"95.74";"6.83";"72.98";"12.68";"4.39";"2.28"
"João Mário Neto Lopes";"João Mário";"30275";"2000-01-03";"RWB";"Full Back";"90.92";"46.49";"9";"0";"0.68";"1.24";"28.54";"29.64";"8860.33";"147.67";"1730.02";"739.1";"63.24";"198.18";"11.19";"937.28";"74.43";"103.82";"7.6";"75.14";"14.2";"5.31";"1.72"
"Gonçalo Bernardino Inácio";"Gonçalo Inácio";"30300";"2001-08-25";"LCB";"Central Defender";"98.1";"51.67";"21";"0";"0.69";"1.64";"27.6";"29.84";"7673.19";"127.89";"1054.82";"376.03";"32.79";"90.97";"3.98";"467.0";"36.77";"80.4";"3.65";"58.12";"6.53";"1.82";"0.28"
"Josué Humberto Gonçalves Leal Sá";"Josué Sá";"30937";"1992-06-17";"RCB";"Central Defender";"89.83";"49.53";"15";"0";"0.8";"null";"27.58";"29.28";"8090.77";"134.85";"1204.55";"347.78";"31.9";"77.29";"3.55";"425.07";"35.46";"86.5";"2.83";"63.72";"7.11";"1.7";"0.08"
"Robson Alves de Barros";"Robson Bambu";"30948";"1997-11-12";"LCB";"Central Defender";"87.39";"48.03";"5";"0";"0.73";"null";"27.44";"27.44";"8235.6";"137.26";"1378.39";"477.7";"40.97";"105.43";"6.25";"583.14";"47.22";"96.69";"3.0";"66.21";"10.49";"1.5";"0.5"
"Alisson Pelegrini Safira";"Alisson Safira";"31556";"1995-03-17";"CF";"Center Forward";"81.64";"40.7";"11";"0";"0.67";"1.28";"29.23";"30.0";"7959.11";"132.65";"1038.01";"477.53";"49.99";"163.37";"8.71";"640.9";"58.7";"79.34";"6.17";"56.02";"9.65";"4.29";"1.74"
"Adriano Firmino dos Santos da Silva";"Adriano Firmino";"31598";"1999-11-04";"LM";"Midfield";"92.97";"46.14";"26";"0";"0.69";"1.53";"26.64";"28.8";"9509.84";"158.5";"2054.82";"558.61";"46.51";"90.93";"3.9";"649.53";"50.41";"112.98";"2.95";"87.52";"9.7";"1.2";"0.1"
"Eduardo Gabriel Aquino Cossa";"Pepê";"31658";"1997-02-24";"LW";"Wide Attacker";"79.5";"44.93";"9";"0";"0.64";"1.17";"30.24";"31.62";"8681.55";"144.69";"1536.01";"769.12";"75.23";"337.3";"17.21";"1106.41";"92.45";"96.9";"4.9";"73.6";"12.32";"3.71";"1.78"
"Madson de Souza Silva";"Madson";"31730";"1999-08-26";"RW";"Wide Attacker";"69.33";"36.31";"8";"0";"0.74";"1.39";"29.43";"30.18";"8473.95";"141.23";"1519.78";"711.86";"66.72";"244.79";"13.22";"956.65";"79.94";"104.11";"7.02";"69.62";"15.49";"4.54";"1.86"
"Ulisses Wilson Jeronymo Rocha";"Ulisses";"31815";"1999-09-28";"RCB";"Central Defender";"97.15";"46.97";"22";"0";"0.62";"1.11";"28.76";"31.22";"7971.4";"132.86";"1124.23";"395.68";"37.8";"128.49";"6.5";"524.17";"44.3";"85.87";"5.11";"61.2";"7.72";"3.25";"1.28"
"Daniel dos Santos Penha";"Daniel Penha";"31819";"1998-10-17";"AM";"Midfield";"72.57";"34.84";"6";"0";"0.6";"1.23";"27.98";"28.22";"9865.62";"164.43";"2293.02";"1074.46";"89.28";"252.32";"14.35";"1326.78";"103.63";"120.56";"6.6";"84.4";"16.36";"5.17";"1.44"
"Daniel dos Santos Penha";"Daniel Penha";"31819";"1998-10-17";"RM";"Midfield";"78.84";"38.61";"5";"0";"0.63";"1.25";"28.32";"28.32";"9707.44";"161.79";"2381.56";"925.02";"78.33";"198.31";"12.43";"1123.33";"90.76";"124.95";"6.53";"82.68";"16.78";"4.97";"0.62"
"Lucas Felipe Calegari";"Calegari";"31864";"2002-02-27";"RB";"Full Back";"92.63";"47.58";"14";"0";"0.74";"1.45";"28.71";"30.56";"8619.18";"143.65";"1434.13";"588.26";"53.77";"172.4";"8.92";"760.66";"62.69";"91.24";"5.22";"65.12";"10.81";"2.43";"0.54"
"Cedric Wilfred Teguia";"Cedric Teguia";"31971";"2001-10-01";"RW";"Wide Attacker";"80.92";"44.45";"5";"0";"0.73";"1.62";"26.86";"26.86";"8060.92";"134.35";"1444.86";"578.0";"52.91";"116.09";"7.29";"694.08";"60.2";"96.65";"6.48";"66.41";"15.93";"4.32";"1.62"
"Kévin Boma";"K. Boma";"32102";"2002-11-20";"LCB";"Central Defender";"98.25";"52.57";"7";"0";"0.58";"1.14";"29.71";"30.5";"7940.02";"132.33";"1031.86";"433.84";"46.79";"175.59";"10.27";"609.43";"57.06";"94.07";"4.57";"66.84";"8.8";"3.1";"1.14"
"Kévin Boma";"K. Boma";"32102";"2002-11-20";"RCB";"Central Defender";"94.65";"49.6";"20";"0";"0.57";"1.07";"30.02";"32.34";"8042.41";"134.04";"1191.13";"443.31";"43.73";"154.7";"8.47";"598.01";"52.19";"91.02";"4.72";"66.83";"8.23";"3.14";"0.97"
"Baptiste Roux";"B. Roux";"32444";"1999-11-26";"LCB";"Central Defender";"97.36";"51.48";"14";"0";"0.78";"1.51";"27.98";"29.32";"8109.14";"135.15";"1176.36";"397.34";"35.8";"115.63";"5.99";"512.97";"41.79";"85.08";"3.16";"63.43";"6.91";"1.42";"0.58"
"Vitali Lystsov";"V. Lystsov";"32471";"1995-07-11";"RCB";"Central Defender";"91.51";"45.75";"5";"0";"0.73";"null";"28.7";"28.7";"7347.66";"122.46";"957.83";"349.35";"33.57";"101.24";"4.72";"450.59";"38.29";"81.83";"4.2";"62.95";"6.29";"2.36";"0.0"
"Justin de Haas";"J. de Haas";"32509";"2000-02-01";"LCB";"Central Defender";"98.57";"50.63";"26";"0";"0.64";"1.31";"28.27";"30.22";"8386.74";"139.78";"1357.76";"459.97";"41.48";"129.09";"6.79";"589.06";"48.27";"92.44";"4.42";"67.1";"7.07";"2.1";"0.59"
"Gabriel Silva Vieira";"Gabriel Silva";"32837";"2002-03-22";"CF";"Center Forward";"94.7";"46.91";"6";"0";"0.64";"1.25";"31.12";"31.56";"8413.93";"140.23";"1270.84";"686.79";"75.03";"326.56";"17.69";"1013.35";"92.72";"92.08";"7.46";"63.73";"15.56";"6.39";"3.2"
"Gabriel Silva Vieira";"Gabriel Silva";"32837";"2002-03-22";"LF";"Wide Attacker";"93.17";"45.94";"14";"0";"0.63";"1.18";"32.07";"33.32";"8356.03";"139.27";"1363.42";"681.24";"78.09";"398.65";"20.53";"1079.9";"98.61";"91.43";"7.84";"63.72";"14.93";"6.16";"3.45"
"Gabriel Silva Vieira";"Gabriel Silva";"32837";"2002-03-22";"LW";"Wide Attacker";"91.38";"44.68";"9";"0";"0.65";"1.13";"32.13";"32.98";"8358.22";"139.3";"1328.61";"698.55";"82.36";"484.6";"22.83";"1183.14";"105.18";"95.34";"7.16";"65.65";"14.62";"5.67";"2.98"
"Weverson Moreira da Costa";"Weverson";"32906";"2000-07-05";"LB";"Full Back";"94.7";"47.13";"20";"0";"0.61";"1.25";"29.89";"31.06";"8916.49";"148.61";"1639.22";"818.69";"76.51";"337.61";"17.5";"1156.29";"94.01";"109.16";"7.77";"75.17";"15.09";"6.3";"2.29"
"Paulo Henrique Pereira da Silva";"Paulinho Bóia";"32918";"1998-06-26";"LW";"Wide Attacker";"85.69";"41.36";"8";"0";"0.59";"1.19";"30.25";"30.82";"8328.8";"138.81";"1522.65";"771.57";"78.15";"308.08";"16.32";"1079.66";"94.47";"97.92";"8.89";"67.09";"14.51";"6.17";"2.9"
"Otávio Ataide da Silva";"Otávio";"32974";"2002-04-21";"LCB";"Central Defender";"100.0";"50.77";"17";"0";"0.58";"1.1";"30.59";"32.68";"8318.67";"138.64";"1464.37";"597.64";"57.35";"241.71";"11.26";"839.35";"68.61";"99.34";"5.28";"72.92";"9.8";"3.13";"0.97"
"Christian Kendji Wagatsuma Ferreira";"Kazu";"33009";"2000-03-18";"LB";"Full Back";"87.93";"48.02";"5";"0";"0.77";"1.5";"28.34";"28.34";"8049.4";"134.16";"1245.98";"557.02";"54.73";"193.67";"8.5";"750.69";"63.22";"95.96";"6.5";"67.22";"12.24";"4.0";"1.0"
"Pedro Miguel Dinis Ferreira";"Pedro Ferreira";"33028";"1998-01-05";"RM";"Midfield";"87.54";"43.13";"18";"0";"0.67";"1.24";"28.6";"30.12";"9916.32";"165.27";"2134.19";"734.61";"69.16";"229.75";"11.98";"964.35";"81.14";"111.13";"3.55";"76.74";"12.67";"2.24";"0.77"
"Simon Elisor";"S. Elisor";"33154";"1999-07-22";"CF";"Center Forward";"83.16";"39.75";"6";"0";"0.7";"1.48";"28.6";"28.96";"9137.86";"152.3";"1650.06";"836.98";"81.51";"239.75";"14.84";"1076.73";"96.35";"108.18";"7.04";"75.47";"15.85";"5.28";"2.01"
"Francisco Sampaio Moura";"Francisco Moura";"33624";"1999-08-16";"LB";"Full Back";"94.72";"50.14";"16";"0";"0.62";"1.13";"31.53";"32.6";"8854.2";"147.57";"1525.78";"790.23";"81.15";"477.16";"21.84";"1267.39";"102.99";"99.32";"8.68";"69.78";"16.53";"6.36";"3.44"
"Francisco Sampaio Moura";"Francisco Moura";"33624";"1999-08-16";"LWB";"Full Back";"91.54";"46.56";"12";"0";"0.64";"1.25";"30.85";"32.04";"8804.65";"146.74";"1681.55";"895.44";"87.85";"415.29";"20.83";"1310.72";"108.68";"109.86";"9.13";"76.14";"19.01";"7.3";"3.87"
"Cristian David Castro Devenish";"C. Devenish";"33626";"2001-01-25";"LCB";"Central Defender";"95.49";"52.35";"6";"0";"0.66";"1.35";"28.9";"29.4";"7409.75";"123.5";"976.94";"330.1";"36.11";"123.41";"7.07";"453.51";"43.17";"85.58";"4.58";"63.8";"7.83";"3.06";"1.34"
"Cristian David Castro Devenish";"C. Devenish";"33626";"2001-01-25";"RCB";"Central Defender";"98.28";"49.57";"16";"0";"0.63";"1.23";"29.5";"31.64";"7300.15";"121.67";"902.67";"353.79";"34.72";"129.2";"6.43";"482.99";"41.15";"80.86";"4.24";"59.53";"7.26";"2.34";"0.91"
"Sebastián Pérez Cardona";"S. Pérez";"33629";"1993-03-29";"RDM";"Midfield";"97.56";"47.71";"6";"0";"0.93";"null";"26.75";"26.96";"9621.45";"160.36";"2144.57";"613.06";"51.56";"123.66";"5.03";"736.73";"56.59";"111.92";"3.14";"83.63";"11.11";"0.42";"0.0"
"Sebastián Pérez Cardona";"S. Pérez";"33629";"1993-03-29";"RM";"Midfield";"93.1";"48.09";"8";"0";"0.82";"null";"27.07";"27.54";"9680.16";"161.34";"2143.0";"631.42";"52.09";"117.74";"5.46";"749.16";"57.54";"106.51";"2.03";"82.34";"10.76";"0.47";"0.0"
"Amine Mehdi Oudrhiri Idrissi";"A. Oudrhiri";"33632";"1992-11-04";"RM";"Midfield";"82.11";"41.8";"7";"0";"0.7";"null";"25.86";"26.38";"9287.08";"154.78";"2385.24";"622.97";"49.83";"39.58";"1.64";"662.54";"51.47";"112.99";"3.9";"85.92";"10.87";"1.85";"0.21"
"Kanya Fujimoto";"K. Fujimoto";"33650";"1999-07-01";"AM";"Midfield";"80.42";"43.57";"9";"0";"0.73";"null";"26.56";"27.42";"9849.97";"164.17";"2033.8";"646.31";"54.01";"102.98";"5.81";"749.29";"59.83";"91.96";"2.75";"69.16";"10.71";"1.84";"0.15"
"Kanya Fujimoto";"K. Fujimoto";"33650";"1999-07-01";"RM";"Midfield";"84.12";"45.25";"9";"0";"0.71";"1.68";"26.33";"26.72";"9983.53";"166.39";"2134.57";"734.41";"59.81";"100.92";"6.92";"835.32";"66.74";"96.5";"3.54";"73.81";"9.58";"2.06";"0.15"
"Daniel Santos Bragança";"Daniel Bragança";"33655";"1999-05-27";"LM";"Midfield";"91.68";"49.87";"8";"0";"0.73";"1.8";"27.2";"27.82";"9502.3";"158.37";"2015.51";"740.81";"60.46";"135.05";"6.92";"875.86";"67.37";"106.02";"3.16";"75.65";"9.62";"1.96";"0.0"
"Tiago Fontoura Fonseca Morais";"Tiago Morais";"33674";"2003-09-03";"LW";"Wide Attacker";"74.91";"37.95";"6";"0";"0.71";"1.45";"28.52";"28.64";"8305.58";"138.43";"1372.76";"646.33";"61.92";"194.19";"11.59";"840.52";"73.51";"88.27";"3.69";"65.34";"11.07";"2.63";"1.05"
"Muhammed Kerem Aktürkoğlu";"K. Aktürkoğlu";"33926";"1998-10-21";"LF";"Wide Attacker";"76.78";"42.73";"8";"0";"0.66";"1.2";"30.01";"30.88";"8563.69";"142.73";"1482.16";"675.18";"71.78";"282.92";"15.09";"958.09";"86.88";"87.58";"7.02";"65.29";"11.41";"5.27";"2.63"
"Muhammed Kerem Aktürkoğlu";"K. Aktürkoğlu";"33926";"1998-10-21";"LW";"Wide Attacker";"80.17";"43.13";"11";"0";"0.7";"1.37";"29.75";"30.92";"8780.4";"146.34";"1560.16";"815.81";"77.39";"333.73";"16.95";"1149.54";"94.34";"95.98";"6.58";"67.78";"11.89";"4.81";"2.02"
"José Carlos Teixeira Lopes Reis Gonçalves";"Zé Carlos";"34125";"1998-07-31";"RB";"Full Back";"95.38";"50.58";"27";"0";"0.59";"1.14";"28.9";"30.3";"8333.71";"138.9";"1386.05";"601.6";"57.55";"206.17";"11.2";"807.78";"68.75";"101.57";"6.15";"70.25";"14.94";"4.22";"1.23"
"Francisco José Navarro Aliaga";"Fran Navarro";"34144";"1998-02-03";"CF";"Center Forward";"77.46";"42.97";"8";"0";"0.67";"1.38";"28.38";"28.78";"9250.14";"154.17";"1864.06";"921.12";"89.02";"264.97";"17.28";"1186.09";"106.3";"102.11";"6.28";"73.14";"16.93";"4.71";"1.22"
"Rodrigo Abascal Barros";"R. Abascal";"34299";"1994-01-14";"CB";"Central Defender";"100.79";"49.3";"8";"0";"0.69";"1.53";"28.91";"30.24";"7865.11";"131.09";"1113.74";"389.3";"36.66";"149.85";"7.0";"539.15";"43.66";"80.63";"3.96";"57.05";"6.54";"2.28";"1.22"
"Rodrigo Abascal Barros";"R. Abascal";"34299";"1994-01-14";"RCB";"Central Defender";"98.67";"49.84";"19";"0";"0.66";"1.65";"28.13";"29.76";"7981.34";"133.02";"1154.09";"389.53";"36.11";"108.34";"5.26";"497.88";"41.37";"83.89";"3.17";"60.76";"6.84";"1.01";"0.25"
"Óscar Aranda Subiela";"Óscar Aranda";"34573";"2002-04-29";"CF";"Center Forward";"84.65";"44.09";"13";"0";"0.69";"null";"28.1";"29.62";"8499.53";"141.66";"1483.47";"548.16";"47.11";"140.18";"6.07";"688.34";"53.18";"86.58";"4.08";"64.38";"8.79";"1.88";"0.1"
"Óscar Aranda Subiela";"Óscar Aranda";"34573";"2002-04-29";"LW";"Wide Attacker";"81.72";"42.01";"18";"0";"0.69";"1.28";"28.19";"30.36";"7921.33";"132.02";"1298.91";"481.89";"47.84";"136.3";"6.58";"618.19";"54.43";"88.46";"4.76";"61.01";"10.31";"2.54";"0.24"
"Jordan Holsgrove";"J. Holsgrove";"35621";"1999-09-10";"LM";"Midfield";"97.64";"50.95";"19";"0";"0.65";"1.54";"26.38";"28.08";"9845.24";"164.09";"2156.02";"553.8";"45.18";"73.7";"3.53";"627.5";"48.72";"108.59";"2.67";"82.25";"8.74";"1.67";"0.19"
"Jordan Holsgrove";"J. Holsgrove";"35621";"1999-09-10";"RM";"Midfield";"91.75";"48.42";"5";"0";"0.79";"null";"26.44";"26.44";"9781.59";"163.03";"2130.26";"500.41";"42.13";"96.91";"4.21";"597.31";"46.35";"111.04";"2.73";"84.27";"6.94";"1.24";"0.0"
"Luís André Leite Esteves";"Luís Esteves";"35639";"1998-04-09";"LDM";"Midfield";"97.78";"47.3";"8";"0";"0.65";"1.43";"27.59";"27.9";"9833.79";"163.9";"2285.56";"818.57";"70.41";"194.41";"10.47";"1012.99";"80.87";"106.25";"3.81";"79.92";"10.31";"2.06";"0.79"
"Luís André Leite Esteves";"Luís Esteves";"35639";"1998-04-09";"LM";"Midfield";"95.24";"47.86";"8";"0";"0.69";"1.56";"28.0";"28.74";"9975.88";"166.26";"2309.53";"873.63";"76.79";"221.27";"13.01";"1094.9";"89.79";"115.02";"4.54";"85.4";"11.44";"3.13";"0.47"
"Luís André Leite Esteves";"Luís Esteves";"35639";"1998-04-09";"RM";"Midfield";"91.09";"43.75";"5";"0";"0.82";"null";"27.86";"27.86";"10258.83";"170.98";"2477.35";"941.62";"74.88";"193.1";"10.15";"1134.72";"85.03";"105.6";"4.66";"79.27";"10.42";"3.84";"0.27"
"Henrique  Pereira Araújo";"Henrique Araújo";"35949";"2002-01-19";"CF";"Center Forward";"75.58";"37.04";"10";"0";"0.7";"1.33";"29.47";"30.58";"9377.33";"156.29";"1841.87";"945.96";"92.0";"357.49";"21.22";"1303.45";"113.22";"105.61";"6.8";"69.98";"15.06";"5.35";"1.3"
"Rafael Alexandre Sousa Gancho Brito";"Rafael Brito";"35955";"2002-01-19";"LM";"Midfield";"80.47";"42.72";"8";"0";"0.86";"null";"27.62";"28.5";"9671.92";"161.2";"2141.36";"599.85";"50.56";"158.35";"5.09";"758.2";"55.65";"116.57";"1.76";"79.88";"8.08";"0.35";"0.0"
"Ilija Vukotić";"I. Vukotić";"35958";"1999-01-07";"LM";"Midfield";"91.13";"46.18";"11";"0";"0.83";"null";"26.28";"27.7";"9586.81";"159.78";"1911.74";"546.41";"43.82";"77.01";"2.13";"623.43";"45.95";"91.19";"1.77";"69.34";"7.21";"0.59";"0.12"
"Ilija Vukotić";"I. Vukotić";"35958";"1999-01-07";"RM";"Midfield";"88.4";"45.19";"5";"0";"null";"null";"26.88";"26.88";"9689.84";"161.5";"2097.65";"735.77";"54.43";"143.65";"6.11";"879.42";"60.54";"94.79";"1.33";"71.43";"9.56";"0.0";"0.0"
"Tomás Lemos Araújo";"Tomás Araújo";"35960";"2002-05-16";"RB";"Full Back";"84.39";"45.04";"10";"0";"0.64";"1.26";"29.98";"31.66";"8210.78";"136.85";"1286.95";"606.17";"54.49";"204.1";"10.52";"810.27";"65.01";"88.86";"6.39";"63.81";"12.39";"4.0";"0.93"
"Tomás Lemos Araújo";"Tomás Araújo";"35960";"2002-05-16";"RCB";"Central Defender";"97.12";"53.99";"14";"0";"0.66";"1.21";"30.9";"33.14";"7746.71";"129.11";"1099.37";"408.19";"41.36";"161.54";"7.38";"569.73";"48.74";"79.94";"4.45";"59.46";"7.38";"2.62";"1.35"
"Christian Neiva Afonso";"Kiki";"35984";"1994-12-10";"LB";"Full Back";"88.29";"46.99";"8";"0";"0.67";"1.43";"28.8";"29.48";"8195.97";"136.6";"1363.87";"538.84";"48.84";"180.84";"9.26";"719.68";"58.1";"90.66";"4.95";"63.05";"10.85";"3.35";"1.76"
"Christian Neiva Afonso";"Kiki";"35984";"1994-12-10";"LWB";"Full Back";"82.63";"44.33";"7";"0";"0.74";"1.22";"29.24";"29.68";"8590.0";"143.17";"1424.42";"642.31";"59.75";"211.91";"10.83";"854.22";"70.57";"104.41";"5.61";"72.7";"14.69";"4.06";"1.93"
"Fábio Samuel Amorim da Silva";"Samu";"35985";"1996-04-21";"AM";"Midfield";"74.52";"38.12";"6";"0";"0.64";"1.41";"27.58";"27.8";"10221.56";"170.36";"2480.62";"964.86";"85.26";"195.18";"11.8";"1160.04";"97.06";"108.87";"6.56";"76.34";"13.9";"5.25";"0.26"
"Fábio Samuel Amorim da Silva";"Samu";"35985";"1996-04-21";"CF";"Center Forward";"84.1";"45.19";"8";"0";"0.7";"1.6";"27.79";"28.44";"9957.72";"165.96";"2248.2";"899.54";"79.17";"213.93";"12.12";"1113.48";"91.28";"107.05";"6.47";"79.0";"12.45";"5.31";"0.66"
"Francisco Miguel Ribeiro Tomé Tavares Bondoso";"Kiko Bondoso";"35996";"1995-11-17";"LW";"Wide Attacker";"80.8";"45.0";"9";"0";"0.67";"1.32";"28.36";"28.96";"8241.1";"137.35";"1431.14";"637.13";"60.44";"164.13";"9.18";"801.27";"69.62";"101.32";"5.78";"70.96";"13.63";"4.59";"1.63"
"Francisco Miguel Ribeiro Tomé Tavares Bondoso";"Kiko Bondoso";"35996";"1995-11-17";"RF";"Wide Attacker";"79.79";"42.48";"5";"0";"0.63";"1.62";"27.58";"27.58";"8301.89";"138.36";"1509.77";"587.81";"55.36";"120.05";"7.34";"707.85";"62.71";"103.38";"6.21";"73.44";"14.97";"4.24";"0.56"
"Francisco Miguel Ribeiro Tomé Tavares Bondoso";"Kiko Bondoso";"35996";"1995-11-17";"RW";"Wide Attacker";"92.21";"47.08";"5";"0";"0.66";"1.94";"28.72";"28.72";"8156.33";"135.94";"1389.89";"623.19";"64.49";"188.62";"11.21";"811.81";"75.7";"105.01";"7.9";"68.56";"15.04";"5.86";"1.02"
"Alan Gonzalo Varela";"A. Varela";"36637";"2001-07-04";"DM";"Midfield";"94.96";"47.8";"5";"0";"0.76";"1.42";"26.84";"26.84";"9700.92";"161.68";"2152.72";"718.24";"55.48";"114.98";"5.52";"833.22";"61.0";"101.67";"3.51";"79.58";"9.79";"2.51";"0.75"
"Alan Gonzalo Varela";"A. Varela";"36637";"2001-07-04";"LM";"Midfield";"95.54";"47.83";"6";"0";"0.76";"1.71";"26.47";"26.76";"9748.94";"162.48";"2289.88";"687.26";"54.78";"91.37";"5.23";"778.63";"60.01";"106.01";"2.72";"81.54";"9.2";"1.46";"0.63"
"Alan Gonzalo Varela";"A. Varela";"36637";"2001-07-04";"RDM";"Midfield";"88.97";"47.79";"6";"0";"0.79";"null";"26.18";"26.3";"9690.6";"161.51";"2205.41";"691.54";"53.98";"102.95";"6.28";"794.49";"60.26";"109.01";"3.14";"80.35";"10.46";"1.67";"0.21"
"Facundo Agustín Cáseres";"F. Cáseres";"36834";"2001-05-28";"LDM";"Midfield";"86.75";"45.71";"6";"0";"0.74";"null";"26.48";"26.8";"9755.05";"162.58";"2261.65";"633.84";"52.29";"92.77";"5.25";"726.61";"57.54";"113.77";"1.97";"80.3";"11.6";"0.88";"0.0"
"Facundo Agustín Cáseres";"F. Cáseres";"36834";"2001-05-28";"LM";"Midfield";"89.58";"49.28";"6";"0";"0.9";"null";"25.87";"26.12";"9825.03";"163.75";"2301.39";"614.41";"51.13";"79.74";"4.26";"694.15";"55.39";"115.25";"3.65";"85.02";"12.99";"2.03";"0.0"
"Leonel Bucca";"L. Bucca";"36899";"1999-03-20";"RF";"Wide Attacker";"74.74";"35.34";"5";"0";"0.89";"null";"28.78";"28.78";"9098.65";"151.64";"1780.81";"726.72";"63.84";"193.91";"9.85";"920.63";"73.69";"109.35";"7.13";"78.11";"16.64";"4.41";"0.68"
"Issiar Dramé";"I. Dramé";"37712";"1999-02-16";"CB";"Central Defender";"96.14";"46.64";"10";"0";"0.66";"1.32";"28.44";"29.74";"7779.16";"129.65";"1102.87";"441.77";"43.1";"140.74";"8.49";"582.5";"51.59";"89.28";"4.5";"65.09";"6.56";"2.83";"0.9"
"Issiar Dramé";"I. Dramé";"37712";"1999-02-16";"LCB";"Central Defender";"97.03";"43.63";"6";"0";"0.77";"null";"27.65";"28.0";"7773.22";"129.55";"1171.89";"449.23";"41.26";"132.71";"7.79";"581.93";"49.05";"91.91";"4.58";"63.95";"8.48";"2.75";"0.46"
"Pablo Felipe Pereira de Jesus";"Pablo Felipe";"37805";"2004-01-02";"CF";"Center Forward";"78.34";"43.17";"6";"0";"0.79";"1.7";"29.27";"29.5";"9014.48";"150.24";"1647.0";"785.97";"73.89";"290.02";"15.29";"1075.99";"89.18";"101.23";"5.56";"71.81";"13.9";"2.78";"1.39"
"Alfonso Trezza Hernández";"A. Trezza";"38128";"1999-06-22";"AM";"Midfield";"100.0";"46.07";"5";"0";"0.69";"1.41";"31.2";"31.2";"9324.94";"155.42";"1776.69";"831.95";"84.13";"363.62";"18.75";"1195.57";"102.89";"100.8";"5.73";"72.15";"14.07";"4.17";"1.56"
"Alfonso Trezza Hernández";"A. Trezza";"38128";"1999-06-22";"CF";"Center Forward";"83.47";"44.7";"6";"0";"0.68";"1.19";"31.68";"31.92";"8917.78";"148.63";"1474.14";"855.76";"94.64";"497.57";"27.29";"1353.33";"121.93";"94.41";"6.49";"66.0";"15.44";"5.37";"3.13"
"Alfonso Trezza Hernández";"A. Trezza";"38128";"1999-06-22";"RW";"Wide Attacker";"83.95";"41.94";"15";"0";"0.63";"1.32";"30.7";"31.42";"9224.9";"153.75";"1745.73";"957.04";"96.33";"463.83";"23.56";"1420.87";"119.89";"106.54";"7.34";"72.2";"15.55";"5.63";"1.91"
"Jesús Andrés Ramírez Díaz";"J. Ramírez";"38998";"1998-05-04";"CF";"Center Forward";"71.6";"36.41";"6";"0";"0.6";"1.18";"30.92";"31.36";"8920.9";"148.68";"1508.88";"700.34";"74.15";"286.18";"15.38";"986.51";"89.53";"98.6";"8.51";"70.03";"12.91";"6.32";"2.75"
"Sidnei Wilson Vieira David Tavares";"Sidnei Tavares";"40021";"2001-09-29";"RDM";"Midfield";"77.17";"38.7";"5";"0";"0.69";"1.37";"29.98";"29.98";"9732.81";"162.21";"1992.39";"891.09";"80.3";"310.36";"14.57";"1201.45";"94.88";"118.13";"5.27";"79.68";"11.47";"4.34";"0.93"
"Cauê Vinicius dos Santos";"Cauê";"40474";"2002-11-16";"CF";"Center Forward";"74.43";"39.69";"7";"0";"0.64";"1.2";"29.3";"29.78";"8474.44";"141.24";"1390.2";"607.74";"65.01";"223.74";"12.74";"831.48";"77.75";"96.54";"6.48";"71.92";"12.74";"3.89";"2.16"
"Alejandro Josè Marqués Méndez";"Alejandro Marqués";"40591";"2000-08-04";"CF";"Center Forward";"86.93";"46.38";"15";"0";"0.67";"1.29";"28.38";"29.56";"8159.1";"135.99";"1372.67";"591.76";"57.87";"185.27";"10.35";"777.03";"68.22";"102.29";"6.3";"71.85";"13.8";"4.05";"1.21"
"Félix Alexandre Andrade Sanches Correia";"Félix Correia";"41211";"2001-01-22";"LF";"Wide Attacker";"99.07";"52.33";"8";"0";"0.6";"1.31";"29.68";"30.3";"8396.7";"139.95";"1502.26";"757.72";"72.23";"286.64";"15.48";"1044.36";"87.71";"103.19";"7.74";"70.08";"16.77";"5.59";"2.15"
"Félix Alexandre Andrade Sanches Correia";"Félix Correia";"41211";"2001-01-22";"LW";"Wide Attacker";"97.12";"52.23";"14";"0";"0.63";"1.3";"29.11";"30.82";"8322.51";"138.71";"1550.54";"722.46";"73.53";"260.21";"14.11";"982.68";"87.64";"104.71";"9.44";"70.98";"18.38";"6.73";"2.63"
"Félix Alexandre Andrade Sanches Correia";"Félix Correia";"41211";"2001-01-22";"RW";"Wide Attacker";"96.28";"52.02";"6";"0";"0.64";"1.38";"28.88";"29.3";"8207.95";"136.8";"1439.92";"679.97";"70.36";"242.81";"12.11";"922.78";"82.47";"107.85";"10.96";"70.94";"18.65";"7.11";"1.54"
"Marco Moreno Ojeda";"Marco Moreno";"41333";"2001-02-20";"RCB";"Central Defender";"97.39";"46.85";"19";"0";"0.7";"1.3";"27.83";"29.88";"8024.86";"133.75";"1233.75";"403.03";"35.32";"96.59";"5.59";"499.62";"40.92";"93.43";"4.52";"68.82";"7.62";"2.02";"0.47"
"Santiago García González ";"Santi García";"42452";"2001-08-29";"LM";"Midfield";"85.83";"45.96";"10";"0";"0.81";"1.84";"26.79";"27.74";"9716.32";"161.94";"1900.13";"581.46";"50.13";"97.26";"4.83";"678.72";"54.96";"104.7";"2.61";"75.72";"8.09";"1.17";"0.26"
"Martim Carvalho Neto";"Martim Neto";"42463";"2003-01-14";"LM";"Midfield";"83.1";"42.53";"7";"0";"0.84";"null";"26.03";"26.7";"10259.89";"171.0";"2745.5";"756.56";"61.87";"112.46";"5.44";"869.01";"67.31";"122.94";"2.42";"91.9";"10.28";"1.21";"0.0"
"Ismael Gharbi ";"Ismael Gharbi";"42650";"2004-04-10";"LW";"Wide Attacker";"74.09";"45.01";"8";"0";"0.63";"1.34";"29.29";"30.26";"8616.74";"143.61";"1576.87";"824.68";"79.49";"275.78";"15.5";"1100.46";"94.98";"100.15";"8.0";"68.32";"17.83";"6.17";"2.33"
"Ruben Kluivert";"R. Kluivert";"42861";"2001-05-21";"CB";"Central Defender";"98.9";"49.94";"8";"0";"0.65";"1.1";"31.45";"32.34";"7307.83";"121.8";"885.28";"307.11";"35.74";"152.58";"8.56";"459.69";"44.3";"80.19";"4.66";"56.47";"7.06";"3.3";"1.05"
"Luiz Eduardo Teodora da Silva";"Dudu Teodora";"43279";"1999-08-10";"RW";"Wide Attacker";"79.46";"40.27";"8";"0";"0.62";"1.15";"30.38";"31.66";"8308.24";"138.47";"1521.17";"723.24";"73.94";"287.02";"13.97";"1010.26";"87.91";"106.91";"8.01";"70.22";"16.02";"5.77";"1.86"
"Zeno Debast";"Z. Debast";"43304";"2003-10-24";"LM";"Midfield";"89.7";"47.83";"9";"0";"0.66";"1.36";"27.28";"28.1";"8856.86";"147.61";"1415.19";"442.65";"40.0";"94.91";"4.74";"537.56";"44.74";"79.16";"2.65";"63.0";"8.5";"1.11";"0.28"
"Zeno Debast";"Z. Debast";"43304";"2003-10-24";"RCB";"Central Defender";"91.34";"49.43";"8";"0";"0.71";"1.25";"28.62";"29.6";"7942.97";"132.38";"1067.19";"405.39";"37.78";"125.93";"6.52";"531.32";"44.3";"79.05";"3.94";"54.16";"7.28";"1.82";"0.46"
"Telasco José Segovia Pérez";"T. Segovia";"44469";"2003-04-02";"RM";"Midfield";"85.18";"44.56";"6";"0";"0.83";"null";"27.37";"27.64";"9688.2";"161.47";"2188.14";"730.5";"58.35";"149.02";"6.96";"879.52";"65.31";"99.64";"2.24";"74.96";"8.3";"1.12";"0.22"
"Leonardo Rodrigues dos Santos";"Léo Santos";"46857";"1998-12-09";"RCB";"Central Defender";"99.98";"48.19";"5";"0";"0.64";"null";"29.66";"29.66";"8313.27";"138.55";"1237.52";"482.81";"47.81";"212.89";"9.71";"695.7";"57.52";"92.13";"6.22";"62.5";"7.97";"4.48";"1.49"
"Gustavo Garcia dos Santos";"Garcia";"47752";"2002-01-04";"RB";"Full Back";"98.56";"48.16";"20";"0";"0.62";"1.34";"28.52";"29.98";"8287.72";"138.13";"1455.89";"694.58";"61.55";"203.95";"11.21";"898.54";"72.76";"100.85";"7.23";"69.77";"13.08";"4.24";"1.31"
"Pablo Roberto dos Santos Barbosa";"Pablo Roberto";"53120";"1999-11-14";"RM";"Midfield";"80.86";"40.16";"5";"0";"0.64";"1.27";"29.62";"29.62";"9054.53";"150.91";"1795.07";"727.23";"64.54";"240.22";"11.95";"967.45";"76.49";"112.34";"5.68";"80.37";"12.25";"4.48";"0.6"
"Marcos Vinicios Lopes Moura";"Sorriso";"53219";"2001-02-23";"RW";"Wide Attacker";"85.89";"44.12";"19";"0";"0.61";"1.43";"29.32";"30.82";"9403.98";"156.73";"1941.86";"843.03";"76.23";"285.09";"14.32";"1128.11";"90.54";"107.08";"6.51";"71.58";"14.67";"4.58";"0.79"
"Nicolás González Iglesias";"Nico González";"53348";"2002-01-03";"LDM";"Midfield";"88.26";"47.29";"8";"0";"0.73";"1.79";"26.89";"27.6";"9616.97";"160.28";"2053.97";"586.92";"47.1";"107.68";"4.6";"694.59";"51.7";"96.42";"2.38";"73.74";"5.87";"1.59";"0.0"
"Vinícius Nelson de Souza Zanocelo";"Vinícius Zanocelo";"53519";"2001-01-30";"DM";"Midfield";"97.48";"52.4";"9";"0";"0.64";"2.15";"26.84";"27.9";"9773.95";"162.9";"2079.32";"570.34";"50.0";"85.49";"4.45";"655.83";"54.45";"105.72";"3.43";"80.15";"10.18";"1.53";"0.38"
"Vinícius Nelson de Souza Zanocelo";"Vinícius Zanocelo";"53519";"2001-01-30";"LM";"Midfield";"91.47";"48.56";"7";"0";"0.68";"null";"27.67";"28.34";"9145.28";"152.42";"1757.99";"650.13";"55.96";"184.29";"7.24";"834.42";"63.2";"107.68";"4.24";"79.79";"13.06";"3.0";"0.35"
"Vinícius Nelson de Souza Zanocelo";"Vinícius Zanocelo";"53519";"2001-01-30";"RM";"Midfield";"79.85";"43.12";"6";"0";"0.74";"1.63";"28.05";"28.28";"9592.35";"159.87";"2020.56";"743.8";"62.39";"178.35";"8.58";"922.15";"70.97";"115.27";"5.33";"83.73";"13.22";"3.02";"0.7"
"Paulo Victor de Almeida Barbosa";"Paulo Victor";"56498";"2001-04-13";"LB";"Full Back";"100.62";"47.16";"5";"0";"0.76";"1.4";"30.02";"30.02";"8170.04";"136.17";"1435.98";"659.08";"69.73";"288.32";"14.25";"947.4";"83.98";"114.26";"8.91";"78.63";"17.81";"6.62";"1.53"
"Paulo Victor de Almeida Barbosa";"Paulo Victor";"56498";"2001-04-13";"LWB";"Full Back";"94.86";"47.43";"9";"0";"0.62";"1.25";"29.56";"31.16";"8100.18";"135.0";"1431.79";"619.75";"60.58";"228.28";"11.81";"848.03";"72.39";"112.17";"8.01";"79.84";"19.4";"5.34";"1.55"
"José Vitor Lima Cardoso";"Zé Vitor";"57756";"2001-02-09";"LCB";"Central Defender";"97.69";"47.57";"24";"0";"0.66";"1.26";"29.38";"31.38";"7838.26";"130.64";"1099.31";"415.64";"42.1";"144.47";"7.67";"560.11";"49.77";"88.87";"4.94";"63.43";"7.94";"2.79";"1.26"
"Felix Bacher";"F. Bacher";"60108";"2000-10-25";"CB";"Central Defender";"98.14";"49.47";"10";"0";"0.65";"1.16";"29.82";"31.4";"8096.33";"134.94";"1260.93";"452.65";"48.27";"191.27";"10.43";"643.93";"58.7";"93.64";"5.58";"64.77";"8.61";"3.27";"1.58"
"Felix Bacher";"F. Bacher";"60108";"2000-10-25";"LCB";"Central Defender";"99.12";"52.47";"11";"0";"0.68";"1.34";"29.89";"30.84";"8396.43";"139.94";"1282.4";"485.79";"49.38";"197.62";"10.81";"683.41";"60.19";"96.58";"4.57";"71.63";"8.52";"2.6";"1.35"
"Ole Pohlmann";"O. Pohlmann";"60508";"2001-04-05";"AM";"Midfield";"74.73";"41.49";"7";"0";"0.71";"null";"28.09";"28.92";"9768.71";"162.81";"2020.64";"635.05";"54.95";"144.61";"6.2";"779.66";"61.15";"87.18";"1.86";"70.24";"8.88";"0.83";"0.0"
"Boris Popović";"B. Popović";"60571";"2000-02-26";"RCB";"Central Defender";"99.24";"50.32";"8";"0";"0.76";"1.5";"28.46";"29.7";"7795.3";"129.92";"1106.84";"362.49";"32.79";"108.51";"4.62";"471.0";"37.41";"85.85";"3.88";"62.3";"7.6";"1.34";"0.6"
"Nuno Gonçalo Rocha Moreira";"Nuno Moreira";"61215";"1999-06-16";"LF";"Wide Attacker";"85.81";"45.23";"13";"0";"0.77";"1.43";"28.22";"29.0";"9022.91";"150.38";"1914.13";"767.12";"68.06";"210.71";"11.53";"977.83";"79.59";"105.41";"5.41";"73.67";"11.53";"3.27";"0.41"
"Godfried Ayesu Owusu Frimpong";"G. Frimpong";"61373";"1999-04-21";"LB";"Full Back";"97.72";"49.94";"17";"0";"0.6";"1.24";"29.62";"30.7";"8440.82";"140.68";"1514.39";"701.97";"68.9";"255.12";"14.77";"957.08";"83.67";"107.14";"8.76";"75.26";"15.26";"6.5";"1.98"
"Rúben Ismael Valente Ramos";"Ismael";"61374";"1999-03-25";"RDM";"Midfield";"80.58";"42.92";"6";"0";"0.71";"1.5";"28.58";"28.9";"9796.03";"163.27";"2275.66";"731.14";"66.4";"180.8";"9.55";"911.94";"75.96";"120.69";"3.73";"86.91";"13.28";"1.86";"0.47"
"Roger  Fernandes";"Roger";"61581";"2005-11-21";"RW";"Wide Attacker";"90.44";"50.88";"10";"0";"0.57";"1.18";"29.86";"30.6";"9073.16";"151.22";"1752.78";"850.86";"84.19";"358.93";"20.05";"1209.79";"104.24";"105.77";"7.55";"69.1";"17.22";"5.66";"2.0"
"Roger  Fernandes";"Roger";"61581";"2005-11-21";"RWB";"Full Back";"82.78";"45.43";"6";"0";"0.69";"1.28";"29.18";"29.7";"9001.98";"150.03";"1855.47";"840.01";"71.98";"285.95";"13.87";"1125.96";"85.85";"115.13";"6.6";"73.74";"17.61";"4.4";"1.54"
"Tomás Romano Pereira dos Santos Händel";"Tomás Händel";"61681";"2000-11-27";"LDM";"Midfield";"91.86";"45.83";"13";"0";"0.66";"null";"26.47";"27.8";"9421.11";"157.02";"2215.57";"664.67";"53.98";"98.9";"4.83";"763.57";"58.81";"117.83";"4.33";"84.49";"10.57";"1.61";"0.0"
"Tomás Romano Pereira dos Santos Händel";"Tomás Händel";"61681";"2000-11-27";"LM";"Midfield";"91.55";"48.54";"8";"0";"0.66";"2.01";"25.89";"26.3";"9342.48";"155.71";"2115.59";"678.0";"55.16";"87.3";"4.33";"765.3";"59.49";"118.36";"4.94";"86.84";"9.73";"3.09";"0.31"
"Filipe Bem Relvas Vito Oliveira";"Filipe Relvas";"61685";"1999-09-20";"LCB";"Central Defender";"97.1";"47.9";"9";"0";"0.72";"1.49";"28.92";"29.92";"8510.05";"141.83";"1335.94";"497.05";"46.91";"165.08";"8.21";"662.12";"55.12";"96.18";"5.29";"66.12";"8.07";"2.09";"0.97"
"Ricardo Jorge Oliveira António";"Ricardinho";"61691";"1998-08-06";"RF";"Wide Attacker";"80.86";"38.22";"5";"0";"0.64";"1.29";"30.38";"30.38";"9778.25";"162.97";"1956.53";"954.56";"100.48";"399.72";"23.55";"1354.28";"124.03";"118.69";"7.54";"78.19";"15.07";"5.34";"2.2"
"Gabriel  Martínez Aguilera";"Gabri Martínez";"62147";"2003-01-22";"LW";"Wide Attacker";"80.82";"45.99";"5";"0";"0.67";"1.26";"30.56";"30.56";"8912.34";"148.54";"1667.72";"819.51";"84.27";"454.24";"20.61";"1273.75";"104.88";"105.93";"8.61";"71.23";"15.39";"6.52";"2.61"
"Gabriel  Martínez Aguilera";"Gabri Martínez";"62147";"2003-01-22";"LWB";"Full Back";"79.04";"43.96";"6";"0";"0.64";"1.16";"30.88";"31.14";"8640.05";"144.0";"1486.67";"787.01";"74.83";"370.76";"16.38";"1157.77";"91.21";"110.09";"7.73";"71.65";"15.24";"6.82";"3.18"
"Jean-Baptiste Gorby";"J. Gorby";"63449";"2002-07-25";"LDM";"Midfield";"82.02";"48.14";"6";"0";"0.67";"1.68";"26.08";"26.28";"9830.72";"163.85";"2079.82";"560.05";"47.36";"60.03";"2.7";"620.08";"50.06";"111.14";"3.32";"78.52";"8.72";"2.29";"0.21"
"Mirko Topić";"M. Topić";"64256";"2001-02-05";"LDM";"Midfield";"94.88";"47.59";"12";"0";"0.58";"1.51";"28.18";"29.12";"10187.86";"169.8";"2438.35";"870.08";"74.91";"226.0";"12.61";"1096.09";"87.52";"109.9";"4.2";"78.17";"10.19";"3.05";"0.53"
"Mirko Topić";"M. Topić";"64256";"2001-02-05";"LM";"Midfield";"93.02";"47.78";"5";"0";"0.76";"null";"27.62";"27.62";"10218.59";"170.31";"2460.78";"895.1";"72.83";"192.38";"10.55";"1087.48";"83.38";"106.74";"4.02";"83.38";"12.56";"2.26";"0.25"
"Álvaro Fernández Carreras";"Álvaro Carreras";"67581";"2003-03-23";"LB";"Full Back";"95.95";"51.98";"26";"0";"0.62";"1.23";"30.02";"31.26";"8373.32";"139.56";"1474.24";"772.73";"74.1";"350.07";"17.27";"1122.79";"91.37";"102.38";"8.92";"73.08";"14.83";"6.62";"2.44"
"Geny Cipriano Catamo";"Geny Catamo";"67818";"2001-01-26";"LWB";"Full Back";"89.94";"49.19";"5";"0";"0.63";"1.18";"30.16";"30.16";"8179.96";"136.33";"1532.26";"629.4";"62.21";"225.66";"10.73";"855.05";"72.94";"105.88";"9.27";"77.09";"14.39";"7.56";"2.44"
"Geny Cipriano Catamo";"Geny Catamo";"67818";"2001-01-26";"RWB";"Full Back";"85.08";"47.38";"7";"0";"0.6";"1.4";"28.14";"28.44";"8558.91";"142.65";"1670.64";"715.37";"64.95";"213.85";"11.76";"929.22";"76.71";"119.23";"9.05";"87.39";"16.83";"5.97";"1.99"
"João Pedro Goulart Silva";"João Goulart";"68367";"2000-01-27";"RCB";"Central Defender";"98.59";"50.19";"27";"0";"0.6";"1.24";"29.08";"31.26";"7918.37";"131.97";"1200.46";"388.18";"37.28";"124.85";"6.33";"513.03";"43.61";"90.32";"4.74";"63.66";"8.19";"2.83";"0.89"
"Demir Ege Tıknaz";"E. Tıknaz";"68972";"2004-08-17";"RDM";"Midfield";"88.75";"48.27";"7";"0";"0.71";"null";"26.21";"26.68";"9689.67";"161.49";"2093.7";"569.1";"47.41";"75.29";"3.73";"644.39";"51.14";"101.57";"2.31";"83.1";"10.65";"1.24";"0.0"
"Demir Ege Tıknaz";"E. Tıknaz";"68972";"2004-08-17";"RM";"Midfield";"79.19";"41.6";"6";"0";"0.7";"null";"28.45";"28.84";"9794.23";"163.24";"2101.92";"594.95";"48.56";"111.3";"5.29";"706.25";"53.85";"105.05";"2.16";"85.58";"8.89";"0.72";"0.0"
"Francisco Edgar Chissumba Rodrigues";"Francisco Chissumba";"69038";"2005-05-29";"LB";"Full Back";"96.72";"53.98";"15";"0";"0.6";"1.28";"29.0";"29.96";"8641.69";"144.03";"1559.45";"725.81";"68.18";"266.34";"13.64";"992.15";"81.81";"102.86";"6.52";"72.63";"13.64";"5.04";"2.15"
"André Luiz Inácio da Silva";"André Luiz";"70165";"2002-02-23";"RW";"Wide Attacker";"87.93";"46.25";"15";"0";"0.61";"1.15";"30.68";"32.3";"9180.36";"153.01";"1726.27";"822.62";"76.88";"334.25";"17.64";"1156.87";"94.53";"97.12";"6.49";"65.03";"14.18";"4.24";"1.82"
"Ignacio Rodríguez Elduayen";"I. Rodríguez";"73175";"2003-11-10";"RCB";"Central Defender";"93.05";"49.72";"12";"0";"0.73";"1.6";"28.88";"29.92";"8044.21";"134.07";"1127.52";"398.07";"37.31";"124.71";"6.03";"522.78";"43.35";"86.09";"3.72";"64.06";"7.54";"2.01";"0.6"
"Óscar Rivas Viondi";"Óscar Rivas";"92590";"2000-03-27";"RCB";"Central Defender";"95.32";"46.11";"6";"0";"0.71";"1.46";"29.08";"29.34";"8567.48";"142.79";"1482.2";"557.32";"57.03";"220.54";"11.93";"777.86";"68.96";"96.5";"5.42";"63.54";"10.63";"3.9";"1.73"
"Alan de Souza Guimarães";"Alan";"95613";"2000-03-08";"AM";"Midfield";"85.14";"43.46";"11";"0";"0.68";"1.56";"26.66";"27.36";"8974.52";"149.58";"1854.1";"645.65";"54.35";"100.66";"4.39";"746.31";"58.74";"99.03";"5.02";"77.94";"8.03";"3.89";"0.75"
"Dinis Lourenço Casals Namura Borges Pinto";"Dinis Pinto";"96064";"2000-08-24";"RB";"Full Back";"94.15";"49.77";"13";"0";"0.6";"1.14";"30.07";"30.84";"8669.84";"144.5";"1589.0";"747.76";"69.55";"278.46";"14.09";"1026.23";"83.64";"106.64";"6.68";"73.63";"14.74";"3.8";"1.39"
"Iván Fresneda Corraliza";"Iván Fresneda";"97322";"2004-09-28";"RB";"Full Back";"99.32";"53.89";"5";"0";"0.64";"1.33";"28.82";"28.82";"9204.97";"153.42";"1878.49";"848.62";"79.27";"269.66";"15.14";"1118.28";"94.41";"110.67";"7.57";"76.82";"15.59";"6.01";"1.78"
"Jorge Aguirre de Céspedes";"Jorge Aguirre";"99014";"2000-01-05";"CF";"Center Forward";"75.49";"42.0";"14";"0";"0.63";"1.23";"28.23";"29.34";"8559.92";"142.67";"1477.77";"581.91";"58.57";"156.42";"8.78";"738.33";"67.34";"98.87";"7.65";"72.14";"12.55";"5.51";"1.43"
"João Miguel Teixeira Mendes";"João Mendes";"103498";"2000-04-13";"LB";"Full Back";"97.85";"48.96";"30";"0";"0.66";"1.21";"29.43";"31.4";"8763.86";"146.06";"1576.61";"724.62";"69.2";"283.02";"15.11";"1007.63";"84.32";"102.01";"5.76";"68.67";"14.95";"4.17";"1.84"
"Miguel Ângelo Gomes Ferreira Magalhães";"Maga";"107651";"2002-11-16";"RB";"Full Back";"94.57";"48.44";"13";"0";"0.59";"1.28";"28.55";"29.4";"8714.37";"145.24";"1625.74";"771.33";"72.41";"264.0";"14.86";"1035.34";"87.27";"108.14";"7.53";"72.79";"17.72";"5.34";"2.19"
"Morlaye Sylla";"M. Sylla";"116577";"1998-07-27";"AM";"Midfield";"84.22";"44.35";"7";"0";"0.69";"1.51";"26.83";"27.32";"9342.14";"155.7";"1841.64";"530.08";"48.51";"86.96";"4.44";"617.04";"52.95";"93.15";"4.25";"72.08";"8.7";"2.71";"0.19"
"Morlaye Sylla";"M. Sylla";"116577";"1998-07-27";"LW";"Wide Attacker";"87.31";"42.95";"15";"0";"0.63";"1.3";"28.92";"30.42";"8709.2";"145.15";"1527.08";"606.38";"58.3";"161.4";"9.13";"767.78";"67.43";"101.89";"6.61";"67.43";"12.76";"4.47";"1.12"
"Václav Sejk";"V. Sejk";"116942";"2002-05-18";"CF";"Center Forward";"84.94";"45.84";"9";"0";"0.71";"1.21";"29.84";"30.28";"9141.86";"152.36";"1700.75";"896.55";"89.0";"325.17";"19.34";"1221.72";"108.34";"106.89";"8.0";"75.62";"18.47";"5.67";"2.18"
"Rodrigo Duarte Ribeiro";"Rodrigo Ribeiro";"127333";"2005-04-28";"CF";"Center Forward";"89.83";"44.9";"5";"0";"0.65";"1.29";"29.88";"29.88";"8905.12";"148.42";"1669.84";"804.19";"82.58";"309.22";"18.71";"1113.41";"101.29";"105.3";"9.09";"79.91";"14.43";"6.41";"2.14"
"John Anthony Mercado Cuero";"J. Mercado";"141743";"2002-06-03";"LF";"Wide Attacker";"91.58";"47.89";"5";"0";"0.62";"1.11";"31.22";"31.22";"8379.62";"139.66";"1435.94";"707.07";"78.93";"325.72";"18.79";"1032.8";"97.72";"95.46";"9.52";"68.15";"15.28";"7.52";"2.51"
"John Anthony Mercado Cuero";"J. Mercado";"141743";"2002-06-03";"LW";"Wide Attacker";"92.07";"45.76";"9";"0";"0.62";"1.14";"30.64";"31.72";"8223.26";"137.05";"1405.44";"770.33";"76.78";"399.37";"18.5";"1169.69";"95.29";"95.73";"8.6";"65.86";"14.42";"6.41";"2.91"
"John Anthony Mercado Cuero";"J. Mercado";"141743";"2002-06-03";"RW";"Wide Attacker";"86.74";"46.25";"6";"0";"0.57";"1.07";"30.63";"30.94";"8257.23";"137.62";"1391.05";"682.55";"73.29";"331.66";"14.49";"1014.21";"87.78";"91.02";"8.22";"62.05";"13.4";"6.7";"2.81"
"Clayton Fernandes Silva";"Clayton";"145071";"1999-01-11";"CF";"Center Forward";"96.07";"50.41";"28";"0";"0.61";"1.21";"29.19";"30.66";"8118.86";"135.31";"1273.65";"616.61";"61.59";"214.82";"12.37";"831.43";"73.96";"85.35";"5.57";"63.93";"10.67";"3.74";"1.06"
"Pedro Miguel Costa Álvaro";"Pedro Álvaro";"146952";"2000-03-02";"CB";"Central Defender";"93.61";"50.11";"11";"0";"0.69";"1.32";"29.04";"30.16";"7990.71";"133.18";"1195.32";"397.21";"40.17";"128.88";"6.53";"526.09";"46.7";"84.91";"3.81";"60.2";"7.18";"1.85";"0.54"
"Pedro Miguel Costa Álvaro";"Pedro Álvaro";"146952";"2000-03-02";"LCB";"Central Defender";"82.88";"42.7";"7";"0";"0.75";"1.43";"29.9";"30.78";"8262.76";"137.71";"1259.29";"447.87";"41.35";"145.74";"5.22";"593.61";"46.57";"91.34";"3.61";"66.25";"7.83";"1.41";"0.4"
"Pedro Miguel Costa Álvaro";"Pedro Álvaro";"146952";"2000-03-02";"RCB";"Central Defender";"97.67";"52.29";"10";"0";"0.64";"1.25";"28.5";"29.36";"8173.72";"136.23";"1170.74";"376.71";"36.95";"99.71";"5.51";"476.42";"42.46";"93.06";"4.02";"67.7";"6.43";"2.18";"0.92"
"António João Pereira Albuquerque Tavares Silva";"António Silva";"154056";"2003-10-30";"RCB";"Central Defender";"98.18";"51.96";"17";"0";"0.71";"1.49";"28.75";"29.98";"7965.58";"132.76";"1135.81";"410.98";"36.95";"127.98";"5.91";"538.96";"42.86";"79.48";"3.6";"58.69";"6.39";"2.04";"0.61"
"Miguel Pedro Miranda Oliveira Menino";"Miguel Menino";"154066";"2003-01-10";"RM";"Midfield";"85.6";"40.62";"13";"0";"0.7";"1.41";"28.25";"29.52";"9559.66";"159.33";"2146.73";"731.86";"64.54";"191.69";"9.54";"923.55";"74.08";"117.03";"3.98";"87.15";"10.0";"2.61";"0.45"
"Chico Faria Camara Lamba";"Chico Lamba";"154068";"2003-03-10";"RCB";"Central Defender";"99.25";"49.6";"22";"0";"0.64";"1.24";"29.36";"31.4";"7973.53";"132.89";"1190.73";"416.65";"41.35";"130.14";"7.59";"546.79";"48.93";"91.71";"4.23";"64.49";"8.14";"2.58";"0.82"
"Diogo Martins Travassos";"Diogo Travassos";"154071";"2004-03-31";"RB";"Full Back";"100.33";"44.95";"6";"0";"0.66";"1.2";"31.32";"31.96";"8698.42";"144.97";"1518.45";"832.09";"83.21";"372.44";"19.8";"1204.52";"103.01";"110.13";"7.56";"72.53";"17.35";"5.78";"2.45"
"Diogo Martins Travassos";"Diogo Travassos";"154071";"2004-03-31";"RWB";"Full Back";"99.26";"48.04";"11";"0";"0.58";"1.13";"30.57";"32.08";"8522.71";"142.05";"1561.95";"724.43";"71.76";"267.97";"14.99";"992.4";"86.75";"112.52";"9.88";"76.3";"19.3";"7.83";"3.07"
"Ousmane Diomandé";"O. Diomandé";"154083";"2003-12-04";"CB";"Central Defender";"97.03";"51.65";"18";"0";"0.68";"1.31";"28.81";"30.22";"7407.75";"123.46";"842.95";"287.46";"28.98";"92.87";"4.78";"380.33";"33.75";"78.42";"3.29";"56.99";"6.0";"2.07";"0.71"
"Ousmane Diomandé";"O. Diomandé";"154083";"2003-12-04";"RCB";"Central Defender";"97.98";"51.26";"8";"0";"0.71";"null";"28.27";"29.62";"7552.48";"125.87";"959.7";"311.51";"29.7";"82.38";"4.54";"393.89";"34.24";"84.28";"3.07";"61.31";"6.44";"1.61";"0.29"
"Sandro Plínio Rosa da Cruz";"Sandro Cruz";"156120";"2001-05-12";"LB";"Full Back";"94.18";"49.95";"21";"0";"0.62";"1.16";"30.62";"31.72";"8299.5";"138.32";"1386.19";"674.85";"66.81";"306.99";"14.47";"981.84";"81.28";"107.08";"8.07";"74.42";"15.79";"5.83";"1.89"
"Rodrigo Pinheiro Ferreira";"Rodrigo Pinheiro";"156790";"2002-08-28";"RB";"Full Back";"97.73";"49.87";"17";"0";"0.65";"1.26";"29.91";"31.18";"8735.79";"145.6";"1525.46";"731.48";"70.49";"320.05";"16.0";"1051.53";"86.49";"105.6";"6.37";"73.82";"15.43";"4.81";"1.77"
"José Pedro da Silva Figueiredo Freitas";"Zé Pedro";"156791";"1997-06-06";"RCB";"Central Defender";"99.07";"51.37";"14";"0";"0.61";"1.17";"29.49";"31.14";"8106.44";"135.11";"1296.97";"475.12";"47.97";"178.87";"10.51";"653.99";"58.48";"96.78";"5.34";"70.5";"10.09";"3.92";"1.33"
"José Carlos Natário Ferreira";"Zé Carlos";"156886";"2001-10-30";"RM";"Midfield";"92.13";"47.22";"5";"0";"0.72";"1.78";"26.72";"26.72";"9720.53";"162.01";"2216.87";"712.53";"57.68";"127.82";"8.13";"840.35";"65.81";"114.86";"4.07";"85.64";"14.74";"2.8";"0.25"
"Renato Pantalon";"R. Pantalon";"156910";"1997-10-27";"RCB";"Central Defender";"96.95";"47.09";"13";"0";"0.65";"1.36";"28.96";"30.24";"8299.09";"138.32";"1306.76";"533.03";"53.8";"201.0";"11.27";"734.03";"65.07";"95.55";"5.78";"67.52";"9.9";"3.43";"1.57"
"Henrique Martins Pereira";"Henrique Pereira";"157283";"2002-02-15";"LF";"Wide Attacker";"72.94";"38.81";"5";"0";"0.6";"1.29";"30.82";"30.82";"9113.79";"151.9";"1646.93";"869.85";"88.13";"387.15";"21.65";"1257.0";"109.77";"102.04";"9.59";"71.74";"14.84";"6.8";"2.47"
"Leonardo Filipe Cruz Lelo";"Leonardo Lelo";"157298";"2000-03-30";"LWB";"Full Back";"97.1";"50.01";"28";"0";"0.6";"1.19";"28.42";"29.88";"8630.98";"143.85";"1535.2";"719.65";"64.41";"228.91";"12.08";"948.56";"76.49";"104.13";"6.17";"73.45";"13.33";"4.8";"1.71"
"Nermin Zolotić";"N. Zolotić";"157304";"1993-07-07";"LCB";"Central Defender";"97.91";"49.78";"7";"0";"0.91";"null";"27.66";"28.06";"7980.37";"133.01";"1204.3";"379.68";"32.89";"76.28";"4.65";"455.96";"37.54";"90.4";"3.27";"62.85";"7.4";"0.86";"0.0"
"Andrian Kraev";"A. Kraev";"163241";"1999-02-14";"LM";"Midfield";"82.58";"42.69";"6";"0";"0.73";"1.73";"27.4";"27.66";"9130.23";"152.17";"1623.16";"544.57";"50.59";"165.13";"9.13";"709.69";"59.73";"104.93";"2.58";"76.12";"10.54";"1.87";"0.47"
"Andrian Kraev";"A. Kraev";"163241";"1999-02-14";"RM";"Midfield";"88.17";"44.96";"12";"0";"0.71";"null";"27.29";"28.3";"8882.23";"148.04";"1519.31";"467.4";"43.59";"112.1";"4.34";"579.5";"47.93";"103.65";"2.67";"77.18";"10.34";"0.89";"0.11"
"Enea Mihaj";"E. Mihaj";"163335";"1998-07-05";"LCB";"Central Defender";"93.62";"47.05";"5";"0";"0.73";"1.59";"28.22";"28.22";"8145.46";"135.76";"1200.26";"413.69";"36.47";"125.23";"5.36";"538.92";"41.83";"96.15";"4.59";"70.9";"8.42";"2.81";"1.02"
"Enea Mihaj";"E. Mihaj";"163335";"1998-07-05";"RCB";"Central Defender";"98.36";"51.3";"21";"0";"0.7";"1.41";"28.75";"30.72";"8124.46";"135.41";"1199.46";"388.33";"37.03";"120.85";"5.96";"509.18";"42.99";"88.49";"4.4";"66.22";"7.91";"1.67";"0.61"
"Martim Moreira Moutinho Fernandes";"Martim Fernandes";"166784";"2006-01-18";"RB";"Full Back";"89.64";"48.14";"12";"0";"0.58";"1.23";"30.51";"31.98";"8635.47";"143.92";"1462.06";"622.07";"64.09";"284.91";"14.13";"906.99";"78.21";"92.86";"5.92";"65.54";"13.19";"3.84";"1.66"
"Matheus Dos Santos Dias";"Matheus Dias";"169273";"2002-05-09";"DM";"Midfield";"95.56";"48.49";"6";"0";"0.65";"null";"27.72";"28.02";"8997.32";"149.96";"1664.31";"520.88";"44.95";"103.72";"5.36";"624.61";"50.32";"98.36";"3.3";"73.0";"8.66";"2.06";"0.41"
"Matheus Nunes Fagundes de Araújo";"MT";"171805";"2001-03-01";"LCB";"Central Defender";"99.89";"48.96";"18";"0";"0.69";"1.39";"27.42";"28.92";"8282.89";"138.05";"1260.6";"353.99";"31.59";"75.1";"4.02";"429.1";"35.61";"88.79";"4.29";"67.14";"6.88";"2.18";"0.54"
"Matheus Nunes Fagundes de Araújo";"MT";"171805";"2001-03-01";"LWB";"Full Back";"98.89";"48.99";"11";"0";"0.72";"1.42";"27.68";"28.8";"8180.33";"136.34";"1363.67";"526.07";"49.99";"120.91";"7.01";"646.98";"57.01";"96.75";"5.57";"68.14";"12.25";"2.78";"0.56"
"Roman Mory Diaman Gbane";"M. Gbane";"172435";"2000-12-25";"DM";"Midfield";"91.55";"49.13";"6";"0";"0.7";"1.45";"28.12";"28.52";"9320.76";"155.35";"1966.89";"605.09";"58.21";"138.6";"7.94";"743.69";"66.15";"110.31";"5.5";"84.26";"11.6";"3.46";"1.02"
"Alberto Oliveira Baio";"Alberto Costa";"174243";"2003-09-29";"RB";"Full Back";"100.61";"48.75";"7";"0";"0.64";"1.29";"31.1";"31.62";"9054.41";"150.91";"1617.25";"956.92";"91.95";"449.71";"25.32";"1406.63";"117.26";"118.85";"9.85";"76.48";"19.34";"6.86";"2.46"
"Matheus Pereira de Souza";"Matheus Pereira";"175756";"2000-12-21";"LWB";"Full Back";"92.38";"45.86";"17";"0";"0.61";"1.27";"30.09";"32.36";"9019.55";"150.33";"1634.78";"674.37";"64.03";"255.03";"13.24";"929.4";"77.26";"104.28";"6.23";"76.49";"12.62";"4.39";"1.54"
"Danilo Filipe De Melo Veiga";"Danilo Veiga";"178586";"2002-09-25";"RB";"Full Back";"97.92";"49.9";"5";"0";"0.74";"1.74";"28.46";"28.46";"8680.64";"144.68";"1617.47";"609.38";"61.56";"202.0";"12.99";"811.38";"74.55";"106.53";"5.77";"77.43";"15.15";"3.61";"1.2"
"Danilo Filipe De Melo Veiga";"Danilo Veiga";"178586";"2002-09-25";"RWB";"Full Back";"94.91";"46.86";"8";"0";"0.72";"1.47";"29.4";"29.7";"8636.73";"143.95";"1546.86";"771.51";"70.75";"273.23";"13.93";"1044.74";"84.67";"116.21";"7.04";"79.71";"16.65";"5.6";"1.12"
"Pedro Injai Gomes";"Pedro Gomes";"180050";"2003-06-04";"RB";"Full Back";"85.36";"43.49";"12";"0";"0.72";"1.41";"28.88";"30.46";"8544.4";"142.41";"1433.61";"637.94";"60.36";"191.65";"10.46";"829.58";"70.82";"112.9";"5.98";"78.29";"16.1";"4.25";"1.84"
"Augusto Julio Dabó";"Augusto Dabó";"180051";"2004-03-13";"LB";"Full Back";"75.68";"38.76";"6";"0";"0.73";"1.75";"27.48";"27.74";"8299.81";"138.33";"1468.74";"610.15";"58.82";"154.54";"9.03";"764.68";"67.85";"105.52";"6.71";"76.88";"13.67";"5.16";"0.77"
"Gustavo Filipe Alves Freitas Azevedo Sá";"Gustavo Sá";"182823";"2004-11-11";"AM";"Midfield";"85.37";"43.81";"21";"0";"0.61";"1.26";"27.44";"29.54";"9108.67";"151.81";"1750.73";"616.51";"55.17";"123.45";"6.33";"739.95";"61.49";"92.93";"4.76";"68.34";"9.33";"3.33";"0.85"
"Gustavo Filipe Alves Freitas Azevedo Sá";"Gustavo Sá";"182823";"2004-11-11";"CF";"Center Forward";"83.39";"43.96";"7";"0";"0.67";"1.57";"27.73";"28.56";"8926.29";"148.77";"1612.22";"590.25";"56.94";"154.05";"7.41";"744.3";"64.35";"94.57";"6.24";"68.25";"12.28";"3.51";"1.36"
"Derick Theodoro  Santos Poloni";"Derick Poloni";"183195";"1993-09-01";"LWB";"Full Back";"90.01";"44.52";"12";"0";"0.63";"1.16";"30.78";"32.06";"8299.67";"138.33";"1378.88";"703.98";"69.63";"335.48";"17.3";"1039.47";"86.93";"103.67";"8.2";"75.92";"12.02";"6.06";"2.58"
"Kaio César Andrade Lima";"Kaio César";"183899";"2004-02-15";"RW";"Wide Attacker";"87.92";"43.75";"12";"0";"0.68";"1.29";"28.84";"29.82";"9012.0";"150.2";"1893.26";"941.32";"86.63";"276.93";"17.03";"1218.25";"103.66";"118.86";"9.94";"76.92";"21.72";"7.31";"1.94"
"Sopuruchukwu Bruno Onyemaechi";"B. Onyemaechi";"203392";"1999-04-03";"LCB";"Central Defender";"100.13";"50.72";"6";"0";"0.61";"1.24";"30.65";"31.2";"8060.18";"134.34";"1204.01";"503.13";"51.46";"230.08";"12.42";"733.21";"63.88";"91.68";"5.72";"70.19";"7.89";"4.53";"2.56"
"Sopuruchukwu Bruno Onyemaechi";"B. Onyemaechi";"203392";"1999-04-03";"LW";"Wide Attacker";"96.92";"51.28";"5";"0";"0.63";"1.29";"31.0";"31.0";"8766.59";"146.11";"1641.23";"762.59";"84.71";"356.14";"19.42";"1118.73";"104.13";"113.25";"8.19";"76.75";"15.21";"7.02";"2.81"
"Andreas Ntoi";"A. Ntoi";"233303";"2003-02-02";"RCB";"Central Defender";"97.34";"50.87";"11";"0";"0.8";"1.6";"28.34";"29.44";"7750.71";"129.18";"1067.33";"378.61";"35.17";"117.63";"6.0";"496.24";"41.17";"78.92";"3.32";"57.9";"5.68";"1.39";"0.43"
"David Samuel Custódio Lima";"Pastor";"238261";"2000-02-20";"RB";"Full Back";"97.52";"44.43";"5";"0";"0.67";"1.44";"30.62";"30.62";"8391.27";"139.85";"1453.5";"747.82";"74.0";"379.98";"19.17";"1127.8";"93.17";"116.13";"9.72";"82.1";"17.28";"8.1";"2.97"
"David Samuel Custódio Lima";"Pastor";"238261";"2000-02-20";"RWB";"Full Back";"96.91";"47.17";"21";"0";"0.59";"1.16";"30.72";"31.74";"8228.0";"137.13";"1406.75";"702.8";"72.81";"369.66";"18.53";"1072.46";"91.34";"108.6";"9.02";"77.59";"17.63";"6.84";"2.79"
"Manuel Keliano";"Manuel Keliano";"247987";"2003-01-16";"RM";"Midfield";"82.38";"44.47";"5";"0";"0.66";"1.71";"27.98";"27.98";"9256.49";"154.27";"1790.42";"607.42";"52.89";"145.72";"7.29";"753.14";"60.18";"107.4";"4.86";"80.14";"14.84";"3.78";"0.81"
"Taichi Fukui";"T. Fukui";"254546";"2004-07-15";"RDM";"Midfield";"90.46";"44.56";"11";"0";"0.68";"1.81";"27.91";"29.22";"9127.24";"152.12";"1953.43";"608.83";"50.06";"137.46";"5.75";"746.29";"55.82";"99.76";"2.94";"71.85";"8.69";"1.1";"0.12"
"Taichi Fukui";"T. Fukui";"254546";"2004-07-15";"RM";"Midfield";"95.99";"50.18";"6";"0";"0.78";"null";"27.08";"27.32";"8941.81";"149.03";"1882.31";"523.54";"45.64";"110.41";"4.38";"633.95";"50.02";"100.04";"2.59";"73.94";"8.77";"1.4";"0.2"
"Michel Costa da Silva";"Michel Costa";"333143";"2001-12-20";"RM";"Midfield";"73.34";"40.12";"5";"0";"0.74";"1.34";"27.88";"27.88";"9096.15";"151.6";"1629.68";"702.83";"66.4";"200.08";"10.17";"902.92";"76.56";"102.28";"6.28";"72.97";"17.05";"5.08";"1.2"
"Benedito Mambuene Mukendi";"Beni";"486521";"2002-05-21";"LM";"Midfield";"88.06";"47.5";"5";"0";"0.71";"1.42";"26.1";"26.1";"9353.94";"155.9";"1993.77";"416.08";"37.64";"66.69";"4.04";"482.78";"41.68";"108.13";"3.28";"80.59";"8.34";"2.02";"0.76"
"Luís Carlos Rocha Rodrigues";"Luís Rocha";"486533";"1986-08-13";"CB";"Central Defender";"98.12";"48.7";"28";"0";"0.71";"1.53";"27.87";"30.44";"7764.79";"129.41";"975.52";"294.56";"28.25";"78.55";"4.09";"373.11";"32.34";"86.03";"3.56";"60.81";"6.82";"1.58";"0.31"
"Amine El Ouazzani";"A. El Ouazzani";"487370";"2001-07-15";"CF";"Center Forward";"81.52";"44.95";"14";"0";"0.71";"1.51";"29.28";"30.9";"9190.56";"153.18";"1598.76";"743.65";"73.99";"264.12";"15.83";"1007.77";"89.82";"88.1";"4.86";"64.46";"10.97";"3.34";"0.95"
"Pedro Carvalho Santos";"Pedro Santos";"520864";"2000-10-12";"RDM";"Midfield";"89.69";"43.2";"8";"0";"0.85";"null";"28.38";"29.06";"9120.41";"152.01";"1849.22";"614.61";"52.95";"169.8";"8.51";"784.41";"61.46";"100.18";"2.95";"70.84";"9.38";"0.87";"0.0"
"Tidjany Chabrol Touré";"T. Touré";"539147";"2002-07-15";"RW";"Wide Attacker";"65.85";"36.9";"5";"0";"0.71";"1.42";"27.64";"27.64";"8729.89";"145.5";"1668.77";"666.4";"60.82";"155.79";"8.13";"822.19";"68.95";"106.03";"4.55";"73.5";"13.01";"2.93";"1.3"
"Isaac Aguiar Tomich";"Isaac";"629474";"2004-03-26";"CF";"Center Forward";"79.94";"39.56";"7";"0";"0.64";"1.3";"28.03";"28.7";"8641.17";"144.02";"1516.79";"700.54";"67.17";"185.48";"9.97";"886.02";"77.14";"93.17";"5.63";"68.04";"11.27";"4.12";"1.3"
"Geovany Tcherno Quenda";"Geovany Quenda";"663365";"2007-04-30";"LW";"Wide Attacker";"90.56";"48.62";"9";"0";"0.69";"1.24";"29.61";"30.12";"8688.15";"144.8";"1742.07";"819.48";"75.96";"263.24";"12.61";"1082.73";"88.57";"107.22";"6.99";"72.39";"14.4";"5.76";"1.78"
"Geovany Tcherno Quenda";"Geovany Quenda";"663365";"2007-04-30";"RWB";"Full Back";"82.76";"45.81";"11";"0";"0.63";"1.2";"29.62";"30.96";"8299.11";"138.32";"1565.85";"697.85";"61.08";"245.52";"12.26";"943.37";"73.35";"98.71";"6.19";"70.01";"12.74";"4.05";"1.31"
"Mathias De Amorim";"M. De Amorim";"733174";"2004-12-10";"LDM";"Midfield";"75.23";"40.26";"6";"0";"0.78";"null";"26.98";"27.3";"10200.87";"170.01";"2549.53";"893.73";"71.29";"137.61";"6.71";"1031.34";"78.0";"109.05";"3.23";"77.25";"10.43";"1.49";"0.25"
"Samuel Omorodion Aghehowa";"Samu Omorodion";"733366";"2004-05-05";"CF";"Center Forward";"94.88";"50.14";"23";"0";"0.55";"1.07";"31.1";"32.34";"7833.26";"130.55";"1103.76";"632.27";"71.75";"341.11";"18.52";"973.38";"90.27";"85.38";"7.91";"60.51";"13.58";"6.5";"3.17"
"Rodrigo Mora Carvalho";"Rodrigo Mora";"735644";"2007-05-05";"AM";"Midfield";"80.74";"43.38";"9";"0";"0.7";"1.65";"29.04";"29.86";"9241.91";"154.03";"1740.83";"732.63";"62.55";"207.63";"10.3";"940.27";"72.85";"93.14";"3.53";"73.46";"11.22";"1.54";"0.15"
"Sidney Alexssander Pena De Lima";"Sidney Lima";"735655";"1997-01-17";"RCB";"Central Defender";"98.22";"48.71";"25";"0";"0.65";"1.35";"28.89";"31.02";"7951.38";"132.52";"1168.75";"394.26";"36.12";"130.27";"6.31";"524.53";"42.42";"87.26";"4.63";"63.95";"8.13";"2.27";"0.69"
"Sérgio Miguel Lobo Araújo";"Serginho";"735656";"1999-12-01";"RM";"Midfield";"76.53";"38.69";"11";"0";"0.65";"1.95";"26.78";"27.96";"9911.49";"165.19";"2290.36";"623.17";"54.42";"122.66";"5.64";"745.83";"60.06";"102.5";"2.54";"82.62";"9.16";"1.27";"0.28"
"Vasco Rafael Fortes Lopes";"Vasco Lopes";"735693";"1999-09-02";"RW";"Wide Attacker";"75.84";"41.68";"6";"0";"0.79";"1.87";"28.33";"28.76";"8132.03";"135.53";"1429.35";"646.3";"59.5";"195.04";"9.36";"841.34";"68.85";"97.4";"5.04";"67.89";"15.59";"2.88";"0.96"
"José Manuel Mendes Gomes ";"José Gomes";"774053";"1996-07-20";"LB";"Full Back";"96.0";"47.08";"16";"0";"0.6";"1.13";"30.13";"32.2";"8791.96";"146.53";"1649.3";"750.46";"68.42";"281.96";"14.34";"1032.42";"82.76";"100.44";"6.29";"68.9";"12.98";"3.9";"1.75"
"Wagner Fabrício  Cardoso de Pina";"Wagner Pina";"792223";"2002-11-03";"RB";"Full Back";"91.09";"48.5";"7";"0";"0.65";"1.24";"31.3";"31.88";"8637.14";"143.95";"1519.85";"801.2";"76.0";"388.67";"19.44";"1189.87";"95.44";"104.81";"7.07";"71.05";"16.08";"6.01";"2.83"
"Wagner Fabrício  Cardoso de Pina";"Wagner Pina";"792223";"2002-11-03";"RWB";"Full Back";"91.1";"47.95";"17";"0";"0.55";"1.07";"30.49";"32.02";"8921.76";"148.7";"1773.58";"916.15";"84.34";"405.53";"20.02";"1321.68";"104.36";"111.8";"9.13";"76.91";"16.41";"6.92";"2.72"
"Paulo Daniel Valente Moreira";"Paulo Moreira";"799030";"2000-02-17";"RM";"Midfield";"80.64";"40.05";"8";"0";"0.63";"1.49";"27.01";"27.76";"9720.34";"162.01";"2355.93";"952.15";"80.14";"172.08";"11.23";"1124.23";"91.38";"130.14";"7.3";"93.25";"18.91";"3.74";"0.94"
"Luís Miguel Nlavo Asué";"Luís Asué";"808685";"2001-07-09";"CF";"Center Forward";"85.17";"42.45";"6";"0";"0.72";"1.27";"29.1";"29.7";"7924.66";"132.08";"1347.79";"694.75";"68.32";"224.28";"12.25";"919.02";"80.57";"98.0";"7.07";"70.2";"15.78";"6.36";"2.36"
"Tiago Gabriel Coelho Oliveira";"Tiago Gabriel";"809343";"2004-12-26";"RCB";"Central Defender";"99.69";"47.85";"9";"0";"0.74";"null";"29.26";"30.52";"7974.42";"132.91";"1190.48";"375.79";"36.37";"96.98";"4.18";"472.76";"40.55";"82.63";"3.34";"58.38";"7.11";"1.25";"0.0"
"André Filipe Ferreira Lacximicant";"André Lacximicant";"809976";"2001-05-19";"CF";"Center Forward";"67.91";"38.28";"8";"0";"0.65";"1.24";"30.48";"31.3";"9143.13";"152.39";"1480.91";"693.82";"74.46";"350.14";"16.85";"1043.97";"91.31";"97.58";"4.11";"69.17";"9.6";"3.14";"1.37"
"Fabrício Garcia Andrade";"Fabrício Garcia";"812124";"2001-05-04";"LF";"Wide Attacker";"73.27";"40.52";"5";"0";"0.67";"1.32";"31.4";"31.4";"8147.01";"135.78";"1217.37";"591.96";"62.78";"294.94";"13.62";"886.9";"76.4";"93.58";"5.92";"63.96";"10.96";"4.15";"2.07"
"Fabrício Garcia Andrade";"Fabrício Garcia";"812124";"2001-05-04";"LWB";"Full Back";"73.26";"38.92";"6";"0";"0.7";"1.4";"32.98";"33.78";"7890.19";"131.5";"1198.97";"669.64";"73.23";"402.14";"19.01";"1071.78";"92.25";"103.55";"6.68";"67.07";"16.19";"4.11";"2.57"
"João Pedro Augusto Mourão Costa";"João Costa";"850886";"2000-03-07";"CF";"Center Forward";"73.82";"37.73";"8";"0";"0.68";"1.45";"28.56";"29.2";"9991.83";"166.53";"2011.29";"853.49";"82.29";"271.71";"16.7";"1125.2";"98.98";"103.75";"5.57";"75.73";"12.72";"3.78";"1.39"
"Mohamed Bamba";"M. Bamba";"906340";"2004-10-08";"RDM";"Midfield";"93.5";"49.08";"6";"0";"0.77";"null";"26.38";"26.6";"9350.83";"155.85";"1957.49";"504.65";"44.82";"62.95";"3.87";"567.61";"48.69";"112.26";"3.87";"82.31";"9.98";"1.83";"0.81"
"Sidoine Chounkwi Fogning";"S. Chounkwi Fogning";"999697";"2001-11-11";"LCB";"Central Defender";"99.25";"48.81";"11";"0";"0.72";"1.34";"30.66";"32.0";"8016.94";"133.62";"1106.39";"444.01";"47.27";"199.82";"10.17";"643.83";"57.44";"93.43";"5.25";"64.48";"10.28";"3.35";"1.12"
